altitude_m,pressure_Pa,temperature_K,density_kg_m3,speed_of_sound_m_s,wind_north_m_s,wind_east_m_s,wind_down_m_s
0.000,100904.820312,299.5860,1.172375082970e+00,347.0446,3.5355,3.5355,0.0000
1.000,100893.390625,299.5800,1.172265529633e+00,347.0411,3.5531,3.5531,0.0000
1.001,100893.281250,299.5800,1.172264456749e+00,347.0411,3.5531,3.5531,0.0000
1.003,100893.281250,299.5800,1.172264456749e+00,347.0411,3.5532,3.5532,0.0000
1.004,100893.281250,299.5800,1.172264456749e+00,347.0411,3.5532,3.5532,0.0000
1.006,100893.234375,299.5799,1.172263979912e+00,347.0411,3.5532,3.5532,0.0000
1.007,100893.234375,299.5799,1.172263979912e+00,347.0411,3.5532,3.5532,0.0000
1.008,100893.234375,299.5799,1.172263979912e+00,347.0411,3.5533,3.5533,0.0000
1.010,100893.187500,299.5799,1.172263622284e+00,347.0411,3.5533,3.5533,0.0000
1.011,100893.187500,299.5799,1.172263622284e+00,347.0411,3.5533,3.5533,0.0000
1.013,100893.187500,299.5799,1.172263622284e+00,347.0411,3.5533,3.5533,0.0000
1.014,100893.148438,299.5799,1.172263145447e+00,347.0411,3.5534,3.5534,0.0000
1.015,100893.148438,299.5799,1.172263145447e+00,347.0411,3.5534,3.5534,0.0000
1.017,100893.148438,299.5799,1.172263145447e+00,347.0411,3.5534,3.5534,0.0000
1.018,100893.148438,299.5799,1.172263145447e+00,347.0411,3.5534,3.5534,0.0000
1.020,100893.148438,299.5799,1.172263145447e+00,347.0411,3.5535,3.5535,0.0000
1.021,100893.046875,299.5798,1.172262310982e+00,347.0410,3.5535,3.5535,0.0000
1.022,100893.046875,299.5798,1.172262310982e+00,347.0410,3.5535,3.5535,0.0000
1.024,100893.046875,299.5798,1.172262310982e+00,347.0410,3.5535,3.5535,0.0000
1.025,100893.046875,299.5798,1.172262310982e+00,347.0410,3.5536,3.5536,0.0000
1.027,100893.046875,299.5798,1.172262310982e+00,347.0410,3.5536,3.5536,0.0000
1.028,100893.046875,299.5798,1.172262310982e+00,347.0410,3.5536,3.5536,0.0000
1.029,100893.000000,299.5798,1.172261953354e+00,347.0410,3.5536,3.5536,0.0000
1.031,100893.000000,299.5798,1.172261953354e+00,347.0410,3.5537,3.5537,0.0000
1.032,100892.945312,299.5798,1.172261238098e+00,347.0410,3.5537,3.5537,0.0000
1.034,100892.945312,299.5798,1.172261238098e+00,347.0410,3.5537,3.5537,0.0000
1.035,100892.945312,299.5798,1.172261238098e+00,347.0410,3.5537,3.5537,0.0000
1.037,100892.906250,299.5797,1.172260880470e+00,347.0410,3.5538,3.5538,0.0000
1.038,100892.906250,299.5797,1.172260880470e+00,347.0410,3.5538,3.5538,0.0000
1.039,100892.906250,299.5797,1.172260880470e+00,347.0410,3.5538,3.5538,0.0000
1.041,100892.859375,299.5797,1.172260403633e+00,347.0410,3.5538,3.5538,0.0000
1.042,100892.859375,299.5797,1.172260403633e+00,347.0410,3.5539,3.5539,0.0000
1.044,100892.859375,299.5797,1.172260403633e+00,347.0410,3.5539,3.5539,0.0000
1.045,100892.859375,299.5797,1.172260403633e+00,347.0410,3.5539,3.5539,0.0000
1.047,100892.859375,299.5797,1.172260403633e+00,347.0410,3.5539,3.5539,0.0000
1.048,100892.750000,299.5797,1.172259211540e+00,347.0410,3.5540,3.5540,0.0000
1.050,100892.750000,299.5797,1.172259211540e+00,347.0410,3.5540,3.5540,0.0000
1.051,100892.757812,299.5797,1.172259688377e+00,347.0409,3.5540,3.5540,0.0000
1.052,100892.757812,299.5797,1.172259688377e+00,347.0409,3.5540,3.5540,0.0000
1.054,100892.757812,299.5797,1.172259688377e+00,347.0409,3.5541,3.5541,0.0000
1.055,100892.710938,299.5797,1.172258973122e+00,347.0409,3.5541,3.5541,0.0000
1.057,100892.710938,299.5797,1.172258973122e+00,347.0409,3.5541,3.5541,0.0000
1.058,100892.710938,299.5797,1.172258973122e+00,347.0409,3.5541,3.5541,0.0000
1.060,100892.609375,299.5796,1.172257900238e+00,347.0409,3.5542,3.5542,0.0000
1.061,100892.609375,299.5796,1.172257900238e+00,347.0409,3.5542,3.5542,0.0000
1.063,100892.609375,299.5796,1.172258019447e+00,347.0409,3.5542,3.5542,0.0000
1.064,100892.609375,299.5796,1.172258019447e+00,347.0409,3.5542,3.5542,0.0000
1.066,100892.609375,299.5796,1.172258019447e+00,347.0409,3.5543,3.5543,0.0000
1.067,100892.562500,299.5796,1.172257661819e+00,347.0409,3.5543,3.5543,0.0000
1.069,100892.562500,299.5796,1.172257661819e+00,347.0409,3.5543,3.5543,0.0000
1.070,100892.507812,299.5796,1.172257065773e+00,347.0408,3.5543,3.5543,0.0000
1.072,100892.507812,299.5796,1.172257065773e+00,347.0408,3.5544,3.5544,0.0000
1.073,100892.507812,299.5796,1.172257065773e+00,347.0408,3.5544,3.5544,0.0000
1.074,100892.468750,299.5795,1.172256588936e+00,347.0409,3.5544,3.5544,0.0000
1.076,100892.468750,299.5795,1.172256588936e+00,347.0409,3.5545,3.5545,0.0000
1.077,100892.468750,299.5795,1.172256588936e+00,347.0409,3.5545,3.5545,0.0000
1.079,100892.414062,299.5795,1.172255992889e+00,347.0409,3.5545,3.5545,0.0000
1.080,100892.414062,299.5795,1.172255992889e+00,347.0409,3.5545,3.5545,0.0000
1.082,100892.367188,299.5795,1.172255516052e+00,347.0408,3.5546,3.5546,0.0000
1.083,100892.367188,299.5795,1.172255516052e+00,347.0408,3.5546,3.5546,0.0000
1.085,100892.367188,299.5795,1.172255516052e+00,347.0408,3.5546,3.5546,0.0000
1.086,100892.328125,299.5795,1.172255158424e+00,347.0408,3.5546,3.5546,0.0000
1.088,100892.328125,299.5795,1.172255158424e+00,347.0408,3.5547,3.5547,0.0000
1.089,100892.328125,299.5795,1.172255158424e+00,347.0408,3.5547,3.5547,0.0000
1.091,100892.328125,299.5795,1.172255158424e+00,347.0408,3.5547,3.5547,0.0000
1.092,100892.328125,299.5795,1.172255158424e+00,347.0408,3.5547,3.5547,0.0000
1.094,100892.257812,299.5794,1.172254800797e+00,347.0408,3.5548,3.5548,0.0000
1.095,100892.257812,299.5794,1.172254800797e+00,347.0408,3.5548,3.5548,0.0000
1.097,100892.226562,299.5794,1.172254323959e+00,347.0408,3.5548,3.5548,0.0000
1.099,100892.226562,299.5794,1.172254323959e+00,347.0408,3.5548,3.5548,0.0000
1.100,100892.226562,299.5794,1.172254323959e+00,347.0408,3.5549,3.5549,0.0000
1.102,100892.171875,299.5794,1.172253727913e+00,347.0408,3.5549,3.5549,0.0000
1.103,100892.171875,299.5794,1.172253727913e+00,347.0408,3.5549,3.5549,0.0000
1.105,100892.132812,299.5793,1.172253370285e+00,347.0407,3.5550,3.5550,0.0000
1.106,100892.132812,299.5793,1.172253370285e+00,347.0407,3.5550,3.5550,0.0000
1.108,100892.132812,299.5793,1.172253370285e+00,347.0407,3.5550,3.5550,0.0000
1.109,100892.140625,299.5793,1.172253489494e+00,347.0407,3.5550,3.5550,0.0000
1.111,100892.140625,299.5793,1.172253489494e+00,347.0407,3.5551,3.5551,0.0000
1.112,100892.031250,299.5793,1.172252416611e+00,347.0407,3.5551,3.5551,0.0000
1.114,100892.031250,299.5793,1.172252416611e+00,347.0407,3.5551,3.5551,0.0000
1.115,100892.031250,299.5793,1.172252416611e+00,347.0407,3.5551,3.5551,0.0000
1.117,100892.039062,299.5793,1.172252655029e+00,347.0407,3.5552,3.5552,0.0000
1.118,100892.039062,299.5793,1.172252655029e+00,347.0407,3.5552,3.5552,0.0000
1.120,100891.937500,299.5793,1.172251343727e+00,347.0407,3.5552,3.5552,0.0000
1.122,100891.937500,299.5793,1.172251343727e+00,347.0407,3.5552,3.5552,0.0000
1.123,100891.937500,299.5793,1.172251343727e+00,347.0407,3.5553,3.5553,0.0000
1.125,100891.890625,299.5792,1.172251105309e+00,347.0406,3.5553,3.5553,0.0000
1.126,100891.890625,299.5792,1.172251105309e+00,347.0406,3.5553,3.5553,0.0000
1.128,100891.851562,299.5792,1.172250628471e+00,347.0407,3.5554,3.5554,0.0000
1.129,100891.851562,299.5792,1.172250628471e+00,347.0407,3.5554,3.5554,0.0000
1.131,100891.851562,299.5792,1.172250628471e+00,347.0407,3.5554,3.5554,0.0000
1.132,100891.789062,299.5792,1.172250151634e+00,347.0407,3.5554,3.5554,0.0000
1.134,100891.789062,299.5792,1.172250151634e+00,347.0407,3.5555,3.5555,0.0000
1.136,100891.789062,299.5792,1.172250151634e+00,347.0407,3.5555,3.5555,0.0000
1.137,100891.789062,299.5792,1.172250151634e+00,347.0407,3.5555,3.5555,0.0000
1.139,100891.695312,299.5791,1.172249317169e+00,347.0406,3.5555,3.5555,0.0000
1.140,100891.695312,299.5791,1.172249317169e+00,347.0406,3.5556,3.5556,0.0000
1.142,100891.695312,299.5791,1.172249317169e+00,347.0406,3.5556,3.5556,0.0000
1.143,100891.640625,299.5791,1.172248721123e+00,347.0406,3.5556,3.5556,0.0000
1.145,100891.640625,299.5791,1.172248721123e+00,347.0406,3.5557,3.5557,0.0000
1.147,100891.640625,299.5791,1.172248721123e+00,347.0406,3.5557,3.5557,0.0000
1.148,100891.640625,299.5791,1.172248721123e+00,347.0406,3.5557,3.5557,0.0000
1.150,100891.640625,299.5791,1.172248721123e+00,347.0406,3.5557,3.5557,0.0000
1.151,100891.593750,299.5791,1.172248363495e+00,347.0406,3.5558,3.5558,0.0000
1.153,100891.593750,299.5791,1.172248363495e+00,347.0406,3.5558,3.5558,0.0000
1.155,100891.554688,299.5791,1.172247767448e+00,347.0406,3.5558,3.5558,0.0000
1.156,100891.554688,299.5791,1.172247767448e+00,347.0406,3.5559,3.5559,0.0000
1.158,100891.554688,299.5791,1.172247767448e+00,347.0406,3.5559,3.5559,0.0000
1.159,100891.484375,299.5790,1.172247409821e+00,347.0406,3.5559,3.5559,0.0000
1.161,100891.484375,299.5790,1.172247409821e+00,347.0406,3.5559,3.5559,0.0000
1.163,100891.484375,299.5790,1.172247409821e+00,347.0406,3.5560,3.5560,0.0000
1.164,100891.484375,299.5790,1.172247409821e+00,347.0406,3.5560,3.5560,0.0000
1.166,100891.437500,299.5790,1.172246932983e+00,347.0406,3.5560,3.5560,0.0000
1.167,100891.437500,299.5790,1.172246932983e+00,347.0406,3.5561,3.5561,0.0000
1.169,100891.437500,299.5790,1.172246932983e+00,347.0406,3.5561,3.5561,0.0000
1.171,100891.406250,299.5789,1.172246694565e+00,347.0406,3.5561,3.5561,0.0000
1.172,100891.406250,299.5789,1.172246694565e+00,347.0406,3.5561,3.5561,0.0000
1.174,100891.367188,299.5789,1.172246098518e+00,347.0406,3.5562,3.5562,0.0000
1.175,100891.367188,299.5789,1.172246098518e+00,347.0406,3.5562,3.5562,0.0000
1.177,100891.304688,299.5789,1.172245502472e+00,347.0406,3.5562,3.5562,0.0000
1.179,100891.304688,299.5789,1.172245502472e+00,347.0406,3.5562,3.5562,0.0000
1.180,100891.304688,299.5789,1.172245502472e+00,347.0406,3.5563,3.5563,0.0000
1.182,100891.304688,299.5789,1.172245502472e+00,347.0406,3.5563,3.5563,0.0000
1.184,100891.304688,299.5789,1.172245502472e+00,347.0406,3.5563,3.5563,0.0000
1.185,100891.156250,299.5789,1.172243952751e+00,347.0405,3.5564,3.5564,0.0000
1.187,100891.156250,299.5789,1.172243952751e+00,347.0405,3.5564,3.5564,0.0000
1.189,100891.156250,299.5789,1.172243952751e+00,347.0405,3.5564,3.5564,0.0000
1.190,100891.156250,299.5789,1.172243952751e+00,347.0405,3.5564,3.5564,0.0000
1.192,100891.156250,299.5789,1.172243952751e+00,347.0405,3.5565,3.5565,0.0000
1.193,100891.117188,299.5788,1.172243714333e+00,347.0405,3.5565,3.5565,0.0000
1.195,100891.117188,299.5788,1.172243714333e+00,347.0405,3.5565,3.5565,0.0000
1.197,100891.078125,299.5788,1.172243237495e+00,347.0405,3.5566,3.5566,0.0000
1.198,100891.078125,299.5788,1.172243237495e+00,347.0405,3.5566,3.5566,0.0000
1.200,100891.023438,299.5788,1.172242641449e+00,347.0405,3.5566,3.5566,0.0000
1.202,100891.023438,299.5788,1.172242641449e+00,347.0405,3.5567,3.5567,0.0000
1.203,100891.023438,299.5788,1.172242641449e+00,347.0405,3.5567,3.5567,0.0000
1.205,100890.968750,299.5788,1.172242283821e+00,347.0404,3.5567,3.5567,0.0000
1.207,100890.968750,299.5788,1.172242283821e+00,347.0404,3.5567,3.5567,0.0000
1.208,100890.984375,299.5787,1.172242403030e+00,347.0404,3.5568,3.5568,0.0000
1.210,100890.984375,299.5787,1.172242403030e+00,347.0404,3.5568,3.5568,0.0000
1.212,100890.882812,299.5787,1.172241568565e+00,347.0404,3.5568,3.5568,0.0000
1.213,100890.882812,299.5787,1.172241568565e+00,347.0404,3.5569,3.5569,0.0000
1.215,100890.882812,299.5787,1.172241568565e+00,347.0404,3.5569,3.5569,0.0000
1.217,100890.882812,299.5787,1.172241568565e+00,347.0404,3.5569,3.5569,0.0000
1.218,100890.882812,299.5787,1.172241568565e+00,347.0404,3.5569,3.5569,0.0000
1.220,100890.781250,299.5786,1.172240495682e+00,347.0403,3.5570,3.5570,0.0000
1.222,100890.781250,299.5786,1.172240495682e+00,347.0403,3.5570,3.5570,0.0000
1.224,100890.734375,299.5786,1.172240018845e+00,347.0403,3.5570,3.5570,0.0000
1.225,100890.734375,299.5786,1.172240018845e+00,347.0403,3.5571,3.5571,0.0000
1.227,100890.679688,299.5786,1.172239542007e+00,347.0403,3.5571,3.5571,0.0000
1.229,100890.679688,299.5786,1.172239542007e+00,347.0403,3.5571,3.5571,0.0000
1.230,100890.695312,299.5786,1.172239780426e+00,347.0403,3.5571,3.5571,0.0000
1.232,100890.695312,299.5786,1.172239780426e+00,347.0403,3.5572,3.5572,0.0000
1.234,100890.695312,299.5786,1.172239780426e+00,347.0403,3.5572,3.5572,0.0000
1.235,100890.640625,299.5786,1.172239184380e+00,347.0403,3.5572,3.5572,0.0000
1.237,100890.640625,299.5786,1.172239184380e+00,347.0403,3.5573,3.5573,0.0000
1.239,100890.539062,299.5785,1.172238230705e+00,347.0403,3.5573,3.5573,0.0000
1.241,100890.539062,299.5785,1.172238230705e+00,347.0403,3.5573,3.5573,0.0000
1.242,100890.492188,299.5785,1.172237753868e+00,347.0403,3.5574,3.5574,0.0000
1.244,100890.492188,299.5785,1.172237753868e+00,347.0403,3.5574,3.5574,0.0000
1.246,100890.445312,299.5785,1.172237396240e+00,347.0402,3.5574,3.5574,0.0000
1.247,100890.445312,299.5785,1.172237396240e+00,347.0402,3.5574,3.5574,0.0000
1.249,100890.445312,299.5785,1.172237396240e+00,347.0402,3.5575,3.5575,0.0000
1.251,100890.445312,299.5785,1.172237396240e+00,347.0402,3.5575,3.5575,0.0000
1.253,100890.445312,299.5785,1.172237396240e+00,347.0402,3.5575,3.5575,0.0000
1.254,100890.390625,299.5784,1.172237038612e+00,347.0402,3.5576,3.5576,0.0000
1.256,100890.390625,299.5784,1.172237038612e+00,347.0402,3.5576,3.5576,0.0000
1.258,100890.351562,299.5784,1.172236680984e+00,347.0402,3.5576,3.5576,0.0000
1.260,100890.351562,299.5784,1.172236680984e+00,347.0402,3.5577,3.5577,0.0000
1.261,100890.304688,299.5784,1.172235846519e+00,347.0402,3.5577,3.5577,0.0000
1.263,100890.304688,299.5784,1.172235846519e+00,347.0402,3.5577,3.5577,0.0000
1.265,100890.242188,299.5784,1.172235369682e+00,347.0402,3.5578,3.5578,0.0000
1.267,100890.242188,299.5784,1.172235369682e+00,347.0402,3.5578,3.5578,0.0000
1.268,100890.242188,299.5784,1.172235369682e+00,347.0402,3.5578,3.5578,0.0000
1.270,100890.250000,299.5783,1.172235488892e+00,347.0402,3.5578,3.5578,0.0000
1.272,100890.250000,299.5783,1.172235488892e+00,347.0402,3.5579,3.5579,0.0000
1.274,100890.148438,299.5783,1.172234296799e+00,347.0402,3.5579,3.5579,0.0000
1.275,100890.148438,299.5783,1.172234296799e+00,347.0402,3.5579,3.5579,0.0000
1.277,100890.148438,299.5783,1.172234416008e+00,347.0402,3.5580,3.5580,0.0000
1.279,100890.148438,299.5783,1.172234416008e+00,347.0402,3.5580,3.5580,0.0000
1.281,100890.101562,299.5783,1.172233939171e+00,347.0402,3.5580,3.5580,0.0000
1.282,100890.101562,299.5783,1.172233939171e+00,347.0402,3.5581,3.5581,0.0000
1.284,100890.054688,299.5783,1.172233581543e+00,347.0401,3.5581,3.5581,0.0000
1.286,100890.054688,299.5783,1.172233581543e+00,347.0401,3.5581,3.5581,0.0000
1.288,100890.007812,299.5782,1.172233104706e+00,347.0401,3.5582,3.5582,0.0000
1.289,100890.007812,299.5782,1.172233104706e+00,347.0401,3.5582,3.5582,0.0000
1.291,100890.007812,299.5782,1.172233104706e+00,347.0401,3.5582,3.5582,0.0000
1.293,100889.968750,299.5782,1.172232747078e+00,347.0401,3.5582,3.5582,0.0000
1.295,100889.968750,299.5782,1.172232747078e+00,347.0401,3.5583,3.5583,0.0000
1.297,100889.968750,299.5782,1.172232747078e+00,347.0401,3.5583,3.5583,0.0000
1.298,100889.968750,299.5782,1.172232747078e+00,347.0401,3.5583,3.5583,0.0000
1.300,100889.812500,299.5782,1.172230958939e+00,347.0401,3.5584,3.5584,0.0000
1.302,100889.812500,299.5782,1.172230958939e+00,347.0401,3.5584,3.5584,0.0000
1.304,100889.812500,299.5781,1.172231435776e+00,347.0400,3.5584,3.5584,0.0000
1.306,100889.812500,299.5781,1.172231435776e+00,347.0400,3.5585,3.5585,0.0000
1.307,100889.765625,299.5781,1.172230720520e+00,347.0401,3.5585,3.5585,0.0000
1.309,100889.765625,299.5781,1.172230720520e+00,347.0401,3.5585,3.5585,0.0000
1.311,100889.718750,299.5781,1.172230243683e+00,347.0401,3.5586,3.5586,0.0000
1.313,100889.718750,299.5781,1.172230243683e+00,347.0401,3.5586,3.5586,0.0000
1.315,100889.679688,299.5781,1.172229886055e+00,347.0400,3.5586,3.5586,0.0000
1.316,100889.679688,299.5781,1.172229886055e+00,347.0400,3.5587,3.5587,0.0000
1.318,100889.625000,299.5780,1.172229528427e+00,347.0400,3.5587,3.5587,0.0000
1.320,100889.625000,299.5780,1.172229528427e+00,347.0400,3.5587,3.5587,0.0000
1.322,100889.632812,299.5780,1.172229647636e+00,347.0400,3.5587,3.5587,0.0000
1.324,100889.632812,299.5780,1.172229647636e+00,347.0400,3.5588,3.5588,0.0000
1.326,100889.632812,299.5780,1.172229647636e+00,347.0400,3.5588,3.5588,0.0000
1.327,100889.531250,299.5780,1.172228574753e+00,347.0400,3.5588,3.5588,0.0000
1.329,100889.531250,299.5780,1.172228574753e+00,347.0400,3.5589,3.5589,0.0000
1.331,100889.531250,299.5780,1.172228693962e+00,347.0400,3.5589,3.5589,0.0000
1.333,100889.531250,299.5780,1.172228693962e+00,347.0400,3.5589,3.5589,0.0000
1.335,100889.484375,299.5780,1.172228097916e+00,347.0399,3.5590,3.5590,0.0000
1.337,100889.484375,299.5780,1.172228097916e+00,347.0399,3.5590,3.5590,0.0000
1.338,100889.437500,299.5779,1.172227740288e+00,347.0400,3.5590,3.5590,0.0000
1.340,100889.437500,299.5779,1.172227740288e+00,347.0400,3.5591,3.5591,0.0000
1.342,100889.437500,299.5779,1.172227740288e+00,347.0400,3.5591,3.5591,0.0000
1.344,100889.437500,299.5779,1.172227740288e+00,347.0400,3.5591,3.5591,0.0000
1.346,100889.398438,299.5779,1.172227263451e+00,347.0399,3.5592,3.5592,0.0000
1.348,100889.398438,299.5779,1.172227263451e+00,347.0399,3.5592,3.5592,0.0000
1.350,100889.343750,299.5779,1.172226905823e+00,347.0399,3.5592,3.5592,0.0000
1.351,100889.343750,299.5779,1.172226905823e+00,347.0399,3.5593,3.5593,0.0000
1.353,100889.289062,299.5778,1.172226667404e+00,347.0399,3.5593,3.5593,0.0000
1.355,100889.289062,299.5778,1.172226667404e+00,347.0399,3.5593,3.5593,0.0000
1.357,100889.203125,299.5778,1.172225356102e+00,347.0399,3.5594,3.5594,0.0000
1.359,100889.203125,299.5778,1.172225356102e+00,347.0399,3.5594,3.5594,0.0000
1.361,100889.140625,299.5778,1.172224879265e+00,347.0398,3.5594,3.5594,0.0000
1.363,100889.140625,299.5778,1.172224879265e+00,347.0398,3.5595,3.5595,0.0000
1.365,100889.085938,299.5778,1.172224164009e+00,347.0398,3.5595,3.5595,0.0000
1.367,100889.085938,299.5778,1.172224164009e+00,347.0398,3.5595,3.5595,0.0000
1.368,100889.078125,299.5778,1.172224402428e+00,347.0398,3.5596,3.5596,0.0000
1.370,100889.078125,299.5778,1.172224402428e+00,347.0398,3.5596,3.5596,0.0000
1.372,100889.046875,299.5778,1.172223925591e+00,347.0399,3.5596,3.5596,0.0000
1.374,100889.046875,299.5778,1.172223925591e+00,347.0399,3.5597,3.5597,0.0000
1.376,100889.000000,299.5777,1.172223329544e+00,347.0399,3.5597,3.5597,0.0000
1.378,100889.000000,299.5777,1.172223329544e+00,347.0399,3.5597,3.5597,0.0000
1.380,100888.953125,299.5777,1.172222852707e+00,347.0398,3.5598,3.5598,0.0000
1.382,100888.953125,299.5777,1.172222852707e+00,347.0398,3.5598,3.5598,0.0000
1.384,100888.851562,299.5777,1.172221899033e+00,347.0398,3.5598,3.5598,0.0000
1.386,100888.851562,299.5777,1.172221899033e+00,347.0398,3.5599,3.5599,0.0000
1.387,100888.851562,299.5777,1.172221899033e+00,347.0398,3.5599,3.5599,0.0000
1.389,100888.851562,299.5777,1.172221899033e+00,347.0398,3.5599,3.5599,0.0000
1.391,100888.812500,299.5776,1.172221660614e+00,347.0397,3.5600,3.5600,0.0000
1.393,100888.812500,299.5776,1.172221660614e+00,347.0397,3.5600,3.5600,0.0000
1.395,100888.804688,299.5776,1.172221660614e+00,347.0397,3.5600,3.5600,0.0000
1.397,100888.804688,299.5776,1.172221660614e+00,347.0397,3.5601,3.5601,0.0000
1.399,100888.757812,299.5776,1.172221183777e+00,347.0397,3.5601,3.5601,0.0000
1.401,100888.757812,299.5776,1.172221183777e+00,347.0397,3.5601,3.5601,0.0000
1.403,100888.703125,299.5776,1.172220587730e+00,347.0397,3.5602,3.5602,0.0000
1.405,100888.703125,299.5776,1.172220587730e+00,347.0397,3.5602,3.5602,0.0000
1.407,100888.664062,299.5775,1.172220110893e+00,347.0397,3.5602,3.5602,0.0000
1.409,100888.664062,299.5775,1.172220110893e+00,347.0397,3.5603,3.5603,0.0000
1.411,100888.617188,299.5775,1.172219514847e+00,347.0397,3.5603,3.5603,0.0000
1.413,100888.617188,299.5775,1.172219514847e+00,347.0397,3.5603,3.5603,0.0000
1.415,100888.617188,299.5775,1.172219872475e+00,347.0397,3.5604,3.5604,0.0000
1.416,100888.617188,299.5775,1.172219872475e+00,347.0397,3.5604,3.5604,0.0000
1.418,100888.476562,299.5774,1.172218441963e+00,347.0396,3.5604,3.5604,0.0000
1.420,100888.476562,299.5774,1.172218441963e+00,347.0396,3.5605,3.5605,0.0000
1.422,100888.476562,299.5774,1.172218441963e+00,347.0396,3.5605,3.5605,0.0000
1.424,100888.476562,299.5774,1.172218441963e+00,347.0396,3.5605,3.5605,0.0000
1.426,100888.421875,299.5774,1.172217965126e+00,347.0396,3.5606,3.5606,0.0000
1.428,100888.421875,299.5774,1.172217965126e+00,347.0396,3.5606,3.5606,0.0000
1.430,100888.367188,299.5774,1.172217369080e+00,347.0396,3.5606,3.5606,0.0000
1.432,100888.367188,299.5774,1.172217369080e+00,347.0396,3.5607,3.5607,0.0000
1.434,100888.367188,299.5774,1.172217369080e+00,347.0396,3.5607,3.5607,0.0000
1.436,100888.367188,299.5774,1.172217369080e+00,347.0396,3.5607,3.5607,0.0000
1.438,100888.281250,299.5774,1.172216653824e+00,347.0396,3.5608,3.5608,0.0000
1.440,100888.273438,299.5773,1.172216653824e+00,347.0396,3.5608,3.5608,0.0000
1.442,100888.273438,299.5773,1.172216653824e+00,347.0396,3.5608,3.5608,0.0000
1.444,100888.226562,299.5773,1.172215819359e+00,347.0396,3.5609,3.5609,0.0000
1.446,100888.226562,299.5773,1.172215819359e+00,347.0396,3.5609,3.5609,0.0000
1.448,100888.195312,299.5773,1.172215580940e+00,347.0396,3.5610,3.5610,0.0000
1.450,100888.195312,299.5773,1.172215580940e+00,347.0396,3.5610,3.5610,0.0000
1.452,100888.078125,299.5772,1.172214508057e+00,347.0396,3.5610,3.5610,0.0000
1.454,100888.078125,299.5772,1.172214508057e+00,347.0396,3.5611,3.5611,0.0000
1.456,100888.078125,299.5772,1.172214508057e+00,347.0396,3.5611,3.5611,0.0000
1.458,100888.078125,299.5772,1.172214508057e+00,347.0396,3.5611,3.5611,0.0000
1.460,100888.039062,299.5772,1.172214269638e+00,347.0395,3.5612,3.5612,0.0000
1.462,100888.039062,299.5772,1.172214269638e+00,347.0395,3.5612,3.5612,0.0000
1.464,100888.039062,299.5772,1.172214269638e+00,347.0395,3.5612,3.5612,0.0000
1.466,100888.039062,299.5772,1.172214269638e+00,347.0395,3.5613,3.5613,0.0000
1.468,100887.984375,299.5772,1.172213792801e+00,347.0395,3.5613,3.5613,0.0000
1.470,100887.984375,299.5772,1.172213792801e+00,347.0395,3.5613,3.5613,0.0000
1.472,100887.937500,299.5771,1.172213315964e+00,347.0395,3.5614,3.5614,0.0000
1.474,100887.898438,299.5771,1.172212839127e+00,347.0395,3.5614,3.5614,0.0000
1.476,100887.898438,299.5771,1.172212839127e+00,347.0395,3.5614,3.5614,0.0000
1.478,100887.796875,299.5771,1.172211885452e+00,347.0395,3.5615,3.5615,0.0000
1.481,100887.796875,299.5771,1.172211885452e+00,347.0395,3.5615,3.5615,0.0000
1.483,100887.742188,299.5771,1.172211289406e+00,347.0395,3.5616,3.5616,0.0000
1.485,100887.742188,299.5771,1.172211289406e+00,347.0395,3.5616,3.5616,0.0000
1.487,100887.695312,299.5770,1.172211050987e+00,347.0394,3.5616,3.5616,0.0000
1.489,100887.695312,299.5770,1.172211050987e+00,347.0394,3.5617,3.5617,0.0000
1.491,100887.695312,299.5770,1.172211050987e+00,347.0394,3.5617,3.5617,0.0000
1.493,100887.695312,299.5770,1.172211050987e+00,347.0394,3.5617,3.5617,0.0000
1.495,100887.601562,299.5770,1.172209978104e+00,347.0394,3.5618,3.5618,0.0000
1.497,100887.601562,299.5770,1.172209978104e+00,347.0394,3.5618,3.5618,0.0000
1.499,100887.601562,299.5770,1.172209978104e+00,347.0394,3.5618,3.5618,0.0000
1.501,100887.562500,299.5769,1.172209739685e+00,347.0394,3.5619,3.5619,0.0000
1.503,100887.562500,299.5769,1.172209739685e+00,347.0394,3.5619,3.5619,0.0000
1.505,100887.562500,299.5769,1.172209739685e+00,347.0394,3.5619,3.5619,0.0000
1.507,100887.562500,299.5769,1.172209739685e+00,347.0394,3.5620,3.5620,0.0000
1.509,100887.453125,299.5769,1.172208666801e+00,347.0394,3.5620,3.5620,0.0000
1.512,100887.453125,299.5769,1.172208666801e+00,347.0394,3.5621,3.5621,0.0000
1.514,100887.453125,299.5769,1.172208786011e+00,347.0394,3.5621,3.5621,0.0000
1.516,100887.453125,299.5769,1.172208786011e+00,347.0394,3.5621,3.5621,0.0000
1.518,100887.406250,299.5769,1.172208309174e+00,347.0394,3.5622,3.5622,0.0000
1.520,100887.406250,299.5769,1.172208309174e+00,347.0394,3.5622,3.5622,0.0000
1.522,100887.312500,299.5768,1.172207355499e+00,347.0393,3.5622,3.5622,0.0000
1.524,100887.312500,299.5768,1.172207355499e+00,347.0393,3.5623,3.5623,0.0000
1.526,100887.312500,299.5768,1.172207355499e+00,347.0393,3.5623,3.5623,0.0000
1.528,100887.273438,299.5768,1.172206878662e+00,347.0393,3.5623,3.5623,0.0000
1.530,100887.273438,299.5768,1.172206878662e+00,347.0393,3.5624,3.5624,0.0000
1.533,100887.273438,299.5768,1.172206878662e+00,347.0393,3.5624,3.5624,0.0000
1.535,100887.273438,299.5768,1.172206878662e+00,347.0393,3.5625,3.5625,0.0000
1.537,100887.125000,299.5768,1.172205328941e+00,347.0393,3.5625,3.5625,0.0000
1.539,100887.125000,299.5768,1.172205328941e+00,347.0393,3.5625,3.5625,0.0000
1.541,100887.125000,299.5768,1.172205328941e+00,347.0393,3.5626,3.5626,0.0000
1.543,100887.031250,299.5767,1.172204494476e+00,347.0392,3.5626,3.5626,0.0000
1.545,100887.031250,299.5767,1.172204494476e+00,347.0392,3.5626,3.5626,0.0000
1.547,100887.031250,299.5767,1.172204494476e+00,347.0392,3.5627,3.5627,0.0000
1.550,100887.031250,299.5767,1.172204494476e+00,347.0392,3.5627,3.5627,0.0000
1.552,100887.031250,299.5767,1.172204494476e+00,347.0392,3.5628,3.5628,0.0000
1.554,100887.031250,299.5767,1.172204494476e+00,347.0392,3.5628,3.5628,0.0000
1.556,100886.929688,299.5766,1.172203540802e+00,347.0392,3.5628,3.5628,0.0000
1.558,100886.929688,299.5766,1.172203540802e+00,347.0392,3.5629,3.5629,0.0000
1.560,100886.929688,299.5766,1.172203540802e+00,347.0392,3.5629,3.5629,0.0000
1.562,100886.835938,299.5766,1.172202706337e+00,347.0392,3.5629,3.5629,0.0000
1.565,100886.835938,299.5766,1.172202706337e+00,347.0392,3.5630,3.5630,0.0000
1.567,100886.835938,299.5766,1.172202706337e+00,347.0392,3.5630,3.5630,0.0000
1.569,100886.835938,299.5766,1.172202706337e+00,347.0392,3.5631,3.5631,0.0000
1.571,100886.734375,299.5765,1.172201752663e+00,347.0391,3.5631,3.5631,0.0000
1.573,100886.734375,299.5765,1.172201752663e+00,347.0391,3.5631,3.5631,0.0000
1.576,100886.734375,299.5765,1.172201752663e+00,347.0391,3.5632,3.5632,0.0000
1.578,100886.640625,299.5765,1.172200918198e+00,347.0392,3.5632,3.5632,0.0000
1.580,100886.640625,299.5765,1.172200918198e+00,347.0392,3.5632,3.5632,0.0000
1.582,100886.640625,299.5765,1.172200918198e+00,347.0392,3.5633,3.5633,0.0000
1.584,100886.640625,299.5765,1.172200918198e+00,347.0392,3.5633,3.5633,0.0000
1.586,100886.585938,299.5765,1.172200322151e+00,347.0391,3.5634,3.5634,0.0000
1.589,100886.585938,299.5765,1.172200322151e+00,347.0391,3.5634,3.5634,0.0000
1.591,100886.539062,299.5764,1.172200083733e+00,347.0391,3.5634,3.5634,0.0000
1.593,100886.539062,299.5764,1.172200083733e+00,347.0391,3.5635,3.5635,0.0000
1.595,100886.539062,299.5764,1.172200083733e+00,347.0391,3.5635,3.5635,0.0000
1.597,100886.398438,299.5764,1.172198534012e+00,347.0390,3.5635,3.5635,0.0000
1.600,100886.398438,299.5764,1.172198534012e+00,347.0390,3.5636,3.5636,0.0000
1.602,100886.398438,299.5764,1.172198534012e+00,347.0390,3.5636,3.5636,0.0000
1.604,100886.398438,299.5764,1.172198534012e+00,347.0390,3.5637,3.5637,0.0000
1.606,100886.289062,299.5764,1.172197461128e+00,347.0390,3.5637,3.5637,0.0000
1.608,100886.289062,299.5764,1.172197461128e+00,347.0390,3.5637,3.5637,0.0000
1.611,100886.289062,299.5764,1.172197461128e+00,347.0390,3.5638,3.5638,0.0000
1.613,100886.250000,299.5763,1.172197222710e+00,347.0390,3.5638,3.5638,0.0000
1.615,100886.250000,299.5763,1.172197222710e+00,347.0390,3.5639,3.5639,0.0000
1.617,100886.250000,299.5763,1.172197222710e+00,347.0390,3.5639,3.5639,0.0000
1.620,100886.210938,299.5763,1.172196626663e+00,347.0390,3.5639,3.5639,0.0000
1.622,100886.210938,299.5763,1.172196626663e+00,347.0390,3.5640,3.5640,0.0000
1.624,100886.148438,299.5762,1.172196149826e+00,347.0389,3.5640,3.5640,0.0000
1.626,100886.148438,299.5762,1.172196149826e+00,347.0389,3.5641,3.5641,0.0000
1.629,100886.148438,299.5762,1.172196149826e+00,347.0389,3.5641,3.5641,0.0000
1.631,100886.062500,299.5762,1.172195196152e+00,347.0389,3.5641,3.5641,0.0000
1.633,100886.062500,299.5762,1.172195196152e+00,347.0389,3.5642,3.5642,0.0000
1.635,100886.062500,299.5762,1.172195196152e+00,347.0389,3.5642,3.5642,0.0000
1.638,100886.062500,299.5762,1.172195196152e+00,347.0389,3.5642,3.5642,0.0000
1.640,100886.023438,299.5761,1.172194957733e+00,347.0389,3.5643,3.5643,0.0000
1.642,100886.023438,299.5761,1.172194957733e+00,347.0389,3.5643,3.5643,0.0000
1.644,100886.023438,299.5761,1.172194957733e+00,347.0389,3.5644,3.5644,0.0000
1.647,100885.929688,299.5761,1.172194004059e+00,347.0389,3.5644,3.5644,0.0000
1.649,100885.929688,299.5761,1.172194004059e+00,347.0389,3.5644,3.5644,0.0000
1.651,100885.929688,299.5761,1.172194004059e+00,347.0389,3.5645,3.5645,0.0000
1.654,100885.929688,299.5761,1.172194004059e+00,347.0389,3.5645,3.5645,0.0000
1.656,100885.781250,299.5760,1.172192692757e+00,347.0388,3.5646,3.5646,0.0000
1.658,100885.726562,299.5760,1.172192096710e+00,347.0388,3.5646,3.5646,0.0000
1.660,100885.726562,299.5760,1.172192096710e+00,347.0388,3.5646,3.5646,0.0000
1.663,100885.687500,299.5760,1.172191739082e+00,347.0388,3.5647,3.5647,0.0000
1.665,100885.687500,299.5760,1.172191739082e+00,347.0388,3.5647,3.5647,0.0000
1.667,100885.679688,299.5760,1.172191739082e+00,347.0388,3.5648,3.5648,0.0000
1.670,100885.679688,299.5760,1.172191739082e+00,347.0388,3.5648,3.5648,0.0000
1.672,100885.679688,299.5760,1.172191739082e+00,347.0388,3.5648,3.5648,0.0000
1.674,100885.570312,299.5760,1.172190666199e+00,347.0388,3.5649,3.5649,0.0000
1.677,100885.570312,299.5760,1.172190666199e+00,347.0388,3.5649,3.5649,0.0000
1.679,100885.570312,299.5760,1.172190666199e+00,347.0388,3.5650,3.5650,0.0000
1.681,100885.484375,299.5759,1.172189831734e+00,347.0388,3.5650,3.5650,0.0000
1.684,100885.484375,299.5759,1.172189831734e+00,347.0388,3.5650,3.5650,0.0000
1.686,100885.484375,299.5759,1.172189831734e+00,347.0388,3.5651,3.5651,0.0000
1.688,100885.382812,299.5758,1.172188997269e+00,347.0387,3.5651,3.5651,0.0000
1.691,100885.382812,299.5758,1.172188997269e+00,347.0387,3.5652,3.5652,0.0000
1.693,100885.382812,299.5758,1.172188997269e+00,347.0387,3.5652,3.5652,0.0000
1.695,100885.382812,299.5758,1.172188997269e+00,347.0387,3.5653,3.5653,0.0000
1.698,100885.289062,299.5758,1.172188043594e+00,347.0387,3.5653,3.5653,0.0000
1.700,100885.281250,299.5758,1.172188043594e+00,347.0387,3.5653,3.5653,0.0000
1.702,100885.281250,299.5758,1.172188043594e+00,347.0387,3.5654,3.5654,0.0000
1.705,100885.242188,299.5757,1.172187447548e+00,347.0387,3.5654,3.5654,0.0000
1.707,100885.242188,299.5757,1.172187447548e+00,347.0387,3.5655,3.5655,0.0000
1.709,100885.195312,299.5757,1.172186851501e+00,347.0387,3.5655,3.5655,0.0000
1.712,100885.195312,299.5757,1.172186970711e+00,347.0386,3.5655,3.5655,0.0000
1.714,100885.195312,299.5757,1.172186970711e+00,347.0386,3.5656,3.5656,0.0000
1.716,100885.101562,299.5757,1.172186017036e+00,347.0387,3.5656,3.5656,0.0000
1.719,100885.046875,299.5757,1.172185420990e+00,347.0386,3.5657,3.5657,0.0000
1.721,100885.046875,299.5757,1.172185420990e+00,347.0386,3.5657,3.5657,0.0000
1.724,100885.007812,299.5757,1.172185063362e+00,347.0386,3.5657,3.5657,0.0000
1.726,100885.007812,299.5757,1.172185063362e+00,347.0386,3.5658,3.5658,0.0000
1.728,100884.906250,299.5756,1.172184109688e+00,347.0386,3.5658,3.5658,0.0000
1.731,100884.906250,299.5756,1.172184109688e+00,347.0386,3.5659,3.5659,0.0000
1.733,100884.906250,299.5756,1.172184109688e+00,347.0386,3.5659,3.5659,0.0000
1.735,100884.867188,299.5756,1.172183632851e+00,347.0386,3.5660,3.5660,0.0000
1.738,100884.867188,299.5756,1.172183632851e+00,347.0386,3.5660,3.5660,0.0000
1.740,100884.867188,299.5756,1.172183632851e+00,347.0386,3.5660,3.5660,0.0000
1.743,100884.757812,299.5755,1.172182798386e+00,347.0385,3.5661,3.5661,0.0000
1.745,100884.757812,299.5755,1.172182798386e+00,347.0385,3.5661,3.5661,0.0000
1.748,100884.757812,299.5755,1.172182798386e+00,347.0385,3.5662,3.5662,0.0000
1.750,100884.718750,299.5755,1.172182321548e+00,347.0385,3.5662,3.5662,0.0000
1.752,100884.718750,299.5755,1.172182321548e+00,347.0385,3.5662,3.5662,0.0000
1.755,100884.664062,299.5755,1.172181844711e+00,347.0385,3.5663,3.5663,0.0000
1.757,100884.625000,299.5755,1.172181367874e+00,347.0385,3.5663,3.5663,0.0000
1.760,100884.625000,299.5755,1.172181367874e+00,347.0385,3.5664,3.5664,0.0000
1.762,100884.578125,299.5753,1.172181367874e+00,347.0385,3.5664,3.5664,0.0000
1.765,100884.578125,299.5753,1.172181367874e+00,347.0385,3.5665,3.5665,0.0000
1.767,100884.578125,299.5753,1.172181367874e+00,347.0385,3.5665,3.5665,0.0000
1.769,100884.429688,299.5753,1.172179698944e+00,347.0385,3.5665,3.5665,0.0000
1.772,100884.429688,299.5753,1.172179698944e+00,347.0385,3.5666,3.5666,0.0000
1.774,100884.429688,299.5753,1.172179698944e+00,347.0385,3.5666,3.5666,0.0000
1.777,100884.335938,299.5753,1.172178745270e+00,347.0384,3.5667,3.5667,0.0000
1.779,100884.335938,299.5753,1.172178745270e+00,347.0384,3.5667,3.5667,0.0000
1.782,100884.335938,299.5753,1.172178745270e+00,347.0384,3.5668,3.5668,0.0000
1.784,100884.226562,299.5753,1.172177553177e+00,347.0384,3.5668,3.5668,0.0000
1.787,100884.226562,299.5753,1.172177553177e+00,347.0384,3.5668,3.5668,0.0000
1.789,100884.226562,299.5753,1.172177553177e+00,347.0384,3.5669,3.5669,0.0000
1.792,100884.226562,299.5752,1.172177672386e+00,347.0384,3.5669,3.5669,0.0000
1.794,100884.226562,299.5752,1.172177672386e+00,347.0384,3.5670,3.5670,0.0000
1.796,100884.132812,299.5752,1.172176837921e+00,347.0384,3.5670,3.5670,0.0000
1.799,100884.132812,299.5752,1.172176837921e+00,347.0384,3.5671,3.5671,0.0000
1.801,100884.132812,299.5752,1.172176837921e+00,347.0384,3.5671,3.5671,0.0000
1.804,100884.093750,299.5752,1.172176361084e+00,347.0384,3.5671,3.5671,0.0000
1.806,100884.093750,299.5752,1.172176361084e+00,347.0384,3.5672,3.5672,0.0000
1.809,100884.093750,299.5752,1.172176361084e+00,347.0384,3.5672,3.5672,0.0000
1.811,100883.992188,299.5751,1.172175526619e+00,347.0383,3.5673,3.5673,0.0000
1.814,100883.992188,299.5751,1.172175526619e+00,347.0383,3.5673,3.5673,0.0000
1.816,100883.992188,299.5751,1.172175526619e+00,347.0383,3.5674,3.5674,0.0000
1.819,100883.890625,299.5750,1.172174453735e+00,347.0382,3.5674,3.5674,0.0000
1.821,100883.890625,299.5750,1.172174453735e+00,347.0382,3.5674,3.5674,0.0000
1.824,100883.890625,299.5750,1.172174453735e+00,347.0382,3.5675,3.5675,0.0000
1.827,100883.843750,299.5750,1.172173976898e+00,347.0383,3.5675,3.5675,0.0000
1.829,100883.843750,299.5750,1.172173976898e+00,347.0383,3.5676,3.5676,0.0000
1.832,100883.710938,299.5750,1.172172665596e+00,347.0383,3.5676,3.5676,0.0000
1.834,100883.710938,299.5750,1.172172665596e+00,347.0383,3.5677,3.5677,0.0000
1.837,100883.710938,299.5750,1.172172665596e+00,347.0383,3.5677,3.5677,0.0000
1.839,100883.656250,299.5750,1.172172188759e+00,347.0382,3.5678,3.5678,0.0000
1.842,100883.656250,299.5750,1.172172188759e+00,347.0382,3.5678,3.5678,0.0000
1.844,100883.656250,299.5750,1.172172188759e+00,347.0382,3.5678,3.5678,0.0000
1.847,100883.562500,299.5749,1.172171354294e+00,347.0382,3.5679,3.5679,0.0000
1.849,100883.562500,299.5749,1.172171354294e+00,347.0382,3.5679,3.5679,0.0000
1.852,100883.562500,299.5749,1.172171354294e+00,347.0382,3.5680,3.5680,0.0000
1.854,100883.468750,299.5749,1.172170400620e+00,347.0382,3.5680,3.5680,0.0000
1.857,100883.468750,299.5749,1.172170400620e+00,347.0382,3.5681,3.5681,0.0000
1.860,100883.468750,299.5749,1.172170400620e+00,347.0382,3.5681,3.5681,0.0000
1.862,100883.421875,299.5748,1.172169923782e+00,347.0382,3.5682,3.5682,0.0000
1.865,100883.367188,299.5748,1.172169446945e+00,347.0381,3.5682,3.5682,0.0000
1.867,100883.367188,299.5748,1.172169446945e+00,347.0381,3.5682,3.5682,0.0000
1.870,100883.367188,299.5748,1.172169446945e+00,347.0381,3.5683,3.5683,0.0000
1.873,100883.281250,299.5747,1.172168731689e+00,347.0381,3.5683,3.5683,0.0000
1.875,100883.281250,299.5747,1.172168731689e+00,347.0381,3.5684,3.5684,0.0000
1.878,100883.281250,299.5747,1.172168731689e+00,347.0381,3.5684,3.5684,0.0000
1.880,100883.242188,299.5747,1.172168374062e+00,347.0381,3.5685,3.5685,0.0000
1.883,100883.242188,299.5747,1.172168374062e+00,347.0381,3.5685,3.5685,0.0000
1.886,100883.242188,299.5747,1.172168374062e+00,347.0381,3.5686,3.5686,0.0000
1.888,100883.125000,299.5746,1.172167301178e+00,347.0381,3.5686,3.5686,0.0000
1.891,100883.125000,299.5746,1.172167301178e+00,347.0381,3.5686,3.5686,0.0000
1.893,100883.125000,299.5746,1.172167301178e+00,347.0381,3.5687,3.5687,0.0000
1.896,100882.984375,299.5746,1.172165751457e+00,347.0380,3.5687,3.5687,0.0000
1.899,100882.984375,299.5746,1.172165870667e+00,347.0380,3.5688,3.5688,0.0000
1.901,100882.984375,299.5746,1.172165870667e+00,347.0380,3.5688,3.5688,0.0000
1.904,100882.929688,299.5746,1.172165513039e+00,347.0379,3.5689,3.5689,0.0000
1.906,100882.882812,299.5746,1.172164797783e+00,347.0380,3.5689,3.5689,0.0000
1.909,100882.882812,299.5746,1.172164797783e+00,347.0380,3.5690,3.5690,0.0000
1.912,100882.882812,299.5746,1.172164797783e+00,347.0380,3.5690,3.5690,0.0000
1.914,100882.789062,299.5745,1.172163963318e+00,347.0380,3.5691,3.5691,0.0000
1.917,100882.789062,299.5745,1.172163963318e+00,347.0380,3.5691,3.5691,0.0000
1.920,100882.789062,299.5745,1.172163963318e+00,347.0380,3.5691,3.5691,0.0000
1.922,100882.695312,299.5745,1.172162890434e+00,347.0379,3.5692,3.5692,0.0000
1.925,100882.695312,299.5745,1.172162890434e+00,347.0379,3.5692,3.5692,0.0000
1.928,100882.695312,299.5745,1.172162890434e+00,347.0379,3.5693,3.5693,0.0000
1.930,100882.640625,299.5744,1.172162652016e+00,347.0379,3.5693,3.5693,0.0000
1.933,100882.593750,299.5744,1.172162175179e+00,347.0379,3.5694,3.5694,0.0000
1.936,100882.593750,299.5744,1.172162175179e+00,347.0379,3.5694,3.5694,0.0000
1.938,100882.554688,299.5744,1.172161698341e+00,347.0379,3.5695,3.5695,0.0000
1.941,100882.500000,299.5743,1.172161221504e+00,347.0379,3.5695,3.5695,0.0000
1.944,100882.460938,299.5743,1.172160983086e+00,347.0378,3.5696,3.5696,0.0000
1.946,100882.460938,299.5743,1.172160983086e+00,347.0378,3.5696,3.5696,0.0000
1.949,100882.351562,299.5743,1.172159790993e+00,347.0378,3.5697,3.5697,0.0000
1.952,100882.351562,299.5743,1.172159790993e+00,347.0378,3.5697,3.5697,0.0000
1.954,100882.351562,299.5743,1.172159790993e+00,347.0378,3.5698,3.5698,0.0000
1.957,100882.312500,299.5742,1.172159552574e+00,347.0378,3.5698,3.5698,0.0000
1.960,100882.312500,299.5742,1.172159552574e+00,347.0378,3.5698,3.5698,0.0000
1.963,100882.312500,299.5742,1.172159552574e+00,347.0378,3.5699,3.5699,0.0000
1.965,100882.210938,299.5742,1.172158360481e+00,347.0378,3.5699,3.5699,0.0000
1.968,100882.164062,299.5742,1.172157764435e+00,347.0378,3.5700,3.5700,0.0000
1.971,100882.125000,299.5742,1.172157526016e+00,347.0378,3.5700,3.5700,0.0000
1.973,100882.125000,299.5742,1.172157526016e+00,347.0378,3.5701,3.5701,0.0000
1.976,100882.070312,299.5741,1.172157049179e+00,347.0378,3.5701,3.5701,0.0000
1.979,100882.070312,299.5741,1.172157168388e+00,347.0378,3.5702,3.5702,0.0000
1.982,100882.070312,299.5741,1.172157168388e+00,347.0378,3.5702,3.5702,0.0000
1.984,100882.023438,299.5741,1.172156572342e+00,347.0378,3.5703,3.5703,0.0000
1.987,100882.023438,299.5741,1.172156572342e+00,347.0378,3.5703,3.5703,0.0000
1.990,100881.976562,299.5740,1.172156333923e+00,347.0377,3.5704,3.5704,0.0000
1.993,100881.976562,299.5740,1.172156333923e+00,347.0377,3.5704,3.5704,0.0000
1.995,100881.976562,299.5740,1.172156333923e+00,347.0377,3.5705,3.5705,0.0000
1.998,100881.859375,299.5740,1.172155261040e+00,347.0377,3.5705,3.5705,0.0000
2.001,100881.828125,299.5740,1.172154903412e+00,347.0376,3.5706,3.5706,0.0000
2.004,100881.828125,299.5740,1.172154903412e+00,347.0376,3.5706,3.5706,0.0000
2.006,100881.781250,299.5740,1.172154307365e+00,347.0377,3.5707,3.5707,0.0000
2.009,100881.679688,299.5739,1.172153234482e+00,347.0377,3.5707,3.5707,0.0000
2.012,100881.679688,299.5739,1.172153234482e+00,347.0377,3.5707,3.5707,0.0000
2.015,100881.640625,299.5739,1.172152996063e+00,347.0376,3.5708,3.5708,0.0000
2.018,100881.640625,299.5739,1.172152996063e+00,347.0376,3.5708,3.5708,0.0000
2.020,100881.578125,299.5739,1.172152519226e+00,347.0376,3.5709,3.5709,0.0000
2.023,100881.578125,299.5739,1.172152519226e+00,347.0376,3.5709,3.5709,0.0000
2.026,100881.539062,299.5739,1.172152042389e+00,347.0376,3.5710,3.5710,0.0000
2.029,100881.539062,299.5739,1.172152042389e+00,347.0376,3.5710,3.5710,0.0000
2.032,100881.445312,299.5738,1.172150969505e+00,347.0376,3.5711,3.5711,0.0000
2.034,100881.445312,299.5738,1.172150969505e+00,347.0376,3.5711,3.5711,0.0000
2.037,100881.398438,299.5738,1.172150731087e+00,347.0376,3.5712,3.5712,0.0000
2.040,100881.351562,299.5738,1.172150135040e+00,347.0375,3.5712,3.5712,0.0000
2.043,100881.343750,299.5737,1.172150135040e+00,347.0375,3.5713,3.5713,0.0000
2.046,100881.343750,299.5737,1.172150135040e+00,347.0375,3.5713,3.5713,0.0000
2.048,100881.304688,299.5737,1.172149777412e+00,347.0375,3.5714,3.5714,0.0000
2.051,100881.250000,299.5737,1.172149062157e+00,347.0375,3.5714,3.5714,0.0000
2.054,100881.250000,299.5737,1.172149062157e+00,347.0375,3.5715,3.5715,0.0000
2.057,100881.203125,299.5737,1.172148585320e+00,347.0375,3.5715,3.5715,0.0000
2.060,100881.156250,299.5736,1.172148108482e+00,347.0374,3.5716,3.5716,0.0000
2.063,100881.109375,299.5736,1.172147750854e+00,347.0374,3.5716,3.5716,0.0000
2.066,100881.109375,299.5736,1.172147750854e+00,347.0374,3.5717,3.5717,0.0000
2.068,100881.007812,299.5736,1.172146797180e+00,347.0374,3.5717,3.5717,0.0000
2.071,100881.007812,299.5736,1.172146797180e+00,347.0374,3.5718,3.5718,0.0000
2.074,100880.960938,299.5735,1.172146320343e+00,347.0374,3.5718,3.5718,0.0000
2.077,100880.960938,299.5735,1.172146320343e+00,347.0374,3.5719,3.5719,0.0000
2.080,100880.921875,299.5735,1.172145962715e+00,347.0374,3.5719,3.5719,0.0000
2.083,100880.921875,299.5735,1.172145962715e+00,347.0374,3.5720,3.5720,0.0000
2.086,100880.875000,299.5735,1.172145485878e+00,347.0374,3.5720,3.5720,0.0000
2.088,100880.875000,299.5735,1.172145485878e+00,347.0374,3.5721,3.5721,0.0000
2.091,100880.820312,299.5735,1.172145009041e+00,347.0374,3.5721,3.5721,0.0000
2.094,100880.773438,299.5734,1.172144651413e+00,347.0374,3.5722,3.5722,0.0000
2.097,100880.726562,299.5734,1.172144055367e+00,347.0374,3.5722,3.5722,0.0000
2.100,100880.664062,299.5734,1.172143578529e+00,347.0373,3.5723,3.5723,0.0000
2.103,100880.664062,299.5734,1.172143578529e+00,347.0373,3.5723,3.5723,0.0000
2.106,100880.625000,299.5734,1.172143220901e+00,347.0373,3.5724,3.5724,0.0000
2.109,100880.625000,299.5734,1.172143220901e+00,347.0373,3.5724,3.5724,0.0000
2.112,100880.578125,299.5733,1.172142744064e+00,347.0373,3.5725,3.5725,0.0000
2.115,100880.578125,299.5733,1.172142744064e+00,347.0373,3.5725,3.5725,0.0000
2.118,100880.523438,299.5733,1.172142267227e+00,347.0373,3.5726,3.5726,0.0000
2.120,100880.476562,299.5733,1.172141909599e+00,347.0373,3.5726,3.5726,0.0000
2.123,100880.429688,299.5732,1.172141432762e+00,347.0372,3.5727,3.5727,0.0000
2.126,100880.429688,299.5732,1.172141432762e+00,347.0372,3.5727,3.5727,0.0000
2.129,100880.382812,299.5732,1.172140955925e+00,347.0373,3.5728,3.5728,0.0000
2.132,100880.289062,299.5732,1.172139883041e+00,347.0372,3.5728,3.5728,0.0000
2.135,100880.296875,299.5732,1.172140002251e+00,347.0372,3.5729,3.5729,0.0000
2.138,100880.296875,299.5732,1.172140002251e+00,347.0372,3.5729,3.5729,0.0000
2.141,100880.179688,299.5732,1.172138810158e+00,347.0372,3.5730,3.5730,0.0000
2.144,100880.179688,299.5732,1.172138810158e+00,347.0372,3.5730,3.5730,0.0000
2.147,100880.148438,299.5731,1.172138452530e+00,347.0372,3.5731,3.5731,0.0000
2.150,100880.093750,299.5731,1.172137975693e+00,347.0372,3.5731,3.5731,0.0000
2.153,100880.093750,299.5731,1.172137975693e+00,347.0372,3.5732,3.5732,0.0000
2.156,100880.046875,299.5731,1.172137498856e+00,347.0371,3.5732,3.5732,0.0000
2.159,100880.007812,299.5730,1.172137260437e+00,347.0371,3.5733,3.5733,0.0000
2.162,100879.945312,299.5730,1.172136664391e+00,347.0371,3.5733,3.5733,0.0000
2.165,100879.953125,299.5730,1.172136783600e+00,347.0371,3.5734,3.5734,0.0000
2.168,100879.953125,299.5730,1.172136783600e+00,347.0371,3.5734,3.5734,0.0000
2.171,100879.906250,299.5730,1.172136545181e+00,347.0371,3.5735,3.5735,0.0000
2.174,100879.859375,299.5730,1.172135829926e+00,347.0371,3.5736,3.5736,0.0000
2.177,100879.812500,299.5729,1.172135472298e+00,347.0371,3.5736,3.5736,0.0000
2.180,100879.812500,299.5729,1.172135472298e+00,347.0371,3.5737,3.5737,0.0000
2.183,100879.812500,299.5729,1.172135472298e+00,347.0371,3.5737,3.5737,0.0000
2.186,100879.781250,299.5729,1.172135114670e+00,347.0371,3.5738,3.5738,0.0000
2.189,100879.710938,299.5729,1.172134399414e+00,347.0370,3.5738,3.5738,0.0000
2.192,100879.632812,299.5728,1.172133564949e+00,347.0370,3.5739,3.5739,0.0000
2.195,100879.632812,299.5728,1.172133564949e+00,347.0370,3.5739,3.5739,0.0000
2.198,100879.523438,299.5728,1.172132611275e+00,347.0370,3.5740,3.5740,0.0000
2.201,100879.523438,299.5728,1.172132611275e+00,347.0370,3.5740,3.5740,0.0000
2.204,100879.476562,299.5728,1.172132253647e+00,347.0370,3.5741,3.5741,0.0000
2.207,100879.414062,299.5728,1.172131657600e+00,347.0369,3.5741,3.5741,0.0000
2.210,100879.414062,299.5728,1.172131657600e+00,347.0369,3.5742,3.5742,0.0000
2.213,100879.367188,299.5727,1.172131299973e+00,347.0369,3.5742,3.5742,0.0000
2.216,100879.312500,299.5727,1.172130584717e+00,347.0369,3.5743,3.5743,0.0000
2.219,100879.281250,299.5727,1.172130346298e+00,347.0369,3.5743,3.5743,0.0000
2.222,100879.273438,299.5726,1.172130346298e+00,347.0369,3.5744,3.5744,0.0000
2.226,100879.273438,299.5726,1.172130346298e+00,347.0369,3.5744,3.5744,0.0000
2.229,100879.273438,299.5726,1.172130346298e+00,347.0369,3.5745,3.5745,0.0000
2.232,100879.171875,299.5726,1.172129392624e+00,347.0368,3.5746,3.5746,0.0000
2.235,100879.171875,299.5726,1.172129392624e+00,347.0368,3.5746,3.5746,0.0000
2.238,100879.085938,299.5725,1.172128558159e+00,347.0368,3.5747,3.5747,0.0000
2.241,100879.085938,299.5725,1.172128558159e+00,347.0368,3.5747,3.5747,0.0000
2.244,100879.031250,299.5725,1.172127962112e+00,347.0368,3.5748,3.5748,0.0000
2.247,100878.945312,299.5725,1.172126889229e+00,347.0368,3.5748,3.5748,0.0000
2.250,100878.890625,299.5725,1.172126412392e+00,347.0368,3.5749,3.5749,0.0000
2.253,100878.898438,299.5724,1.172126770020e+00,347.0368,3.5749,3.5749,0.0000
2.257,100878.843750,299.5724,1.172126173973e+00,347.0368,3.5750,3.5750,0.0000
2.260,100878.843750,299.5724,1.172126173973e+00,347.0368,3.5750,3.5750,0.0000
2.263,100878.789062,299.5724,1.172125577927e+00,347.0368,3.5751,3.5751,0.0000
2.266,100878.742188,299.5724,1.172125101089e+00,347.0368,3.5751,3.5751,0.0000
2.269,100878.742188,299.5724,1.172125101089e+00,347.0368,3.5752,3.5752,0.0000
2.272,100878.703125,299.5724,1.172124862671e+00,347.0367,3.5753,3.5753,0.0000
2.275,100878.703125,299.5724,1.172124862671e+00,347.0367,3.5753,3.5753,0.0000
2.278,100878.656250,299.5723,1.172124385834e+00,347.0367,3.5754,3.5754,0.0000
2.282,100878.601562,299.5723,1.172123908997e+00,347.0367,3.5754,3.5754,0.0000
2.285,100878.554688,299.5723,1.172123432159e+00,347.0367,3.5755,3.5755,0.0000
2.288,100878.507812,299.5723,1.172122955322e+00,347.0367,3.5755,3.5755,0.0000
2.291,100878.468750,299.5722,1.172122478485e+00,347.0367,3.5756,3.5756,0.0000
2.294,100878.468750,299.5722,1.172122478485e+00,347.0367,3.5756,3.5756,0.0000
2.297,100878.468750,299.5722,1.172122716904e+00,347.0367,3.5757,3.5757,0.0000
2.301,100878.429688,299.5722,1.172122120857e+00,347.0367,3.5757,3.5757,0.0000
2.304,100878.367188,299.5722,1.172121763229e+00,347.0367,3.5758,3.5758,0.0000
2.307,100878.281250,299.5722,1.172120690346e+00,347.0366,3.5759,3.5759,0.0000
2.310,100878.234375,299.5721,1.172120213509e+00,347.0366,3.5759,3.5759,0.0000
2.313,100878.234375,299.5721,1.172120213509e+00,347.0366,3.5760,3.5760,0.0000
2.317,100878.218750,299.5721,1.172120213509e+00,347.0366,3.5760,3.5760,0.0000
2.320,100878.117188,299.5721,1.172119140625e+00,347.0366,3.5761,3.5761,0.0000
2.323,100878.125000,299.5721,1.172119259834e+00,347.0366,3.5761,3.5761,0.0000
2.326,100878.062500,299.5721,1.172118663788e+00,347.0365,3.5762,3.5762,0.0000
2.329,100878.023438,299.5720,1.172118186951e+00,347.0365,3.5762,3.5762,0.0000
2.333,100878.023438,299.5720,1.172118186951e+00,347.0365,3.5763,3.5763,0.0000
2.336,100877.976562,299.5720,1.172117829323e+00,347.0365,3.5764,3.5764,0.0000
2.339,100877.929688,299.5720,1.172117352486e+00,347.0365,3.5764,3.5764,0.0000
2.342,100877.890625,299.5719,1.172117114067e+00,347.0365,3.5765,3.5765,0.0000
2.346,100877.835938,299.5719,1.172116518021e+00,347.0365,3.5765,3.5765,0.0000
2.349,100877.828125,299.5719,1.172116518021e+00,347.0365,3.5766,3.5766,0.0000
2.352,100877.781250,299.5719,1.172116279602e+00,347.0364,3.5766,3.5766,0.0000
2.355,100877.781250,299.5719,1.172116279602e+00,347.0364,3.5767,3.5767,0.0000
2.359,100877.742188,299.5719,1.172115564346e+00,347.0364,3.5767,3.5767,0.0000
2.362,100877.734375,299.5718,1.172115564346e+00,347.0364,3.5768,3.5768,0.0000
2.365,100877.585938,299.5718,1.172113895416e+00,347.0365,3.5769,3.5769,0.0000
2.368,100877.593750,299.5718,1.172114133835e+00,347.0364,3.5769,3.5769,0.0000
2.372,100877.539062,299.5718,1.172113537788e+00,347.0364,3.5770,3.5770,0.0000
2.375,100877.500000,299.5717,1.172113180161e+00,347.0364,3.5770,3.5770,0.0000
2.378,100877.500000,299.5717,1.172113180161e+00,347.0364,3.5771,3.5771,0.0000
2.381,100877.445312,299.5717,1.172112703323e+00,347.0363,3.5771,3.5771,0.0000
2.385,100877.414062,299.5717,1.172112226486e+00,347.0364,3.5772,3.5772,0.0000
2.388,100877.406250,299.5717,1.172112345695e+00,347.0363,3.5773,3.5773,0.0000
2.391,100877.359375,299.5717,1.172111988068e+00,347.0363,3.5773,3.5773,0.0000
2.395,100877.304688,299.5716,1.172111392021e+00,347.0363,3.5774,3.5774,0.0000
2.398,100877.265625,299.5716,1.172110915184e+00,347.0363,3.5774,3.5774,0.0000
2.401,100877.265625,299.5716,1.172110915184e+00,347.0363,3.5775,3.5775,0.0000
2.405,100877.210938,299.5716,1.172110438347e+00,347.0363,3.5775,3.5775,0.0000
2.408,100877.156250,299.5716,1.172109842300e+00,347.0363,3.5776,3.5776,0.0000
2.411,100877.125000,299.5716,1.172109365463e+00,347.0363,3.5777,3.5777,0.0000
2.415,100877.117188,299.5715,1.172109484673e+00,347.0363,3.5777,3.5777,0.0000
2.418,100877.070312,299.5715,1.172109007835e+00,347.0362,3.5778,3.5778,0.0000
2.421,100877.015625,299.5715,1.172108530998e+00,347.0362,3.5778,3.5778,0.0000
2.425,100876.976562,299.5714,1.172108173370e+00,347.0362,3.5779,3.5779,0.0000
2.428,100876.976562,299.5714,1.172108173370e+00,347.0362,3.5779,3.5779,0.0000
2.431,100876.867188,299.5714,1.172107100487e+00,347.0362,3.5780,3.5780,0.0000
2.435,100876.820312,299.5714,1.172106742859e+00,347.0361,3.5781,3.5781,0.0000
2.438,100876.765625,299.5714,1.172106146812e+00,347.0362,3.5781,3.5781,0.0000
2.441,100876.781250,299.5714,1.172106385231e+00,347.0362,3.5782,3.5782,0.0000
2.445,100876.726562,299.5714,1.172105908394e+00,347.0361,3.5782,3.5782,0.0000
2.448,100876.671875,299.5713,1.172105312347e+00,347.0361,3.5783,3.5783,0.0000
2.452,100876.671875,299.5713,1.172105312347e+00,347.0361,3.5783,3.5783,0.0000
2.455,100876.585938,299.5713,1.172104358673e+00,347.0361,3.5784,3.5784,0.0000
2.458,100876.585938,299.5713,1.172104358673e+00,347.0361,3.5785,3.5785,0.0000
2.462,100876.578125,299.5713,1.172104597092e+00,347.0361,3.5785,3.5785,0.0000
2.465,100876.531250,299.5712,1.172104001045e+00,347.0360,3.5786,3.5786,0.0000
2.469,100876.492188,299.5712,1.172103762627e+00,347.0360,3.5786,3.5786,0.0000
2.472,100876.437500,299.5712,1.172103166580e+00,347.0360,3.5787,3.5787,0.0000
2.475,100876.390625,299.5712,1.172102570534e+00,347.0360,3.5788,3.5788,0.0000
2.479,100876.390625,299.5711,1.172102808952e+00,347.0360,3.5788,3.5788,0.0000
2.482,100876.351562,299.5711,1.172102451324e+00,347.0360,3.5789,3.5789,0.0000
2.486,100876.296875,299.5711,1.172101736069e+00,347.0360,3.5789,3.5789,0.0000
2.489,100876.296875,299.5711,1.172101736069e+00,347.0360,3.5790,3.5790,0.0000
2.493,100876.195312,299.5710,1.172100782394e+00,347.0360,3.5791,3.5791,0.0000
2.496,100876.140625,299.5710,1.172100305557e+00,347.0359,3.5791,3.5791,0.0000
2.499,100876.117188,299.5710,1.172100067139e+00,347.0360,3.5792,3.5792,0.0000
2.503,100876.078125,299.5710,1.172099471092e+00,347.0360,3.5792,3.5792,0.0000
2.506,100876.070312,299.5710,1.172099471092e+00,347.0359,3.5793,3.5793,0.0000
2.510,100875.953125,299.5710,1.172098398209e+00,347.0359,3.5794,3.5794,0.0000
2.513,100875.953125,299.5710,1.172098398209e+00,347.0359,3.5794,3.5794,0.0000
2.517,100875.921875,299.5709,1.172098040581e+00,347.0359,3.5795,3.5795,0.0000
2.520,100875.867188,299.5709,1.172097325325e+00,347.0359,3.5795,3.5795,0.0000
2.524,100875.812500,299.5709,1.172096967697e+00,347.0359,3.5796,3.5796,0.0000
2.527,100875.812500,299.5709,1.172096967697e+00,347.0359,3.5797,3.5797,0.0000
2.531,100875.781250,299.5708,1.172096729279e+00,347.0359,3.5797,3.5797,0.0000
2.534,100875.765625,299.5708,1.172096729279e+00,347.0359,3.5798,3.5798,0.0000
2.538,100875.656250,299.5708,1.172095894814e+00,347.0358,3.5798,3.5798,0.0000
2.541,100875.656250,299.5708,1.172095894814e+00,347.0358,3.5799,3.5799,0.0000
2.545,100875.609375,299.5708,1.172095179558e+00,347.0358,3.5800,3.5800,0.0000
2.548,100875.515625,299.5707,1.172094225883e+00,347.0358,3.5800,3.5800,0.0000
2.552,100875.515625,299.5707,1.172094225883e+00,347.0358,3.5801,3.5801,0.0000
2.555,100875.484375,299.5707,1.172093868256e+00,347.0358,3.5801,3.5801,0.0000
2.559,100875.429688,299.5707,1.172093272209e+00,347.0358,3.5802,3.5802,0.0000
2.562,100875.375000,299.5706,1.172092914581e+00,347.0357,3.5803,3.5803,0.0000
2.566,100875.343750,299.5706,1.172092556953e+00,347.0357,3.5803,3.5803,0.0000
2.569,100875.281250,299.5706,1.172091960907e+00,347.0357,3.5804,3.5804,0.0000
2.573,100875.281250,299.5706,1.172091960907e+00,347.0357,3.5804,3.5804,0.0000
2.577,100875.250000,299.5706,1.172091603279e+00,347.0357,3.5805,3.5805,0.0000
2.580,100875.250000,299.5706,1.172091603279e+00,347.0357,3.5806,3.5806,0.0000
2.584,100875.187500,299.5705,1.172091126442e+00,347.0357,3.5806,3.5806,0.0000
2.587,100875.132812,299.5705,1.172090649605e+00,347.0356,3.5807,3.5807,0.0000
2.591,100875.093750,299.5705,1.172090291977e+00,347.0356,3.5808,3.5808,0.0000
2.594,100875.046875,299.5704,1.172089934349e+00,347.0356,3.5808,3.5808,0.0000
2.598,100874.992188,299.5704,1.172089219093e+00,347.0357,3.5809,3.5809,0.0000
2.602,100874.960938,299.5704,1.172088980675e+00,347.0356,3.5809,3.5809,0.0000
2.605,100874.953125,299.5704,1.172089099884e+00,347.0356,3.5810,3.5810,0.0000
2.609,100874.859375,299.5704,1.172087907791e+00,347.0356,3.5811,3.5811,0.0000
2.612,100874.812500,299.5704,1.172087311745e+00,347.0356,3.5811,3.5811,0.0000
2.616,100874.765625,299.5703,1.172086954117e+00,347.0356,3.5812,3.5812,0.0000
2.620,100874.726562,299.5703,1.172086596489e+00,347.0356,3.5812,3.5812,0.0000
2.623,100874.671875,299.5703,1.172086000443e+00,347.0356,3.5813,3.5813,0.0000
2.627,100874.601562,299.5703,1.172085523605e+00,347.0355,3.5814,3.5814,0.0000
2.631,100874.601562,299.5703,1.172085523605e+00,347.0355,3.5814,3.5814,0.0000
2.634,100874.562500,299.5702,1.172085285187e+00,347.0355,3.5815,3.5815,0.0000
2.638,100874.562500,299.5702,1.172085285187e+00,347.0355,3.5816,3.5816,0.0000
2.641,100874.523438,299.5702,1.172084689140e+00,347.0356,3.5816,3.5816,0.0000
2.645,100874.523438,299.5702,1.172084689140e+00,347.0356,3.5817,3.5817,0.0000
2.649,100874.460938,299.5702,1.172084331512e+00,347.0355,3.5817,3.5817,0.0000
2.652,100874.429688,299.5702,1.172083854675e+00,347.0355,3.5818,3.5818,0.0000
2.656,100874.359375,299.5701,1.172083258629e+00,347.0355,3.5819,3.5819,0.0000
2.660,100874.328125,299.5701,1.172082781792e+00,347.0354,3.5819,3.5819,0.0000
2.663,100874.187500,299.5700,1.172081470490e+00,347.0354,3.5820,3.5820,0.0000
2.667,100874.187500,299.5700,1.172081470490e+00,347.0354,3.5821,3.5821,0.0000
2.671,100874.171875,299.5700,1.172081470490e+00,347.0354,3.5821,3.5821,0.0000
2.675,100874.125000,299.5700,1.172080993652e+00,347.0354,3.5822,3.5822,0.0000
2.678,100874.070312,299.5700,1.172080397606e+00,347.0354,3.5823,3.5823,0.0000
2.682,100874.039062,299.5699,1.172080039978e+00,347.0354,3.5823,3.5823,0.0000
2.686,100873.945312,299.5699,1.172078967094e+00,347.0354,3.5824,3.5824,0.0000
2.689,100873.898438,299.5699,1.172078609467e+00,347.0353,3.5824,3.5824,0.0000
2.693,100873.898438,299.5699,1.172078609467e+00,347.0353,3.5825,3.5825,0.0000
2.697,100873.851562,299.5698,1.172078132629e+00,347.0353,3.5826,3.5826,0.0000
2.700,100873.804688,299.5698,1.172077775002e+00,347.0353,3.5826,3.5826,0.0000
2.704,100873.757812,299.5698,1.172077178955e+00,347.0353,3.5827,3.5827,0.0000
2.708,100873.710938,299.5698,1.172076940536e+00,347.0352,3.5828,3.5828,0.0000
2.712,100873.710938,299.5698,1.172076940536e+00,347.0352,3.5828,3.5828,0.0000
2.715,100873.609375,299.5697,1.172075748444e+00,347.0352,3.5829,3.5829,0.0000
2.719,100873.609375,299.5697,1.172075748444e+00,347.0352,3.5830,3.5830,0.0000
2.723,100873.562500,299.5697,1.172075510025e+00,347.0352,3.5830,3.5830,0.0000
2.727,100873.460938,299.5696,1.172074556351e+00,347.0352,3.5831,3.5831,0.0000
2.731,100873.421875,299.5696,1.172074079514e+00,347.0352,3.5832,3.5832,0.0000
2.734,100873.421875,299.5696,1.172074317932e+00,347.0351,3.5832,3.5832,0.0000
2.738,100873.367188,299.5696,1.172073364258e+00,347.0351,3.5833,3.5833,0.0000
2.742,100873.328125,299.5696,1.172073006630e+00,347.0351,3.5834,3.5834,0.0000
2.746,100873.265625,299.5695,1.172072410583e+00,347.0351,3.5834,3.5834,0.0000
2.749,100873.218750,299.5695,1.172072172165e+00,347.0351,3.5835,3.5835,0.0000
2.753,100873.179688,299.5695,1.172071695328e+00,347.0351,3.5835,3.5835,0.0000
2.757,100873.171875,299.5695,1.172071695328e+00,347.0350,3.5836,3.5836,0.0000
2.761,100873.070312,299.5695,1.172070622444e+00,347.0351,3.5837,3.5837,0.0000
2.765,100873.062500,299.5694,1.172070741653e+00,347.0350,3.5837,3.5837,0.0000
2.768,100873.015625,299.5694,1.172070384026e+00,347.0350,3.5838,3.5838,0.0000
2.772,100872.968750,299.5694,1.172070026398e+00,347.0350,3.5839,3.5839,0.0000
2.776,100872.929688,299.5694,1.172069430351e+00,347.0350,3.5839,3.5839,0.0000
2.780,100872.882812,299.5693,1.172069072723e+00,347.0350,3.5840,3.5840,0.0000
2.784,100872.890625,299.5693,1.172069191933e+00,347.0350,3.5841,3.5841,0.0000
2.788,100872.773438,299.5693,1.172067999840e+00,347.0350,3.5841,3.5841,0.0000
2.792,100872.742188,299.5692,1.172067761421e+00,347.0349,3.5842,3.5842,0.0000
2.795,100872.695312,299.5692,1.172067165375e+00,347.0350,3.5843,3.5843,0.0000
2.799,100872.640625,299.5692,1.172066688538e+00,347.0349,3.5843,3.5843,0.0000
2.803,100872.601562,299.5692,1.172066330910e+00,347.0349,3.5844,3.5844,0.0000
2.807,100872.562500,299.5692,1.172065854073e+00,347.0349,3.5845,3.5845,0.0000
2.811,100872.554688,299.5692,1.172065854073e+00,347.0349,3.5845,3.5845,0.0000
2.815,100872.484375,299.5691,1.172065377235e+00,347.0349,3.5846,3.5846,0.0000
2.819,100872.445312,299.5691,1.172064781189e+00,347.0349,3.5847,3.5847,0.0000
2.823,100872.414062,299.5691,1.172064661980e+00,347.0348,3.5847,3.5847,0.0000
2.826,100872.359375,299.5691,1.172063946724e+00,347.0348,3.5848,3.5848,0.0000
2.830,100872.343750,299.5690,1.172063946724e+00,347.0348,3.5849,3.5849,0.0000
2.834,100872.304688,299.5690,1.172063231468e+00,347.0348,3.5849,3.5849,0.0000
2.838,100872.273438,299.5690,1.172062993050e+00,347.0348,3.5850,3.5850,0.0000
2.842,100872.218750,299.5690,1.172062516212e+00,347.0348,3.5851,3.5851,0.0000
2.846,100872.117188,299.5690,1.172061324120e+00,347.0348,3.5851,3.5851,0.0000
2.850,100872.117188,299.5689,1.172061562538e+00,347.0348,3.5852,3.5852,0.0000
2.854,100872.015625,299.5689,1.172060489655e+00,347.0348,3.5853,3.5853,0.0000
2.858,100872.023438,299.5689,1.172060728073e+00,347.0347,3.5853,3.5853,0.0000
2.862,100871.960938,299.5689,1.172060132027e+00,347.0347,3.5854,3.5854,0.0000
2.866,100871.921875,299.5688,1.172059893608e+00,347.0347,3.5855,3.5855,0.0000
2.870,100871.867188,299.5688,1.172059178352e+00,347.0347,3.5856,3.5856,0.0000
2.874,100871.828125,299.5688,1.172058939934e+00,347.0347,3.5856,3.5856,0.0000
2.878,100871.812500,299.5688,1.172058939934e+00,347.0346,3.5857,3.5857,0.0000
2.882,100871.781250,299.5687,1.172058701515e+00,347.0346,3.5858,3.5858,0.0000
2.886,100871.734375,299.5687,1.172057986259e+00,347.0346,3.5858,3.5858,0.0000
2.890,100871.632812,299.5687,1.172057151794e+00,347.0346,3.5859,3.5859,0.0000
2.894,100871.570312,299.5686,1.172056674957e+00,347.0345,3.5860,3.5860,0.0000
2.898,100871.539062,299.5686,1.172056198120e+00,347.0346,3.5860,3.5860,0.0000
2.902,100871.390625,299.5686,1.172054529190e+00,347.0345,3.5861,3.5861,0.0000
2.906,100871.390625,299.5686,1.172054529190e+00,347.0345,3.5862,3.5862,0.0000
2.910,100871.390625,299.5686,1.172054648399e+00,347.0345,3.5862,3.5862,0.0000
2.914,100871.398438,299.5685,1.172055006027e+00,347.0345,3.5863,3.5863,0.0000
2.918,100871.296875,299.5685,1.172053813934e+00,347.0345,3.5864,3.5864,0.0000
2.922,100871.296875,299.5685,1.172053933144e+00,347.0345,3.5864,3.5864,0.0000
2.926,100871.257812,299.5685,1.172053456306e+00,347.0345,3.5865,3.5865,0.0000
2.930,100871.210938,299.5685,1.172052860260e+00,347.0345,3.5866,3.5866,0.0000
2.934,100871.148438,299.5684,1.172052383423e+00,347.0345,3.5867,3.5867,0.0000
2.938,100871.054688,299.5684,1.172051429749e+00,347.0345,3.5867,3.5867,0.0000
2.942,100871.054688,299.5684,1.172051429749e+00,347.0345,3.5868,3.5868,0.0000
2.946,100871.007812,299.5684,1.172050952911e+00,347.0345,3.5869,3.5869,0.0000
2.950,100871.007812,299.5684,1.172050952911e+00,347.0344,3.5869,3.5869,0.0000
2.954,100870.960938,299.5683,1.172050595284e+00,347.0344,3.5870,3.5870,0.0000
2.958,100870.867188,299.5683,1.172049760818e+00,347.0344,3.5871,3.5871,0.0000
2.962,100870.765625,299.5683,1.172048687935e+00,347.0344,3.5871,3.5871,0.0000
2.967,100870.710938,299.5682,1.172048091888e+00,347.0344,3.5872,3.5872,0.0000
2.971,100870.671875,299.5682,1.172047734261e+00,347.0343,3.5873,3.5873,0.0000
2.975,100870.671875,299.5682,1.172047734261e+00,347.0343,3.5874,3.5874,0.0000
2.979,100870.570312,299.5681,1.172047019005e+00,347.0343,3.5874,3.5874,0.0000
2.983,100870.570312,299.5681,1.172047019005e+00,347.0343,3.5875,3.5875,0.0000
2.987,100870.523438,299.5681,1.172046542168e+00,347.0343,3.5876,3.5876,0.0000
2.991,100870.476562,299.5681,1.172046065331e+00,347.0343,3.5876,3.5876,0.0000
2.995,100870.476562,299.5681,1.172046184540e+00,347.0342,3.5877,3.5877,0.0000
2.999,100870.382812,299.5681,1.172044992447e+00,347.0342,3.5878,3.5878,0.0000
3.004,100870.390625,299.5680,1.172045350075e+00,347.0342,3.5878,3.5878,0.0000
3.008,100870.281250,299.5680,1.172044157982e+00,347.0342,3.5879,3.5879,0.0000
3.012,100870.242188,299.5679,1.172043800354e+00,347.0342,3.5880,3.5880,0.0000
3.016,100870.242188,299.5679,1.172043800354e+00,347.0342,3.5881,3.5881,0.0000
3.020,100870.109375,299.5679,1.172042369843e+00,347.0342,3.5881,3.5881,0.0000
3.024,100870.109375,299.5679,1.172042369843e+00,347.0342,3.5882,3.5882,0.0000
3.029,100870.046875,299.5679,1.172041654587e+00,347.0341,3.5883,3.5883,0.0000
3.033,100870.000000,299.5678,1.172041177750e+00,347.0341,3.5884,3.5884,0.0000
3.037,100869.953125,299.5678,1.172040700912e+00,347.0341,3.5884,3.5884,0.0000
3.041,100869.906250,299.5678,1.172040343285e+00,347.0341,3.5885,3.5885,0.0000
3.045,100869.906250,299.5678,1.172040343285e+00,347.0341,3.5886,3.5886,0.0000
3.050,100869.796875,299.5677,1.172039508820e+00,347.0340,3.5886,3.5886,0.0000
3.054,100869.765625,299.5677,1.172039270401e+00,347.0340,3.5887,3.5887,0.0000
3.058,100869.765625,299.5677,1.172039270401e+00,347.0340,3.5888,3.5888,0.0000
3.062,100869.656250,299.5677,1.172038078308e+00,347.0340,3.5889,3.5889,0.0000
3.067,100869.656250,299.5677,1.172038078308e+00,347.0340,3.5889,3.5889,0.0000
3.071,100869.617188,299.5676,1.172037601471e+00,347.0340,3.5890,3.5890,0.0000
3.075,100869.507812,299.5676,1.172036647797e+00,347.0340,3.5891,3.5891,0.0000
3.079,100869.507812,299.5676,1.172036647797e+00,347.0340,3.5891,3.5891,0.0000
3.084,100869.375000,299.5675,1.172035217285e+00,347.0339,3.5892,3.5892,0.0000
3.088,100869.375000,299.5675,1.172035217285e+00,347.0339,3.5893,3.5893,0.0000
3.092,100869.328125,299.5675,1.172034978867e+00,347.0339,3.5894,3.5894,0.0000
3.096,100869.226562,299.5675,1.172033786774e+00,347.0339,3.5894,3.5894,0.0000
3.101,100869.226562,299.5675,1.172033786774e+00,347.0339,3.5895,3.5895,0.0000
3.105,100869.218750,299.5674,1.172033786774e+00,347.0339,3.5896,3.5896,0.0000
3.109,100869.140625,299.5674,1.172033071518e+00,347.0339,3.5897,3.5897,0.0000
3.114,100869.140625,299.5674,1.172033071518e+00,347.0339,3.5897,3.5897,0.0000
3.118,100869.039062,299.5673,1.172031998634e+00,347.0339,3.5898,3.5898,0.0000
3.122,100869.039062,299.5673,1.172031998634e+00,347.0339,3.5899,3.5899,0.0000
3.126,100868.937500,299.5673,1.172031283379e+00,347.0338,3.5900,3.5900,0.0000
3.131,100868.851562,299.5672,1.172030329704e+00,347.0338,3.5900,3.5900,0.0000
3.135,100868.851562,299.5672,1.172030329704e+00,347.0338,3.5901,3.5901,0.0000
3.139,100868.796875,299.5672,1.172029852867e+00,347.0338,3.5902,3.5902,0.0000
3.144,100868.703125,299.5672,1.172028899193e+00,347.0338,3.5903,3.5903,0.0000
3.148,100868.703125,299.5672,1.172028899193e+00,347.0338,3.5903,3.5903,0.0000
3.152,100868.601562,299.5671,1.172027945518e+00,347.0337,3.5904,3.5904,0.0000
3.157,100868.507812,299.5671,1.172026991844e+00,347.0337,3.5905,3.5905,0.0000
3.161,100868.507812,299.5671,1.172026991844e+00,347.0337,3.5906,3.5906,0.0000
3.166,100868.460938,299.5670,1.172026634216e+00,347.0337,3.5906,3.5906,0.0000
3.170,100868.460938,299.5670,1.172026634216e+00,347.0337,3.5907,3.5907,0.0000
3.174,100868.367188,299.5670,1.172025442123e+00,347.0337,3.5908,3.5908,0.0000
3.179,100868.320312,299.5670,1.172025203705e+00,347.0336,3.5909,3.5909,0.0000
3.183,100868.320312,299.5670,1.172025203705e+00,347.0336,3.5909,3.5909,0.0000
3.188,100868.218750,299.5669,1.172024369240e+00,347.0336,3.5910,3.5910,0.0000
3.192,100868.218750,299.5669,1.172024369240e+00,347.0336,3.5911,3.5911,0.0000
3.196,100868.117188,299.5669,1.172023415565e+00,347.0336,3.5912,3.5912,0.0000
3.201,100868.117188,299.5669,1.172023415565e+00,347.0336,3.5912,3.5912,0.0000
3.205,100868.023438,299.5668,1.172022342682e+00,347.0335,3.5913,3.5913,0.0000
3.210,100867.976562,299.5668,1.172021865845e+00,347.0335,3.5914,3.5914,0.0000
3.214,100867.875000,299.5667,1.172020912170e+00,347.0335,3.5915,3.5915,0.0000
3.218,100867.781250,299.5667,1.172020196915e+00,347.0334,3.5915,3.5915,0.0000
3.223,100867.781250,299.5667,1.172020196915e+00,347.0334,3.5916,3.5916,0.0000
3.227,100867.781250,299.5667,1.172020196915e+00,347.0334,3.5917,3.5917,0.0000
3.232,100867.742188,299.5667,1.172019839287e+00,347.0334,3.5918,3.5918,0.0000
3.236,100867.703125,299.5666,1.172019481659e+00,347.0334,3.5918,3.5918,0.0000
3.241,100867.585938,299.5666,1.172018289566e+00,347.0334,3.5919,3.5919,0.0000
3.245,100867.492188,299.5665,1.172017335892e+00,347.0334,3.5920,3.5920,0.0000
3.250,100867.492188,299.5665,1.172017335892e+00,347.0334,3.5921,3.5921,0.0000
3.254,100867.453125,299.5665,1.172016978264e+00,347.0334,3.5921,3.5921,0.0000
3.259,100867.453125,299.5665,1.172016978264e+00,347.0334,3.5922,3.5922,0.0000
3.263,100867.304688,299.5665,1.172015428543e+00,347.0334,3.5923,3.5923,0.0000
3.268,100867.257812,299.5664,1.172014951706e+00,347.0333,3.5924,3.5924,0.0000
3.272,100867.250000,299.5664,1.172014951706e+00,347.0333,3.5925,3.5925,0.0000
3.277,100867.218750,299.5664,1.172014713287e+00,347.0333,3.5925,3.5925,0.0000
3.281,100867.156250,299.5663,1.172014117241e+00,347.0333,3.5926,3.5926,0.0000
3.286,100867.156250,299.5663,1.172014117241e+00,347.0333,3.5927,3.5927,0.0000
3.290,100867.062500,299.5663,1.172013282776e+00,347.0333,3.5928,3.5928,0.0000
3.295,100866.968750,299.5663,1.172012329102e+00,347.0332,3.5928,3.5928,0.0000
3.300,100866.968750,299.5663,1.172012329102e+00,347.0332,3.5929,3.5929,0.0000
3.304,100866.921875,299.5663,1.172011733055e+00,347.0332,3.5930,3.5930,0.0000
3.309,100866.859375,299.5662,1.172011494637e+00,347.0332,3.5931,3.5931,0.0000
3.313,100866.773438,299.5661,1.172010660172e+00,347.0331,3.5932,3.5932,0.0000
3.318,100866.773438,299.5661,1.172010660172e+00,347.0331,3.5932,3.5932,0.0000
3.322,100866.632812,299.5661,1.172009110451e+00,347.0331,3.5933,3.5933,0.0000
3.327,100866.632812,299.5661,1.172009110451e+00,347.0331,3.5934,3.5934,0.0000
3.332,100866.531250,299.5660,1.172008395195e+00,347.0331,3.5935,3.5935,0.0000
3.336,100866.437500,299.5660,1.172006964684e+00,347.0331,3.5935,3.5935,0.0000
3.341,100866.437500,299.5660,1.172006964684e+00,347.0331,3.5936,3.5936,0.0000
3.345,100866.437500,299.5660,1.172007083893e+00,347.0331,3.5937,3.5937,0.0000
3.350,100866.351562,299.5659,1.172006130219e+00,347.0331,3.5938,3.5938,0.0000
3.355,100866.351562,299.5659,1.172006130219e+00,347.0331,3.5939,3.5939,0.0000
3.359,100866.234375,299.5659,1.172005176544e+00,347.0330,3.5939,3.5939,0.0000
3.364,100866.156250,299.5659,1.172004342079e+00,347.0330,3.5940,3.5940,0.0000
3.369,100866.156250,299.5659,1.172004342079e+00,347.0330,3.5941,3.5941,0.0000
3.373,100866.101562,299.5658,1.172003865242e+00,347.0330,3.5942,3.5942,0.0000
3.378,100866.062500,299.5657,1.172003746033e+00,347.0329,3.5943,3.5943,0.0000
3.383,100865.914062,299.5657,1.172001957893e+00,347.0329,3.5943,3.5943,0.0000
3.387,100865.914062,299.5657,1.172001957893e+00,347.0329,3.5944,3.5944,0.0000
3.392,100865.859375,299.5657,1.172001481056e+00,347.0329,3.5945,3.5945,0.0000
3.397,100865.859375,299.5657,1.172001481056e+00,347.0329,3.5946,3.5946,0.0000
3.401,100865.757812,299.5657,1.172000527382e+00,347.0328,3.5947,3.5947,0.0000
3.406,100865.703125,299.5656,1.172000169754e+00,347.0328,3.5947,3.5947,0.0000
3.411,100865.703125,299.5656,1.172000169754e+00,347.0328,3.5948,3.5948,0.0000
3.415,100865.617188,299.5656,1.171999335289e+00,347.0328,3.5949,3.5949,0.0000
3.420,100865.523438,299.5655,1.171998620033e+00,347.0328,3.5950,3.5950,0.0000
3.425,100865.468750,299.5655,1.171998143196e+00,347.0327,3.5951,3.5951,0.0000
3.430,100865.468750,299.5655,1.171998143196e+00,347.0327,3.5951,3.5951,0.0000
3.434,100865.429688,299.5654,1.171997785568e+00,347.0327,3.5952,3.5952,0.0000
3.439,100865.289062,299.5654,1.171995997429e+00,347.0327,3.5953,3.5953,0.0000
3.444,100865.289062,299.5654,1.171995997429e+00,347.0327,3.5954,3.5954,0.0000
3.449,100865.187500,299.5653,1.171995282173e+00,347.0327,3.5955,3.5955,0.0000
3.453,100865.195312,299.5653,1.171995401382e+00,347.0327,3.5956,3.5956,0.0000
3.458,100865.085938,299.5653,1.171994209290e+00,347.0326,3.5956,3.5956,0.0000
3.463,100865.039062,299.5653,1.171993732452e+00,347.0327,3.5957,3.5957,0.0000
3.468,100864.984375,299.5652,1.171993374825e+00,347.0326,3.5958,3.5958,0.0000
3.473,100864.984375,299.5652,1.171993374825e+00,347.0326,3.5959,3.5959,0.0000
3.477,100864.945312,299.5652,1.171993017197e+00,347.0326,3.5960,3.5960,0.0000
3.482,100864.851562,299.5652,1.171991944313e+00,347.0326,3.5960,3.5960,0.0000
3.487,100864.812500,299.5651,1.171991586685e+00,347.0326,3.5961,3.5961,0.0000
3.492,100864.750000,299.5651,1.171991109848e+00,347.0325,3.5962,3.5962,0.0000
3.497,100864.703125,299.5651,1.171990752220e+00,347.0325,3.5963,3.5963,0.0000
3.502,100864.554688,299.5650,1.171989202499e+00,347.0325,3.5964,3.5964,0.0000
3.506,100864.554688,299.5650,1.171989202499e+00,347.0325,3.5965,3.5965,0.0000
3.511,100864.507812,299.5650,1.171988844872e+00,347.0324,3.5965,3.5965,0.0000
3.516,100864.414062,299.5649,1.171987891197e+00,347.0324,3.5966,3.5966,0.0000
3.521,100864.359375,299.5649,1.171987295151e+00,347.0324,3.5967,3.5967,0.0000
3.526,100864.367188,299.5649,1.171987533569e+00,347.0324,3.5968,3.5968,0.0000
3.531,100864.273438,299.5648,1.171986579895e+00,347.0324,3.5969,3.5969,0.0000
3.536,100864.226562,299.5648,1.171986103058e+00,347.0324,3.5970,3.5970,0.0000
3.540,100864.179688,299.5648,1.171985626221e+00,347.0323,3.5970,3.5970,0.0000
3.545,100864.125000,299.5648,1.171985149384e+00,347.0323,3.5971,3.5971,0.0000
3.550,100864.070312,299.5648,1.171984553337e+00,347.0323,3.5972,3.5972,0.0000
3.555,100863.937500,299.5647,1.171983242035e+00,347.0323,3.5973,3.5973,0.0000
3.560,100863.929688,299.5647,1.171983242035e+00,347.0323,3.5974,3.5974,0.0000
3.565,100863.835938,299.5646,1.171982407570e+00,347.0323,3.5975,3.5975,0.0000
3.570,100863.843750,299.5646,1.171982526779e+00,347.0323,3.5975,3.5975,0.0000
3.575,100863.789062,299.5646,1.171981930733e+00,347.0322,3.5976,3.5976,0.0000
3.580,100863.742188,299.5646,1.171981334686e+00,347.0323,3.5977,3.5977,0.0000
3.585,100863.648438,299.5645,1.171980500221e+00,347.0322,3.5978,3.5978,0.0000
3.590,100863.640625,299.5645,1.171980500221e+00,347.0322,3.5979,3.5979,0.0000
3.595,100863.546875,299.5645,1.171979546547e+00,347.0322,3.5980,3.5980,0.0000
3.600,100863.500000,299.5645,1.171979188919e+00,347.0322,3.5980,3.5980,0.0000
3.605,100863.460938,299.5644,1.171978712082e+00,347.0322,3.5981,3.5981,0.0000
3.610,100863.414062,299.5644,1.171978235245e+00,347.0322,3.5982,3.5982,0.0000
3.615,100863.359375,299.5644,1.171977758408e+00,347.0322,3.5983,3.5983,0.0000
3.620,100863.210938,299.5643,1.171976208687e+00,347.0321,3.5984,3.5984,0.0000
3.625,100863.210938,299.5643,1.171976327896e+00,347.0321,3.5985,3.5985,0.0000
3.630,100863.171875,299.5643,1.171975851059e+00,347.0321,3.5986,3.5986,0.0000
3.635,100863.070312,299.5642,1.171975135803e+00,347.0321,3.5986,3.5986,0.0000
3.640,100863.023438,299.5642,1.171974658966e+00,347.0321,3.5987,3.5987,0.0000
3.645,100863.015625,299.5642,1.171974658966e+00,347.0320,3.5988,3.5988,0.0000
3.650,100862.921875,299.5641,1.171973705292e+00,347.0320,3.5989,3.5989,0.0000
3.655,100862.882812,299.5641,1.171973109245e+00,347.0320,3.5990,3.5990,0.0000
3.660,100862.828125,299.5641,1.171972870827e+00,347.0320,3.5991,3.5991,0.0000
3.665,100862.734375,299.5640,1.171971797943e+00,347.0319,3.5992,3.5992,0.0000
3.670,100862.734375,299.5640,1.171971797943e+00,347.0319,3.5992,3.5992,0.0000
3.675,100862.632812,299.5640,1.171970725060e+00,347.0319,3.5993,3.5993,0.0000
3.680,100862.492188,299.5640,1.171969294548e+00,347.0319,3.5994,3.5994,0.0000
3.685,100862.492188,299.5640,1.171969294548e+00,347.0319,3.5995,3.5995,0.0000
3.690,100862.398438,299.5639,1.171968340874e+00,347.0319,3.5996,3.5996,0.0000
3.695,100862.351562,299.5639,1.171967983246e+00,347.0318,3.5997,3.5997,0.0000
3.700,100862.296875,299.5638,1.171967625618e+00,347.0318,3.5998,3.5998,0.0000
3.706,100862.296875,299.5638,1.171967625618e+00,347.0318,3.5999,3.5999,0.0000
3.711,100862.203125,299.5638,1.171966433525e+00,347.0318,3.5999,3.5999,0.0000
3.716,100862.164062,299.5638,1.171966195107e+00,347.0318,3.6000,3.6000,0.0000
3.721,100862.164062,299.5638,1.171966195107e+00,347.0318,3.6001,3.6001,0.0000
3.726,100862.007812,299.5637,1.171964764595e+00,347.0317,3.6002,3.6002,0.0000
3.731,100861.960938,299.5637,1.171964287758e+00,347.0317,3.6003,3.6003,0.0000
3.736,100861.867188,299.5636,1.171963453293e+00,347.0317,3.6004,3.6004,0.0000
3.742,100861.820312,299.5636,1.171963095665e+00,347.0316,3.6005,3.6005,0.0000
3.747,100861.820312,299.5636,1.171963095665e+00,347.0316,3.6006,3.6006,0.0000
3.752,100861.773438,299.5636,1.171962618828e+00,347.0317,3.6006,3.6006,0.0000
3.757,100861.671875,299.5635,1.171961545944e+00,347.0316,3.6007,3.6007,0.0000
3.762,100861.632812,299.5635,1.171961188316e+00,347.0316,3.6008,3.6008,0.0000
3.768,100861.523438,299.5634,1.171960115433e+00,347.0316,3.6009,3.6009,0.0000
3.773,100861.484375,299.5634,1.171959757805e+00,347.0316,3.6010,3.6010,0.0000
3.778,100861.484375,299.5634,1.171959757805e+00,347.0316,3.6011,3.6011,0.0000
3.783,100861.382812,299.5634,1.171958804131e+00,347.0316,3.6012,3.6012,0.0000
3.788,100861.382812,299.5634,1.171958804131e+00,347.0316,3.6013,3.6013,0.0000
3.794,100861.289062,299.5633,1.171957850456e+00,347.0315,3.6014,3.6014,0.0000
3.799,100861.148438,299.5632,1.171956539154e+00,347.0315,3.6014,3.6014,0.0000
3.804,100861.148438,299.5632,1.171956539154e+00,347.0315,3.6015,3.6015,0.0000
3.809,100861.054688,299.5632,1.171955585480e+00,347.0315,3.6016,3.6016,0.0000
3.815,100861.000000,299.5632,1.171954989433e+00,347.0315,3.6017,3.6017,0.0000
3.820,100860.945312,299.5631,1.171954631805e+00,347.0314,3.6018,3.6018,0.0000
3.825,100860.851562,299.5631,1.171953797340e+00,347.0314,3.6019,3.6019,0.0000
3.831,100860.851562,299.5631,1.171953797340e+00,347.0314,3.6020,3.6020,0.0000
3.836,100860.765625,299.5630,1.171952962875e+00,347.0313,3.6021,3.6021,0.0000
3.841,100860.765625,299.5630,1.171952962875e+00,347.0313,3.6022,3.6022,0.0000
3.846,100860.718750,299.5630,1.171952486038e+00,347.0313,3.6023,3.6023,0.0000
3.852,100860.617188,299.5630,1.171951651573e+00,347.0313,3.6023,3.6023,0.0000
3.857,100860.539062,299.5629,1.171950697899e+00,347.0313,3.6024,3.6024,0.0000
3.862,100860.414062,299.5629,1.171949386597e+00,347.0312,3.6025,3.6025,0.0000
3.868,100860.414062,299.5629,1.171949386597e+00,347.0312,3.6026,3.6026,0.0000
3.873,100860.320312,299.5628,1.171948552132e+00,347.0312,3.6027,3.6027,0.0000
3.878,100860.281250,299.5628,1.171948194504e+00,347.0312,3.6028,3.6028,0.0000
3.884,100860.242188,299.5628,1.171947717667e+00,347.0312,3.6029,3.6029,0.0000
3.889,100860.148438,299.5627,1.171947002411e+00,347.0312,3.6030,3.6030,0.0000
3.895,100860.132812,299.5627,1.171947002411e+00,347.0312,3.6031,3.6031,0.0000
3.900,100860.031250,299.5627,1.171945691109e+00,347.0312,3.6032,3.6032,0.0000
3.905,100859.992188,299.5626,1.171945452690e+00,347.0311,3.6033,3.6033,0.0000
3.911,100859.945312,299.5626,1.171944975853e+00,347.0311,3.6033,3.6033,0.0000
3.916,100859.804688,299.5626,1.171943545341e+00,347.0311,3.6034,3.6034,0.0000
3.922,100859.765625,299.5625,1.171943306923e+00,347.0311,3.6035,3.6035,0.0000
3.927,100859.718750,299.5625,1.171942830086e+00,347.0310,3.6036,3.6036,0.0000
3.932,100859.671875,299.5625,1.171942353249e+00,347.0310,3.6037,3.6037,0.0000
3.938,100859.601562,299.5624,1.171941995621e+00,347.0310,3.6038,3.6038,0.0000
3.943,100859.546875,299.5624,1.171941280365e+00,347.0310,3.6039,3.6039,0.0000
3.949,100859.523438,299.5624,1.171941041946e+00,347.0310,3.6040,3.6040,0.0000
3.954,100859.406250,299.5623,1.171939849854e+00,347.0309,3.6041,3.6041,0.0000
3.960,100859.359375,299.5623,1.171939492226e+00,347.0309,3.6042,3.6042,0.0000
3.965,100859.312500,299.5623,1.171939015388e+00,347.0309,3.6043,3.6043,0.0000
3.971,100859.265625,299.5622,1.171938657761e+00,347.0309,3.6044,3.6044,0.0000
3.976,100859.234375,299.5622,1.171938180923e+00,347.0309,3.6045,3.6045,0.0000
3.982,100859.070312,299.5622,1.171936631203e+00,347.0309,3.6046,3.6046,0.0000
3.987,100859.023438,299.5621,1.171936035156e+00,347.0309,3.6046,3.6046,0.0000
3.993,100858.976562,299.5621,1.171935677528e+00,347.0308,3.6047,3.6047,0.0000
3.998,100858.937500,299.5621,1.171935081482e+00,347.0308,3.6048,3.6048,0.0000
4.004,100858.843750,299.5620,1.171934366226e+00,347.0308,3.6049,3.6049,0.0000
4.009,100858.781250,299.5620,1.171933889389e+00,347.0308,3.6050,3.6050,0.0000
4.015,100858.750000,299.5620,1.171933531761e+00,347.0308,3.6051,3.6051,0.0000
4.020,100858.687500,299.5620,1.171932935715e+00,347.0308,3.6052,3.6052,0.0000
4.026,100858.656250,299.5619,1.171932578087e+00,347.0307,3.6053,3.6053,0.0000
4.031,100858.609375,299.5619,1.171932101250e+00,347.0307,3.6054,3.6054,0.0000
4.037,100858.546875,299.5619,1.171931743622e+00,347.0307,3.6055,3.6055,0.0000
4.043,100858.414062,299.5618,1.171930193901e+00,347.0307,3.6056,3.6056,0.0000
4.048,100858.359375,299.5618,1.171929597855e+00,347.0306,3.6057,3.6057,0.0000
4.054,100858.257812,299.5618,1.171928644180e+00,347.0306,3.6058,3.6058,0.0000
4.059,100858.257812,299.5617,1.171928882599e+00,347.0306,3.6059,3.6059,0.0000
4.065,100858.171875,299.5617,1.171927928925e+00,347.0306,3.6060,3.6060,0.0000
4.071,100858.132812,299.5616,1.171927571297e+00,347.0306,3.6061,3.6061,0.0000
4.076,100858.007812,299.5616,1.171926498413e+00,347.0305,3.6062,3.6062,0.0000
4.082,100857.968750,299.5616,1.171925902367e+00,347.0305,3.6063,3.6063,0.0000
4.088,100857.875000,299.5616,1.171924948692e+00,347.0305,3.6064,3.6064,0.0000
4.093,100857.867188,299.5615,1.171925306320e+00,347.0304,3.6065,3.6065,0.0000
4.099,100857.765625,299.5615,1.171924114227e+00,347.0305,3.6065,3.6065,0.0000
4.105,100857.671875,299.5614,1.171923279762e+00,347.0304,3.6066,3.6066,0.0000
4.110,100857.632812,299.5614,1.171922683716e+00,347.0304,3.6067,3.6067,0.0000
4.116,100857.578125,299.5614,1.171922445297e+00,347.0304,3.6068,3.6068,0.0000
4.122,100857.546875,299.5614,1.171921849251e+00,347.0304,3.6069,3.6069,0.0000
4.127,100857.445312,299.5613,1.171920895576e+00,347.0304,3.6070,3.6070,0.0000
4.133,100857.445312,299.5613,1.171920895576e+00,347.0304,3.6071,3.6071,0.0000
4.139,100857.304688,299.5612,1.171919584274e+00,347.0303,3.6072,3.6072,0.0000
4.144,100857.304688,299.5612,1.171919584274e+00,347.0303,3.6073,3.6073,0.0000
4.150,100857.210938,299.5612,1.171918869019e+00,347.0303,3.6074,3.6074,0.0000
4.156,100857.117188,299.5611,1.171917915344e+00,347.0303,3.6075,3.6075,0.0000
4.162,100857.007812,299.5611,1.171916723251e+00,347.0302,3.6076,3.6076,0.0000
4.167,100856.968750,299.5611,1.171916484833e+00,347.0302,3.6077,3.6077,0.0000
4.173,100856.914062,299.5610,1.171916007996e+00,347.0302,3.6078,3.6078,0.0000
4.179,100856.820312,299.5610,1.171914935112e+00,347.0302,3.6079,3.6079,0.0000
4.185,100856.773438,299.5609,1.171914577484e+00,347.0301,3.6080,3.6080,0.0000
4.190,100856.656250,299.5609,1.171913623810e+00,347.0301,3.6081,3.6081,0.0000
4.196,100856.625000,299.5609,1.171913266182e+00,347.0301,3.6082,3.6082,0.0000
4.202,100856.570312,299.5608,1.171912908554e+00,347.0301,3.6083,3.6083,0.0000
4.208,100856.531250,299.5609,1.171912074089e+00,347.0301,3.6084,3.6084,0.0000
4.214,100856.382812,299.5608,1.171910643578e+00,347.0301,3.6085,3.6085,0.0000
4.220,100856.382812,299.5608,1.171910762787e+00,347.0300,3.6086,3.6086,0.0000
4.225,100856.296875,299.5607,1.171909928322e+00,347.0300,3.6087,3.6087,0.0000
4.231,100856.242188,299.5607,1.171909451485e+00,347.0300,3.6088,3.6088,0.0000
4.237,100856.148438,299.5606,1.171908497810e+00,347.0300,3.6089,3.6089,0.0000
4.243,100856.109375,299.5606,1.171908259392e+00,347.0300,3.6090,3.6090,0.0000
4.249,100856.054688,299.5606,1.171907663345e+00,347.0300,3.6091,3.6091,0.0000
4.255,100856.015625,299.5605,1.171907305717e+00,347.0299,3.6092,3.6092,0.0000
4.261,100855.906250,299.5605,1.171906471252e+00,347.0299,3.6093,3.6093,0.0000
4.266,100855.906250,299.5605,1.171906471252e+00,347.0299,3.6094,3.6094,0.0000
4.272,100855.757812,299.5605,1.171904802322e+00,347.0298,3.6095,3.6095,0.0000
4.278,100855.664062,299.5604,1.171903848648e+00,347.0298,3.6096,3.6096,0.0000
4.284,100855.617188,299.5604,1.171903610229e+00,347.0298,3.6097,3.6097,0.0000
4.290,100855.554688,299.5603,1.171903133392e+00,347.0298,3.6098,3.6098,0.0000
4.296,100855.468750,299.5603,1.171902060509e+00,347.0298,3.6099,3.6099,0.0000
4.302,100855.429688,299.5602,1.171901822090e+00,347.0298,3.6100,3.6100,0.0000
4.308,100855.367188,299.5602,1.171901106834e+00,347.0298,3.6101,3.6101,0.0000
4.314,100855.281250,299.5602,1.171899914742e+00,347.0298,3.6102,3.6102,0.0000
4.320,100855.281250,299.5602,1.171900272369e+00,347.0297,3.6103,3.6103,0.0000
4.326,100855.179688,299.5601,1.171899199486e+00,347.0297,3.6104,3.6104,0.0000
4.332,100855.039062,299.5601,1.171897888184e+00,347.0297,3.6105,3.6105,0.0000
4.338,100855.039062,299.5601,1.171897888184e+00,347.0297,3.6106,3.6106,0.0000
4.344,100854.945312,299.5600,1.171897053719e+00,347.0296,3.6107,3.6107,0.0000
4.350,100854.898438,299.5600,1.171896576881e+00,347.0296,3.6108,3.6108,0.0000
4.356,100854.804688,299.5599,1.171895503998e+00,347.0296,3.6109,3.6109,0.0000
4.362,100854.757812,299.5599,1.171895146370e+00,347.0295,3.6110,3.6110,0.0000
4.368,100854.710938,299.5598,1.171894907951e+00,347.0295,3.6111,3.6111,0.0000
4.374,100854.609375,299.5598,1.171893835068e+00,347.0295,3.6112,3.6112,0.0000
4.380,100854.500000,299.5598,1.171892762184e+00,347.0294,3.6113,3.6113,0.0000
4.386,100854.453125,299.5598,1.171892166138e+00,347.0295,3.6114,3.6114,0.0000
4.392,100854.460938,299.5597,1.171892523766e+00,347.0294,3.6115,3.6115,0.0000
4.398,100854.320312,299.5597,1.171890974045e+00,347.0294,3.6116,3.6116,0.0000
4.404,100854.218750,299.5597,1.171889901161e+00,347.0294,3.6117,3.6117,0.0000
4.410,100854.218750,299.5596,1.171890020370e+00,347.0294,3.6118,3.6118,0.0000
4.416,100854.125000,299.5596,1.171889185905e+00,347.0294,3.6119,3.6119,0.0000
4.422,100854.085938,299.5596,1.171888709068e+00,347.0294,3.6120,3.6120,0.0000
4.429,100854.031250,299.5595,1.171888351440e+00,347.0293,3.6121,3.6121,0.0000
4.435,100853.929688,299.5594,1.171887397766e+00,347.0293,3.6122,3.6122,0.0000
4.441,100853.890625,299.5594,1.171886920929e+00,347.0293,3.6123,3.6123,0.0000
4.447,100853.695312,299.5594,1.171885013580e+00,347.0293,3.6124,3.6124,0.0000
4.453,100853.695312,299.5594,1.171885013580e+00,347.0293,3.6126,3.6126,0.0000
4.459,100853.601562,299.5593,1.171884059906e+00,347.0292,3.6127,3.6127,0.0000
4.465,100853.562500,299.5593,1.171883583069e+00,347.0292,3.6128,3.6128,0.0000
4.472,100853.492188,299.5593,1.171882987022e+00,347.0292,3.6129,3.6129,0.0000
4.478,100853.398438,299.5592,1.171882271767e+00,347.0291,3.6130,3.6130,0.0000
4.484,100853.312500,299.5592,1.171881318092e+00,347.0291,3.6131,3.6131,0.0000
4.490,100853.312500,299.5591,1.171881675720e+00,347.0291,3.6132,3.6132,0.0000
4.496,100853.203125,299.5591,1.171880602837e+00,347.0291,3.6133,3.6133,0.0000
4.503,100853.203125,299.5591,1.171880602837e+00,347.0291,3.6134,3.6134,0.0000
4.509,100853.117188,299.5591,1.171879529953e+00,347.0291,3.6135,3.6135,0.0000
4.515,100852.914062,299.5590,1.171877503395e+00,347.0290,3.6136,3.6136,0.0000
4.521,100852.914062,299.5590,1.171877503395e+00,347.0290,3.6137,3.6137,0.0000
4.528,100852.875000,299.5589,1.171877264977e+00,347.0290,3.6138,3.6138,0.0000
4.534,100852.781250,299.5589,1.171876430511e+00,347.0290,3.6139,3.6139,0.0000
4.540,100852.687500,299.5588,1.171875596046e+00,347.0289,3.6140,3.6140,0.0000
4.546,100852.640625,299.5588,1.171875119209e+00,347.0289,3.6141,3.6141,0.0000
4.553,100852.578125,299.5587,1.171874523163e+00,347.0289,3.6142,3.6142,0.0000
4.559,100852.500000,299.5587,1.171873688698e+00,347.0289,3.6143,3.6143,0.0000
4.565,100852.343750,299.5587,1.171872138977e+00,347.0288,3.6144,3.6144,0.0000
4.572,100852.343750,299.5587,1.171872138977e+00,347.0288,3.6146,3.6146,0.0000
4.578,100852.257812,299.5586,1.171871185303e+00,347.0288,3.6147,3.6147,0.0000
4.584,100852.148438,299.5586,1.171870470047e+00,347.0288,3.6148,3.6148,0.0000
4.591,100852.148438,299.5586,1.171870470047e+00,347.0288,3.6149,3.6149,0.0000
4.597,100852.101562,299.5585,1.171869874001e+00,347.0288,3.6150,3.6150,0.0000
4.603,100852.007812,299.5584,1.171869039536e+00,347.0287,3.6151,3.6151,0.0000
4.610,100851.960938,299.5584,1.171868681908e+00,347.0287,3.6152,3.6152,0.0000
4.616,100851.859375,299.5584,1.171867728233e+00,347.0287,3.6153,3.6153,0.0000
4.622,100851.812500,299.5584,1.171867132187e+00,347.0287,3.6154,3.6154,0.0000
4.629,100851.718750,299.5583,1.171866297722e+00,347.0286,3.6155,3.6155,0.0000
4.635,100851.562500,299.5583,1.171864509583e+00,347.0286,3.6156,3.6156,0.0000
4.642,100851.523438,299.5582,1.171864151955e+00,347.0286,3.6157,3.6157,0.0000
4.648,100851.484375,299.5582,1.171863675117e+00,347.0286,3.6158,3.6158,0.0000
4.654,100851.335938,299.5581,1.171862363815e+00,347.0286,3.6160,3.6160,0.0000
4.661,100851.335938,299.5581,1.171862483025e+00,347.0286,3.6161,3.6161,0.0000
4.667,100851.242188,299.5580,1.171861767769e+00,347.0285,3.6162,3.6162,0.0000
4.674,100851.195312,299.5580,1.171861052513e+00,347.0285,3.6163,3.6163,0.0000
4.680,100851.156250,299.5580,1.171860814095e+00,347.0284,3.6164,3.6164,0.0000
4.687,100850.953125,299.5579,1.171858787537e+00,347.0284,3.6165,3.6165,0.0000
4.693,100850.953125,299.5579,1.171858787537e+00,347.0284,3.6166,3.6166,0.0000
4.700,100850.851562,299.5579,1.171857833862e+00,347.0284,3.6167,3.6167,0.0000
4.706,100850.796875,299.5578,1.171857476234e+00,347.0284,3.6168,3.6168,0.0000
4.713,100850.710938,299.5578,1.171856522560e+00,347.0283,3.6169,3.6169,0.0000
4.719,100850.664062,299.5578,1.171856045723e+00,347.0284,3.6170,3.6170,0.0000
4.726,100850.570312,299.5577,1.171855092049e+00,347.0283,3.6172,3.6172,0.0000
4.732,100850.507812,299.5577,1.171854376793e+00,347.0283,3.6173,3.6173,0.0000
4.739,100850.414062,299.5576,1.171853542328e+00,347.0283,3.6174,3.6174,0.0000
4.745,100850.375000,299.5576,1.171853303909e+00,347.0282,3.6175,3.6175,0.0000
4.752,100850.226562,299.5576,1.171851873398e+00,347.0282,3.6176,3.6176,0.0000
4.758,100850.179688,299.5575,1.171851396561e+00,347.0282,3.6177,3.6177,0.0000
4.765,100850.093750,299.5575,1.171850442886e+00,347.0282,3.6178,3.6178,0.0000
4.772,100850.046875,299.5575,1.171850204468e+00,347.0281,3.6179,3.6179,0.0000
4.778,100849.945312,299.5574,1.171849131584e+00,347.0281,3.6180,3.6180,0.0000
4.785,100849.945312,299.5574,1.171849131584e+00,347.0281,3.6182,3.6182,0.0000
4.791,100849.804688,299.5573,1.171847701073e+00,347.0281,3.6183,3.6183,0.0000
4.798,100849.765625,299.5573,1.171847581863e+00,347.0280,3.6184,3.6184,0.0000
4.805,100849.609375,299.5572,1.171846151352e+00,347.0280,3.6185,3.6185,0.0000
4.811,100849.609375,299.5572,1.171846151352e+00,347.0280,3.6186,3.6186,0.0000
4.818,100849.507812,299.5572,1.171844959259e+00,347.0280,3.6187,3.6187,0.0000
4.825,100849.398438,299.5571,1.171843886375e+00,347.0280,3.6188,3.6188,0.0000
4.831,100849.312500,299.5571,1.171843171120e+00,347.0279,3.6189,3.6189,0.0000
4.838,100849.312500,299.5571,1.171843171120e+00,347.0279,3.6191,3.6191,0.0000
4.845,100849.226562,299.5570,1.171842336655e+00,347.0279,3.6192,3.6192,0.0000
4.851,100849.164062,299.5570,1.171841740608e+00,347.0279,3.6193,3.6193,0.0000
4.858,100849.046875,299.5569,1.171840548515e+00,347.0278,3.6194,3.6194,0.0000
4.865,100849.046875,299.5569,1.171840548515e+00,347.0278,3.6195,3.6195,0.0000
4.872,100848.921875,299.5569,1.171839237213e+00,347.0279,3.6196,3.6196,0.0000
4.878,100848.828125,299.5568,1.171838521957e+00,347.0278,3.6197,3.6197,0.0000
4.885,100848.750000,299.5568,1.171837806702e+00,347.0278,3.6198,3.6198,0.0000
4.892,100848.640625,299.5567,1.171836853027e+00,347.0277,3.6200,3.6200,0.0000
4.899,100848.601562,299.5567,1.171836376190e+00,347.0277,3.6201,3.6201,0.0000
4.905,100848.546875,299.5567,1.171835780144e+00,347.0277,3.6202,3.6202,0.0000
4.912,100848.453125,299.5566,1.171835064888e+00,347.0276,3.6203,3.6203,0.0000
4.919,100848.351562,299.5566,1.171833872795e+00,347.0276,3.6204,3.6204,0.0000
4.926,100848.304688,299.5565,1.171833515167e+00,347.0276,3.6205,3.6205,0.0000
4.933,100848.171875,299.5565,1.171831846237e+00,347.0276,3.6206,3.6206,0.0000
4.939,100848.046875,299.5565,1.171830892563e+00,347.0276,3.6208,3.6208,0.0000
4.946,100848.031250,299.5564,1.171830773354e+00,347.0275,3.6209,3.6209,0.0000
4.953,100847.968750,299.5564,1.171830177307e+00,347.0275,3.6210,3.6210,0.0000
4.960,100847.914062,299.5563,1.171829938889e+00,347.0275,3.6211,3.6211,0.0000
4.967,100847.820312,299.5563,1.171828866005e+00,347.0275,3.6212,3.6212,0.0000
4.974,100847.726562,299.5563,1.171827793121e+00,347.0275,3.6213,3.6213,0.0000
4.980,100847.695312,299.5562,1.171827316284e+00,347.0274,3.6215,3.6215,0.0000
4.987,100847.640625,299.5562,1.171827316284e+00,347.0274,3.6216,3.6216,0.0000
4.994,100847.484375,299.5561,1.171825528145e+00,347.0274,3.6217,3.6217,0.0000
5.001,100847.398438,299.5561,1.171824693680e+00,347.0274,3.6218,3.6218,0.0000
5.008,100847.289062,299.5560,1.171823620796e+00,347.0273,3.6219,3.6219,0.0000
5.015,100847.242188,299.5560,1.171823263168e+00,347.0273,3.6220,3.6220,0.0000
5.022,100847.195312,299.5560,1.171822786331e+00,347.0273,3.6222,3.6222,0.0000
5.029,100847.101562,299.5559,1.171821832657e+00,347.0273,3.6223,3.6223,0.0000
5.036,100847.039062,299.5559,1.171821475029e+00,347.0272,3.6224,3.6224,0.0000
5.043,100846.953125,299.5558,1.171820521355e+00,347.0272,3.6225,3.6225,0.0000
5.050,100846.859375,299.5558,1.171819567680e+00,347.0272,3.6226,3.6226,0.0000
5.057,100846.757812,299.5558,1.171818614006e+00,347.0272,3.6227,3.6227,0.0000
5.064,100846.718750,299.5557,1.171818256378e+00,347.0272,3.6229,3.6229,0.0000
5.071,100846.625000,299.5557,1.171817302704e+00,347.0271,3.6230,3.6230,0.0000
5.078,100846.578125,299.5556,1.171816945076e+00,347.0271,3.6231,3.6231,0.0000
5.085,100846.468750,299.5556,1.171815872192e+00,347.0271,3.6232,3.6232,0.0000
5.092,100846.375000,299.5555,1.171814918518e+00,347.0270,3.6233,3.6233,0.0000
5.099,100846.289062,299.5555,1.171814084053e+00,347.0270,3.6234,3.6234,0.0000
5.106,100846.289062,299.5555,1.171814084053e+00,347.0270,3.6236,3.6236,0.0000
5.113,100846.140625,299.5554,1.171812653542e+00,347.0269,3.6237,3.6237,0.0000
5.120,100846.062500,299.5554,1.171811699867e+00,347.0269,3.6238,3.6238,0.0000
5.127,100845.937500,299.5553,1.171810865402e+00,347.0269,3.6239,3.6239,0.0000
5.134,100845.890625,299.5553,1.171810507774e+00,347.0269,3.6240,3.6240,0.0000
5.141,100845.750000,299.5552,1.171808958054e+00,347.0269,3.6242,3.6242,0.0000
5.148,100845.703125,299.5552,1.171808600426e+00,347.0269,3.6243,3.6243,0.0000
5.156,100845.703125,299.5552,1.171808600426e+00,347.0269,3.6244,3.6244,0.0000
5.163,100845.601562,299.5551,1.171807527542e+00,347.0268,3.6245,3.6245,0.0000
5.170,100845.507812,299.5551,1.171806693077e+00,347.0268,3.6246,3.6246,0.0000
5.177,100845.367188,299.5550,1.171805262566e+00,347.0267,3.6248,3.6248,0.0000
5.184,100845.281250,299.5550,1.171804308891e+00,347.0267,3.6249,3.6249,0.0000
5.191,100845.242188,299.5549,1.171804189682e+00,347.0267,3.6250,3.6250,0.0000
5.198,100845.125000,299.5549,1.171803116798e+00,347.0266,3.6251,3.6251,0.0000
5.206,100845.046875,299.5548,1.171802282333e+00,347.0266,3.6252,3.6252,0.0000
5.213,100844.945312,299.5548,1.171801209450e+00,347.0266,3.6254,3.6254,0.0000
5.220,100844.960938,299.5548,1.171801447868e+00,347.0266,3.6255,3.6255,0.0000
5.227,100844.804688,299.5547,1.171799778938e+00,347.0266,3.6256,3.6256,0.0000
5.234,100844.703125,299.5547,1.171798825264e+00,347.0265,3.6257,3.6257,0.0000
5.242,100844.632812,299.5546,1.171798348427e+00,347.0265,3.6258,3.6258,0.0000
5.249,100844.539062,299.5546,1.171797275543e+00,347.0265,3.6260,3.6260,0.0000
5.256,100844.460938,299.5546,1.171796560287e+00,347.0265,3.6261,3.6261,0.0000
5.263,100844.390625,299.5545,1.171796083450e+00,347.0265,3.6262,3.6262,0.0000
5.271,100844.351562,299.5545,1.171795725822e+00,347.0264,3.6263,3.6263,0.0000
5.278,100844.226562,299.5544,1.171794295311e+00,347.0264,3.6265,3.6265,0.0000
5.285,100844.078125,299.5544,1.171792864799e+00,347.0264,3.6266,3.6266,0.0000
5.293,100844.078125,299.5544,1.171792984009e+00,347.0264,3.6267,3.6267,0.0000
5.300,100843.968750,299.5543,1.171791911125e+00,347.0263,3.6268,3.6268,0.0000
5.307,100843.945312,299.5543,1.171791553497e+00,347.0263,3.6269,3.6269,0.0000
5.315,100843.789062,299.5542,1.171790003777e+00,347.0263,3.6271,3.6271,0.0000
5.322,100843.742188,299.5542,1.171789526939e+00,347.0263,3.6272,3.6272,0.0000
5.329,100843.695312,299.5541,1.171789288521e+00,347.0262,3.6273,3.6273,0.0000
5.337,100843.609375,299.5541,1.171788334846e+00,347.0262,3.6274,3.6274,0.0000
5.344,100843.445312,299.5540,1.171786665916e+00,347.0262,3.6276,3.6276,0.0000
5.351,100843.351562,299.5540,1.171785831451e+00,347.0261,3.6277,3.6277,0.0000
5.359,100843.304688,299.5540,1.171785473824e+00,347.0261,3.6278,3.6278,0.0000
5.366,100843.210938,299.5539,1.171784639359e+00,347.0261,3.6279,3.6279,0.0000
5.374,100843.117188,299.5539,1.171783566475e+00,347.0261,3.6281,3.6281,0.0000
5.381,100843.070312,299.5538,1.171783089638e+00,347.0261,3.6282,3.6282,0.0000
5.389,100842.968750,299.5538,1.171782255173e+00,347.0260,3.6283,3.6283,0.0000
5.396,100842.867188,299.5537,1.171781539917e+00,347.0259,3.6284,3.6284,0.0000
5.403,100842.773438,299.5537,1.171780467033e+00,347.0260,3.6286,3.6286,0.0000
5.411,100842.726562,299.5536,1.171779990196e+00,347.0259,3.6287,3.6287,0.0000
5.418,100842.632812,299.5536,1.171778917313e+00,347.0259,3.6288,3.6288,0.0000
5.426,100842.554688,299.5536,1.171778082848e+00,347.0259,3.6289,3.6289,0.0000
5.433,100842.492188,299.5535,1.171777606010e+00,347.0259,3.6291,3.6291,0.0000
5.441,100842.398438,299.5535,1.171776771545e+00,347.0258,3.6292,3.6292,0.0000
5.448,100842.351562,299.5534,1.171776294708e+00,347.0258,3.6293,3.6293,0.0000
5.456,100842.234375,299.5534,1.171775460243e+00,347.0258,3.6294,3.6294,0.0000
5.464,100842.101562,299.5533,1.171774029732e+00,347.0258,3.6296,3.6296,0.0000
5.471,100842.015625,299.5533,1.171773076057e+00,347.0258,3.6297,3.6297,0.0000
5.479,100841.906250,299.5533,1.171772003174e+00,347.0257,3.6298,3.6298,0.0000
5.486,100841.867188,299.5532,1.171771764755e+00,347.0257,3.6300,3.6300,0.0000
5.494,100841.765625,299.5532,1.171770691872e+00,347.0257,3.6301,3.6301,0.0000
5.501,100841.726562,299.5531,1.171770453453e+00,347.0256,3.6302,3.6302,0.0000
5.509,100841.625000,299.5531,1.171769380569e+00,347.0256,3.6303,3.6303,0.0000
5.517,100841.539062,299.5530,1.171768665314e+00,347.0256,3.6305,3.6305,0.0000
5.524,100841.429688,299.5530,1.171767473221e+00,347.0256,3.6306,3.6306,0.0000
5.532,100841.343750,299.5529,1.171766638756e+00,347.0256,3.6307,3.6307,0.0000
5.540,100841.242188,299.5529,1.171765685081e+00,347.0255,3.6308,3.6308,0.0000
5.547,100841.203125,299.5528,1.171765446663e+00,347.0255,3.6310,3.6310,0.0000
5.555,100841.085938,299.5528,1.171764373779e+00,347.0254,3.6311,3.6311,0.0000
5.563,100841.000000,299.5528,1.171763420105e+00,347.0255,3.6312,3.6312,0.0000
5.570,100840.890625,299.5527,1.171762347221e+00,347.0254,3.6314,3.6314,0.0000
5.578,100840.843750,299.5527,1.171761989594e+00,347.0254,3.6315,3.6315,0.0000
5.586,100840.710938,299.5526,1.171760559082e+00,347.0254,3.6316,3.6316,0.0000
5.593,100840.671875,299.5526,1.171760320663e+00,347.0253,3.6317,3.6317,0.0000
5.601,100840.570312,299.5526,1.171759247780e+00,347.0253,3.6319,3.6319,0.0000
5.609,100840.468750,299.5525,1.171758174896e+00,347.0253,3.6320,3.6320,0.0000
5.617,100840.382812,299.5524,1.171757459641e+00,347.0252,3.6321,3.6321,0.0000
5.624,100840.273438,299.5524,1.171756386757e+00,347.0252,3.6323,3.6323,0.0000
5.632,100840.187500,299.5523,1.171755552292e+00,347.0252,3.6324,3.6324,0.0000
5.640,100840.140625,299.5523,1.171755194664e+00,347.0252,3.6325,3.6325,0.0000
5.648,100839.945312,299.5522,1.171753048897e+00,347.0251,3.6327,3.6327,0.0000
5.656,100839.828125,299.5522,1.171752214432e+00,347.0251,3.6328,3.6328,0.0000
5.663,100839.789062,299.5521,1.171751856804e+00,347.0251,3.6329,3.6329,0.0000
5.671,100839.695312,299.5521,1.171750903130e+00,347.0251,3.6330,3.6330,0.0000
5.679,100839.609375,299.5520,1.171749949455e+00,347.0251,3.6332,3.6332,0.0000
5.687,100839.554688,299.5520,1.171749591827e+00,347.0250,3.6333,3.6333,0.0000
5.695,100839.460938,299.5520,1.171748638153e+00,347.0250,3.6334,3.6334,0.0000
5.703,100839.328125,299.5519,1.171747207642e+00,347.0249,3.6336,3.6336,0.0000
5.711,100839.257812,299.5518,1.171746611595e+00,347.0249,3.6337,3.6337,0.0000
5.718,100839.171875,299.5518,1.171745777130e+00,347.0249,3.6338,3.6338,0.0000
5.726,100839.125000,299.5518,1.171745419502e+00,347.0248,3.6340,3.6340,0.0000
5.734,100839.031250,299.5517,1.171744585037e+00,347.0248,3.6341,3.6341,0.0000
5.742,100838.937500,299.5517,1.171743631363e+00,347.0248,3.6342,3.6342,0.0000
5.750,100838.843750,299.5516,1.171742677689e+00,347.0248,3.6344,3.6344,0.0000
5.758,100838.789062,299.5516,1.171742200851e+00,347.0247,3.6345,3.6345,0.0000
5.766,100838.593750,299.5515,1.171740293503e+00,347.0247,3.6346,3.6346,0.0000
5.774,100838.484375,299.5515,1.171739220619e+00,347.0247,3.6348,3.6348,0.0000
5.782,100838.437500,299.5514,1.171738862991e+00,347.0246,3.6349,3.6349,0.0000
5.790,100838.351562,299.5514,1.171738028526e+00,347.0246,3.6350,3.6350,0.0000
5.798,100838.304688,299.5513,1.171737551689e+00,347.0246,3.6352,3.6352,0.0000
5.806,100838.203125,299.5513,1.171736598015e+00,347.0246,3.6353,3.6353,0.0000
5.814,100838.109375,299.5512,1.171735763550e+00,347.0245,3.6354,3.6354,0.0000
5.822,100838.023438,299.5512,1.171735048294e+00,347.0245,3.6356,3.6356,0.0000
5.830,100837.914062,299.5511,1.171733856201e+00,347.0245,3.6357,3.6357,0.0000
5.838,100837.828125,299.5511,1.171733021736e+00,347.0245,3.6358,3.6358,0.0000
5.846,100837.679688,299.5510,1.171731472015e+00,347.0244,3.6360,3.6360,0.0000
5.854,100837.632812,299.5510,1.171731114388e+00,347.0244,3.6361,3.6361,0.0000
5.862,100837.539062,299.5510,1.171730041504e+00,347.0244,3.6362,3.6362,0.0000
5.871,100837.429688,299.5509,1.171729207039e+00,347.0244,3.6364,3.6364,0.0000
5.879,100837.390625,299.5508,1.171728968620e+00,347.0243,3.6365,3.6365,0.0000
5.887,100837.242188,299.5508,1.171727418900e+00,347.0243,3.6367,3.6367,0.0000
5.895,100837.195312,299.5508,1.171726942062e+00,347.0243,3.6368,3.6368,0.0000
5.903,100837.093750,299.5507,1.171726107597e+00,347.0243,3.6369,3.6369,0.0000
5.911,100836.960938,299.5507,1.171724796295e+00,347.0242,3.6371,3.6371,0.0000
5.919,100836.906250,299.5506,1.171724200249e+00,347.0242,3.6372,3.6372,0.0000
5.928,100836.804688,299.5506,1.171723484993e+00,347.0242,3.6373,3.6373,0.0000
5.936,100836.765625,299.5505,1.171723127365e+00,347.0241,3.6375,3.6375,0.0000
5.944,100836.617188,299.5505,1.171721339226e+00,347.0241,3.6376,3.6376,0.0000
5.952,100836.531250,299.5504,1.171720385551e+00,347.0241,3.6377,3.6377,0.0000
5.960,100836.437500,299.5504,1.171719551086e+00,347.0241,3.6379,3.6379,0.0000
5.969,100836.328125,299.5503,1.171718716621e+00,347.0240,3.6380,3.6380,0.0000
5.977,100836.242188,299.5503,1.171717882156e+00,347.0240,3.6382,3.6382,0.0000
5.985,100836.187500,299.5502,1.171717166901e+00,347.0240,3.6383,3.6383,0.0000
5.993,100836.093750,299.5502,1.171716451645e+00,347.0239,3.6384,3.6384,0.0000
6.002,100835.890625,299.5501,1.171714425087e+00,347.0239,3.6386,3.6386,0.0000
6.010,100835.859375,299.5501,1.171714186668e+00,347.0239,3.6387,3.6387,0.0000
6.018,100835.750000,299.5500,1.171712994576e+00,347.0239,3.6388,3.6388,0.0000
6.027,100835.664062,299.5500,1.171712040901e+00,347.0238,3.6390,3.6390,0.0000
6.035,100835.570312,299.5499,1.171711325645e+00,347.0238,3.6391,3.6391,0.0000
6.043,100835.468750,299.5499,1.171710371971e+00,347.0237,3.6393,3.6393,0.0000
6.052,100835.367188,299.5498,1.171709299088e+00,347.0237,3.6394,3.6394,0.0000
6.060,100835.273438,299.5498,1.171708583832e+00,347.0237,3.6395,3.6395,0.0000
6.068,100835.171875,299.5497,1.171707749367e+00,347.0237,3.6397,3.6397,0.0000
6.077,100835.078125,299.5497,1.171706676483e+00,347.0236,3.6398,3.6398,0.0000
6.085,100834.976562,299.5497,1.171705484390e+00,347.0237,3.6400,3.6400,0.0000
6.094,100834.882812,299.5496,1.171704769135e+00,347.0236,3.6401,3.6401,0.0000
6.102,100834.789062,299.5495,1.171704053879e+00,347.0236,3.6402,3.6402,0.0000
6.111,100834.687500,299.5494,1.171703100204e+00,347.0235,3.6404,3.6404,0.0000
6.119,100834.546875,299.5494,1.171701431274e+00,347.0235,3.6405,3.6405,0.0000
6.127,100834.507812,299.5494,1.171701192856e+00,347.0235,3.6407,3.6407,0.0000
6.136,100834.398438,299.5493,1.171700239182e+00,347.0234,3.6408,3.6408,0.0000
6.144,100834.265625,299.5493,1.171698808670e+00,347.0234,3.6409,3.6409,0.0000
6.153,100834.210938,299.5492,1.171698451042e+00,347.0234,3.6411,3.6411,0.0000
6.161,100834.164062,299.5492,1.171698093414e+00,347.0234,3.6412,3.6412,0.0000
6.170,100834.078125,299.5491,1.171697378159e+00,347.0233,3.6414,3.6414,0.0000
6.178,100833.882812,299.5490,1.171695232391e+00,347.0233,3.6415,3.6415,0.0000
6.187,100833.789062,299.5490,1.171694040298e+00,347.0233,3.6417,3.6417,0.0000
6.196,100833.750000,299.5490,1.171693801880e+00,347.0233,3.6418,3.6418,0.0000
6.204,100833.632812,299.5489,1.171692967415e+00,347.0232,3.6419,3.6419,0.0000
6.213,100833.460938,299.5488,1.171691060066e+00,347.0232,3.6421,3.6421,0.0000
6.221,100833.445312,299.5488,1.171691060066e+00,347.0231,3.6422,3.6422,0.0000
6.230,100833.351562,299.5488,1.171690225601e+00,347.0231,3.6424,3.6424,0.0000
6.238,100833.203125,299.5487,1.171688795090e+00,347.0231,3.6425,3.6425,0.0000
6.247,100833.054688,299.5486,1.171687364578e+00,347.0230,3.6427,3.6427,0.0000
6.256,100833.015625,299.5486,1.171687245369e+00,347.0230,3.6428,3.6428,0.0000
6.264,100832.929688,299.5486,1.171685934067e+00,347.0230,3.6429,3.6429,0.0000
6.273,100832.859375,299.5485,1.171685457230e+00,347.0230,3.6431,3.6431,0.0000
6.282,100832.734375,299.5485,1.171684026718e+00,347.0229,3.6432,3.6432,0.0000
6.290,100832.640625,299.5484,1.171683073044e+00,347.0229,3.6434,3.6434,0.0000
6.299,100832.531250,299.5483,1.171682238579e+00,347.0229,3.6435,3.6435,0.0000
6.308,100832.390625,299.5482,1.171680927277e+00,347.0228,3.6437,3.6437,0.0000
6.317,100832.281250,299.5482,1.171679854393e+00,347.0228,3.6438,3.6438,0.0000
6.325,100832.187500,299.5482,1.171678900719e+00,347.0228,3.6440,3.6440,0.0000
6.334,100832.109375,299.5481,1.171678185463e+00,347.0227,3.6441,3.6441,0.0000
6.343,100832.015625,299.5481,1.171677350998e+00,347.0228,3.6442,3.6442,0.0000
6.352,100831.867188,299.5480,1.171675801277e+00,347.0227,3.6444,3.6444,0.0000
6.360,100831.804688,299.5480,1.171675443649e+00,347.0226,3.6445,3.6445,0.0000
6.369,100831.710938,299.5479,1.171674370766e+00,347.0226,3.6447,3.6447,0.0000
6.378,100831.585938,299.5479,1.171672940254e+00,347.0226,3.6448,3.6448,0.0000
6.387,100831.507812,299.5478,1.171672463417e+00,347.0226,3.6450,3.6450,0.0000
6.396,100831.437500,299.5478,1.171671628952e+00,347.0226,3.6451,3.6451,0.0000
6.404,100831.390625,299.5477,1.171671271324e+00,347.0226,3.6453,3.6453,0.0000
6.413,100831.187500,299.5477,1.171669244766e+00,347.0225,3.6454,3.6454,0.0000
6.422,100831.093750,299.5476,1.171668529510e+00,347.0224,3.6456,3.6456,0.0000
6.431,100831.046875,299.5476,1.171667933464e+00,347.0224,3.6457,3.6457,0.0000
6.440,100830.953125,299.5475,1.171667337418e+00,347.0224,3.6459,3.6459,0.0000
6.449,100830.796875,299.5474,1.171665787697e+00,347.0223,3.6460,3.6460,0.0000
6.458,100830.757812,299.5474,1.171665072441e+00,347.0223,3.6462,3.6462,0.0000
6.467,100830.664062,299.5474,1.171664237976e+00,347.0223,3.6463,3.6463,0.0000
6.476,100830.468750,299.5473,1.171662569046e+00,347.0223,3.6465,3.6465,0.0000
6.485,100830.375000,299.5472,1.171661376953e+00,347.0223,3.6466,3.6466,0.0000
6.494,100830.273438,299.5472,1.171660304070e+00,347.0222,3.6468,3.6468,0.0000
6.503,100830.179688,299.5471,1.171659708023e+00,347.0222,3.6469,3.6469,0.0000
6.512,100830.093750,299.5471,1.171658873558e+00,347.0222,3.6470,3.6470,0.0000
6.521,100830.039062,299.5470,1.171658396721e+00,347.0221,3.6472,3.6472,0.0000
6.530,100829.882812,299.5470,1.171656966209e+00,347.0221,3.6473,3.6473,0.0000
6.539,100829.804688,299.5469,1.171656012535e+00,347.0221,3.6475,3.6475,0.0000
6.548,100829.695312,299.5469,1.171655058861e+00,347.0220,3.6476,3.6476,0.0000
6.557,100829.593750,299.5468,1.171654343605e+00,347.0220,3.6478,3.6478,0.0000
6.566,100829.515625,299.5468,1.171653389931e+00,347.0220,3.6479,3.6479,0.0000
6.575,100829.359375,299.5467,1.171651959419e+00,347.0219,3.6481,3.6481,0.0000
6.584,100829.273438,299.5467,1.171650886536e+00,347.0220,3.6483,3.6483,0.0000
6.593,100829.117188,299.5466,1.171649456024e+00,347.0219,3.6484,3.6484,0.0000
6.602,100829.023438,299.5465,1.171648502350e+00,347.0219,3.6486,3.6486,0.0000
6.611,100828.984375,299.5465,1.171648263931e+00,347.0218,3.6487,3.6487,0.0000
6.620,100828.828125,299.5464,1.171646595001e+00,347.0218,3.6489,3.6489,0.0000
6.630,100828.781250,299.5464,1.171646237373e+00,347.0218,3.6490,3.6490,0.0000
6.639,100828.687500,299.5463,1.171645283699e+00,347.0217,3.6492,3.6492,0.0000
6.648,100828.453125,299.5462,1.171643137932e+00,347.0217,3.6493,3.6493,0.0000
6.657,100828.453125,299.5462,1.171643137932e+00,347.0217,3.6495,3.6495,0.0000
6.666,100828.257812,299.5461,1.171641111374e+00,347.0216,3.6496,3.6496,0.0000
6.675,100828.164062,299.5461,1.171640276909e+00,347.0216,3.6498,3.6498,0.0000
6.685,100828.117188,299.5461,1.171639800072e+00,347.0216,3.6499,3.6499,0.0000
6.694,100827.960938,299.5460,1.171638369560e+00,347.0215,3.6501,3.6501,0.0000
6.703,100827.875000,299.5459,1.171637535095e+00,347.0215,3.6502,3.6502,0.0000
6.712,100827.773438,299.5459,1.171636581421e+00,347.0215,3.6504,3.6504,0.0000
6.722,100827.679688,299.5458,1.171635508537e+00,347.0215,3.6505,3.6505,0.0000
6.731,100827.546875,299.5457,1.171634316444e+00,347.0214,3.6507,3.6507,0.0000
6.740,100827.492188,299.5457,1.171633839607e+00,347.0214,3.6508,3.6508,0.0000
6.750,100827.437500,299.5457,1.171633481979e+00,347.0214,3.6510,3.6510,0.0000
6.759,100827.242188,299.5456,1.171631693840e+00,347.0213,3.6512,3.6512,0.0000
6.768,100827.101562,299.5455,1.171630144119e+00,347.0213,3.6513,3.6513,0.0000
6.778,100827.007812,299.5455,1.171629309654e+00,347.0212,3.6515,3.6515,0.0000
6.787,100826.914062,299.5454,1.171628355980e+00,347.0212,3.6516,3.6516,0.0000
6.796,100826.812500,299.5453,1.171627402306e+00,347.0211,3.6518,3.6518,0.0000
6.806,100826.718750,299.5453,1.171626567841e+00,347.0211,3.6519,3.6519,0.0000
6.815,100826.625000,299.5453,1.171625494957e+00,347.0211,3.6521,3.6521,0.0000
6.825,100826.523438,299.5452,1.171624541283e+00,347.0211,3.6522,3.6522,0.0000
6.834,100826.375000,299.5451,1.171623229980e+00,347.0211,3.6524,3.6524,0.0000
6.844,100826.296875,299.5451,1.171622514725e+00,347.0210,3.6526,3.6526,0.0000
6.853,100826.179688,299.5450,1.171621441841e+00,347.0210,3.6527,3.6527,0.0000
6.863,100826.093750,299.5450,1.171620726585e+00,347.0209,3.6529,3.6529,0.0000
6.872,100826.000000,299.5449,1.171619772911e+00,347.0209,3.6530,3.6530,0.0000
6.882,100825.851562,299.5449,1.171618223190e+00,347.0209,3.6532,3.6532,0.0000
6.891,100825.718750,299.5448,1.171616911888e+00,347.0208,3.6533,3.6533,0.0000
6.901,100825.609375,299.5447,1.171616077423e+00,347.0208,3.6535,3.6535,0.0000
6.910,100825.562500,299.5447,1.171615481377e+00,347.0208,3.6537,3.6537,0.0000
6.920,100825.429688,299.5446,1.171614170074e+00,347.0208,3.6538,3.6538,0.0000
6.929,100825.312500,299.5446,1.171612977982e+00,347.0207,3.6540,3.6540,0.0000
6.939,100825.234375,299.5446,1.171612143517e+00,347.0207,3.6541,3.6541,0.0000
6.948,100825.132812,299.5445,1.171611309052e+00,347.0207,3.6543,3.6543,0.0000
6.958,100824.945312,299.5444,1.171609401703e+00,347.0206,3.6544,3.6544,0.0000
6.968,100824.828125,299.5443,1.171608328819e+00,347.0206,3.6546,3.6546,0.0000
6.977,100824.734375,299.5443,1.171607494354e+00,347.0205,3.6548,3.6548,0.0000
6.987,100824.648438,299.5443,1.171606540680e+00,347.0206,3.6549,3.6549,0.0000
6.997,100824.546875,299.5442,1.171605825424e+00,347.0205,3.6551,3.6551,0.0000
7.006,100824.460938,299.5441,1.171604871750e+00,347.0205,3.6552,3.6552,0.0000
7.016,100824.320312,299.5441,1.171603560448e+00,347.0204,3.6554,3.6554,0.0000
7.026,100824.218750,299.5440,1.171602606773e+00,347.0204,3.6556,3.6556,0.0000
7.035,100824.117188,299.5440,1.171601533890e+00,347.0204,3.6557,3.6557,0.0000
7.045,100823.976562,299.5439,1.171600222588e+00,347.0204,3.6559,3.6559,0.0000
7.055,100823.929688,299.5439,1.171599745750e+00,347.0203,3.6560,3.6560,0.0000
7.065,100823.789062,299.5438,1.171598434448e+00,347.0202,3.6562,3.6562,0.0000
7.074,100823.632812,299.5437,1.171596884727e+00,347.0202,3.6564,3.6564,0.0000
7.084,100823.484375,299.5437,1.171595573425e+00,347.0202,3.6565,3.6565,0.0000
7.094,100823.398438,299.5436,1.171594738960e+00,347.0201,3.6567,3.6567,0.0000
7.104,100823.296875,299.5435,1.171593785286e+00,347.0201,3.6569,3.6569,0.0000
7.114,100823.148438,299.5435,1.171592354774e+00,347.0201,3.6570,3.6570,0.0000
7.123,100823.109375,299.5434,1.171591997147e+00,347.0201,3.6572,3.6572,0.0000
7.133,100822.921875,299.5434,1.171590089798e+00,347.0201,3.6573,3.6573,0.0000
7.143,100822.781250,299.5433,1.171588778496e+00,347.0200,3.6575,3.6575,0.0000
7.153,100822.718750,299.5432,1.171588063240e+00,347.0200,3.6577,3.6577,0.0000
7.163,100822.585938,299.5432,1.171586990356e+00,347.0199,3.6578,3.6578,0.0000
7.173,100822.539062,299.5432,1.171586394310e+00,347.0199,3.6580,3.6580,0.0000
7.183,100822.382812,299.5431,1.171584963799e+00,347.0198,3.6582,3.6582,0.0000
7.193,100822.289062,299.5430,1.171584010124e+00,347.0198,3.6583,3.6583,0.0000
7.203,100822.140625,299.5429,1.171582818031e+00,347.0198,3.6585,3.6585,0.0000
7.212,100822.054688,299.5429,1.171581983566e+00,347.0197,3.6586,3.6586,0.0000
7.222,100821.960938,299.5428,1.171581029892e+00,347.0197,3.6588,3.6588,0.0000
7.232,100821.859375,299.5428,1.171580076218e+00,347.0197,3.6590,3.6590,0.0000
7.242,100821.609375,299.5427,1.171577453613e+00,347.0196,3.6591,3.6591,0.0000
7.252,100821.578125,299.5427,1.171577095985e+00,347.0197,3.6593,3.6593,0.0000
7.262,100821.484375,299.5426,1.171576023102e+00,347.0196,3.6595,3.6595,0.0000
7.273,100821.375000,299.5426,1.171575307846e+00,347.0196,3.6596,3.6596,0.0000
7.283,100821.234375,299.5425,1.171573877335e+00,347.0195,3.6598,3.6598,0.0000
7.293,100821.140625,299.5424,1.171573042870e+00,347.0195,3.6600,3.6600,0.0000
7.303,100821.039062,299.5424,1.171572208405e+00,347.0194,3.6601,3.6601,0.0000
7.313,100820.898438,299.5423,1.171570777893e+00,347.0194,3.6603,3.6603,0.0000
7.323,100820.750000,299.5422,1.171569228172e+00,347.0194,3.6605,3.6605,0.0000
7.333,100820.703125,299.5422,1.171568870544e+00,347.0193,3.6606,3.6606,0.0000
7.343,100820.578125,299.5421,1.171567559242e+00,347.0193,3.6608,3.6608,0.0000
7.353,100820.460938,299.5421,1.171566724777e+00,347.0192,3.6610,3.6610,0.0000
7.364,100820.382812,299.5420,1.171565771103e+00,347.0193,3.6611,3.6611,0.0000
7.374,100820.171875,299.5419,1.171563744545e+00,347.0192,3.6613,3.6613,0.0000
7.384,100820.093750,299.5419,1.171562910080e+00,347.0192,3.6615,3.6615,0.0000
7.394,100819.976562,299.5418,1.171561956406e+00,347.0191,3.6616,3.6616,0.0000
7.404,100819.882812,299.5418,1.171561002731e+00,347.0191,3.6618,3.6618,0.0000
7.415,100819.750000,299.5417,1.171559691429e+00,347.0190,3.6620,3.6620,0.0000
7.425,100819.695312,299.5416,1.171559333801e+00,347.0190,3.6621,3.6621,0.0000
7.435,100819.507812,299.5416,1.171557307243e+00,347.0190,3.6623,3.6623,0.0000
7.445,100819.367188,299.5415,1.171555995941e+00,347.0190,3.6625,3.6625,0.0000
7.456,100819.328125,299.5414,1.171555757523e+00,347.0190,3.6627,3.6627,0.0000
7.466,100819.171875,299.5414,1.171554088593e+00,347.0189,3.6628,3.6628,0.0000
7.476,100819.039062,299.5413,1.171552896500e+00,347.0188,3.6630,3.6630,0.0000
7.487,100818.992188,299.5413,1.171552538872e+00,347.0188,3.6632,3.6632,0.0000
7.497,100818.843750,299.5412,1.171550989151e+00,347.0188,3.6633,3.6633,0.0000
7.507,100818.695312,299.5412,1.171549558640e+00,347.0187,3.6635,3.6635,0.0000
7.518,100818.546875,299.5410,1.171548247337e+00,347.0187,3.6637,3.6637,0.0000
7.528,100818.453125,299.5410,1.171547174454e+00,347.0186,3.6638,3.6638,0.0000
7.539,100818.335938,299.5410,1.171546459198e+00,347.0186,3.6640,3.6640,0.0000
7.549,100818.210938,299.5409,1.171545028687e+00,347.0186,3.6642,3.6642,0.0000
7.559,100818.070312,299.5408,1.171543598175e+00,347.0186,3.6644,3.6644,0.0000
7.570,100817.976562,299.5408,1.171542763710e+00,347.0185,3.6645,3.6645,0.0000
7.580,100817.835938,299.5407,1.171541333199e+00,347.0185,3.6647,3.6647,0.0000
7.591,100817.734375,299.5406,1.171540260315e+00,347.0184,3.6649,3.6649,0.0000
7.601,100817.531250,299.5406,1.171538352966e+00,347.0184,3.6650,3.6650,0.0000
7.612,100817.492188,299.5405,1.171538114548e+00,347.0184,3.6652,3.6652,0.0000
7.622,100817.343750,299.5404,1.171536684036e+00,347.0183,3.6654,3.6654,0.0000
7.633,100817.250000,299.5404,1.171535730362e+00,347.0183,3.6656,3.6656,0.0000
7.643,100817.101562,299.5403,1.171534299850e+00,347.0182,3.6657,3.6657,0.0000
7.654,100817.054688,299.5403,1.171534061432e+00,347.0182,3.6659,3.6659,0.0000
7.665,100816.867188,299.5402,1.171531915665e+00,347.0182,3.6661,3.6661,0.0000
7.675,100816.765625,299.5402,1.171530961990e+00,347.0182,3.6663,3.6663,0.0000
7.686,100816.625000,299.5401,1.171529769897e+00,347.0181,3.6664,3.6664,0.0000
7.696,100816.476562,299.5400,1.171528220177e+00,347.0181,3.6666,3.6666,0.0000
7.707,100816.437500,299.5400,1.171527743340e+00,347.0181,3.6668,3.6668,0.0000
7.718,100816.296875,299.5399,1.171526789665e+00,347.0180,3.6670,3.6670,0.0000
7.728,100816.140625,299.5398,1.171525120735e+00,347.0179,3.6671,3.6671,0.0000
7.739,100815.992188,299.5398,1.171523690224e+00,347.0179,3.6673,3.6673,0.0000
7.750,100815.906250,299.5397,1.171522855759e+00,347.0179,3.6675,3.6675,0.0000
7.760,100815.742188,299.5396,1.171521306038e+00,347.0179,3.6677,3.6677,0.0000
7.771,100815.703125,299.5396,1.171520948410e+00,347.0178,3.6678,3.6678,0.0000
7.782,100815.570312,299.5395,1.171519637108e+00,347.0178,3.6680,3.6680,0.0000
7.793,100815.375000,299.5394,1.171517729759e+00,347.0177,3.6682,3.6682,0.0000
7.803,100815.273438,299.5394,1.171516895294e+00,347.0177,3.6684,3.6684,0.0000
7.814,100815.179688,299.5393,1.171515941620e+00,347.0177,3.6685,3.6685,0.0000
7.825,100815.078125,299.5393,1.171514987946e+00,347.0176,3.6687,3.6687,0.0000
7.836,100814.937500,299.5392,1.171513557434e+00,347.0176,3.6689,3.6689,0.0000
7.847,100814.789062,299.5391,1.171512126923e+00,347.0176,3.6691,3.6691,0.0000
7.858,100814.640625,299.5391,1.171510696411e+00,347.0175,3.6693,3.6693,0.0000
7.868,100814.507812,299.5390,1.171509504318e+00,347.0175,3.6694,3.6694,0.0000
7.879,100814.421875,299.5389,1.171508669853e+00,347.0174,3.6696,3.6696,0.0000
7.890,100814.320312,299.5389,1.171507716179e+00,347.0175,3.6698,3.6698,0.0000
7.901,100814.210938,299.5388,1.171506762505e+00,347.0174,3.6700,3.6700,0.0000
7.912,100814.031250,299.5387,1.171504855156e+00,347.0174,3.6701,3.6701,0.0000
7.923,100813.937500,299.5387,1.171503782272e+00,347.0173,3.6703,3.6703,0.0000
7.934,100813.781250,299.5386,1.171502351761e+00,347.0173,3.6705,3.6705,0.0000
7.945,100813.632812,299.5385,1.171501040459e+00,347.0172,3.6707,3.6707,0.0000
7.956,100813.585938,299.5385,1.171500682831e+00,347.0172,3.6709,3.6709,0.0000
7.967,100813.406250,299.5384,1.171498775482e+00,347.0171,3.6710,3.6710,0.0000
7.978,100813.304688,299.5384,1.171497941017e+00,347.0171,3.6712,3.6712,0.0000
7.989,100813.156250,299.5383,1.171496510506e+00,347.0171,3.6714,3.6714,0.0000
8.000,100813.015625,299.5382,1.171495318413e+00,347.0171,3.6716,3.6716,0.0000
8.011,100812.921875,299.5381,1.171494364738e+00,347.0170,3.6718,3.6718,0.0000
8.022,100812.718750,299.5381,1.171492218971e+00,347.0169,3.6719,3.6719,0.0000
8.033,100812.632812,299.5380,1.171491384506e+00,347.0169,3.6721,3.6721,0.0000
8.044,100812.484375,299.5379,1.171490073204e+00,347.0169,3.6723,3.6723,0.0000
8.055,100812.390625,299.5379,1.171489238739e+00,347.0168,3.6725,3.6725,0.0000
8.067,100812.242188,299.5378,1.171487927437e+00,347.0168,3.6727,3.6727,0.0000
8.078,100812.148438,299.5377,1.171486973763e+00,347.0168,3.6729,3.6729,0.0000
8.089,100812.000000,299.5377,1.171485304832e+00,347.0168,3.6730,3.6730,0.0000
8.100,100811.914062,299.5376,1.171484589577e+00,347.0167,3.6732,3.6732,0.0000
8.111,100811.703125,299.5375,1.171482443810e+00,347.0167,3.6734,3.6734,0.0000
8.123,100811.664062,299.5375,1.171482324600e+00,347.0167,3.6736,3.6736,0.0000
8.134,100811.484375,299.5374,1.171480536461e+00,347.0166,3.6738,3.6738,0.0000
8.145,100811.328125,299.5373,1.171479105949e+00,347.0165,3.6740,3.6740,0.0000
8.156,100811.226562,299.5373,1.171477913857e+00,347.0165,3.6741,3.6741,0.0000
8.168,100811.085938,299.5372,1.171476721764e+00,347.0165,3.6743,3.6743,0.0000
8.179,100810.937500,299.5371,1.171475172043e+00,347.0164,3.6745,3.6745,0.0000
8.190,100810.898438,299.5371,1.171474933624e+00,347.0164,3.6747,3.6747,0.0000
8.201,100810.679688,299.5370,1.171472668648e+00,347.0164,3.6749,3.6749,0.0000
8.213,100810.562500,299.5369,1.171471595764e+00,347.0163,3.6751,3.6751,0.0000
8.224,100810.468750,299.5369,1.171470761299e+00,347.0163,3.6752,3.6752,0.0000
8.236,100810.328125,299.5368,1.171469569206e+00,347.0162,3.6754,3.6754,0.0000
8.247,100810.203125,299.5367,1.171468138695e+00,347.0162,3.6756,3.6756,0.0000
8.258,100810.023438,299.5367,1.171466350555e+00,347.0161,3.6758,3.6758,0.0000
8.270,100809.898438,299.5366,1.171465158463e+00,347.0161,3.6760,3.6760,0.0000
8.281,100809.789062,299.5365,1.171464204788e+00,347.0161,3.6762,3.6762,0.0000
8.293,100809.664062,299.5365,1.171462774277e+00,347.0161,3.6764,3.6764,0.0000
8.304,100809.546875,299.5364,1.171461939812e+00,347.0160,3.6766,3.6766,0.0000
8.316,100809.367188,299.5363,1.171460032463e+00,347.0159,3.6767,3.6767,0.0000
8.327,100809.226562,299.5363,1.171458721161e+00,347.0159,3.6769,3.6769,0.0000
8.339,100809.132812,299.5362,1.171457886696e+00,347.0159,3.6771,3.6771,0.0000
8.350,100808.984375,299.5361,1.171456336975e+00,347.0158,3.6773,3.6773,0.0000
8.362,100808.882812,299.5361,1.171455383301e+00,347.0158,3.6775,3.6775,0.0000
8.373,100808.765625,299.5360,1.171454548836e+00,347.0158,3.6777,3.6777,0.0000
8.385,100808.593750,299.5359,1.171452522278e+00,347.0157,3.6779,3.6779,0.0000
8.396,100808.484375,299.5359,1.171451687813e+00,347.0157,3.6781,3.6781,0.0000
8.408,100808.351562,299.5357,1.171450614929e+00,347.0157,3.6782,3.6782,0.0000
8.420,100808.195312,299.5357,1.171448945999e+00,347.0157,3.6784,3.6784,0.0000
8.431,100808.125000,299.5356,1.171448469162e+00,347.0156,3.6786,3.6786,0.0000
8.443,100807.921875,299.5356,1.171446204185e+00,347.0155,3.6788,3.6788,0.0000
8.455,100807.835938,299.5355,1.171445608139e+00,347.0155,3.6790,3.6790,0.0000
8.466,100807.742188,299.5354,1.171444654465e+00,347.0155,3.6792,3.6792,0.0000
8.478,100807.570312,299.5354,1.171443104744e+00,347.0154,3.6794,3.6794,0.0000
8.490,100807.390625,299.5353,1.171441316605e+00,347.0154,3.6796,3.6796,0.0000
8.501,100807.250000,299.5352,1.171439886093e+00,347.0154,3.6798,3.6798,0.0000
8.513,100807.156250,299.5352,1.171439051628e+00,347.0153,3.6800,3.6800,0.0000
8.525,100807.007812,299.5351,1.171437501907e+00,347.0152,3.6802,3.6802,0.0000
8.537,100806.867188,299.5350,1.171436190605e+00,347.0152,3.6803,3.6803,0.0000
8.549,100806.734375,299.5349,1.171434998512e+00,347.0151,3.6805,3.6805,0.0000
8.560,100806.570312,299.5349,1.171433448792e+00,347.0151,3.6807,3.6807,0.0000
8.572,100806.429688,299.5348,1.171431899071e+00,347.0151,3.6809,3.6809,0.0000
8.584,100806.320312,299.5347,1.171431183815e+00,347.0150,3.6811,3.6811,0.0000
8.596,100806.187500,299.5347,1.171429634094e+00,347.0150,3.6813,3.6813,0.0000
8.608,100806.046875,299.5346,1.171428322792e+00,347.0150,3.6815,3.6815,0.0000
8.620,100805.851562,299.5345,1.171426296234e+00,347.0150,3.6817,3.6817,0.0000
8.632,100805.710938,299.5344,1.171424984932e+00,347.0149,3.6819,3.6819,0.0000
8.644,100805.625000,299.5344,1.171424269676e+00,347.0149,3.6821,3.6821,0.0000
8.656,100805.523438,299.5343,1.171423316002e+00,347.0148,3.6823,3.6823,0.0000
8.667,100805.382812,299.5342,1.171421885490e+00,347.0148,3.6825,3.6825,0.0000
8.679,100805.226562,299.5341,1.171420454979e+00,347.0147,3.6827,3.6827,0.0000
8.691,100805.078125,299.5341,1.171418905258e+00,347.0147,3.6829,3.6829,0.0000
8.704,100804.937500,299.5340,1.171417713165e+00,347.0146,3.6831,3.6831,0.0000
8.716,100804.804688,299.5339,1.171416282654e+00,347.0146,3.6833,3.6833,0.0000
8.728,100804.703125,299.5338,1.171415567398e+00,347.0146,3.6835,3.6835,0.0000
8.740,100804.507812,299.5338,1.171413660049e+00,347.0145,3.6836,3.6836,0.0000
8.752,100804.406250,299.5338,1.171412706375e+00,347.0145,3.6838,3.6838,0.0000
8.764,100804.273438,299.5336,1.171411395073e+00,347.0144,3.6840,3.6840,0.0000
8.776,100804.125000,299.5335,1.171409964561e+00,347.0144,3.6842,3.6842,0.0000
8.788,100803.984375,299.5335,1.171408534050e+00,347.0143,3.6844,3.6844,0.0000
8.800,100803.828125,299.5334,1.171407103539e+00,347.0143,3.6846,3.6846,0.0000
8.812,100803.679688,299.5334,1.171405553818e+00,347.0143,3.6848,3.6848,0.0000
8.825,100803.585938,299.5333,1.171404838562e+00,347.0142,3.6850,3.6850,0.0000
8.837,100803.453125,299.5332,1.171403527260e+00,347.0142,3.6852,3.6852,0.0000
8.849,100803.312500,299.5331,1.171402335167e+00,347.0142,3.6854,3.6854,0.0000
8.861,100803.171875,299.5331,1.171401023865e+00,347.0141,3.6856,3.6856,0.0000
8.873,100803.031250,299.5330,1.171399474144e+00,347.0141,3.6858,3.6858,0.0000
8.886,100802.929688,299.5329,1.171398639679e+00,347.0140,3.6860,3.6860,0.0000
8.898,100802.718750,299.5328,1.171396374702e+00,347.0140,3.6862,3.6862,0.0000
8.910,100802.625000,299.5328,1.171395540237e+00,347.0139,3.6864,3.6864,0.0000
8.923,100802.437500,299.5327,1.171393632889e+00,347.0139,3.6866,3.6866,0.0000
8.935,100802.335938,299.5327,1.171392798424e+00,347.0139,3.6868,3.6868,0.0000
8.947,100802.203125,299.5326,1.171391367912e+00,347.0139,3.6870,3.6870,0.0000
8.960,100802.007812,299.5324,1.171389698982e+00,347.0137,3.6872,3.6872,0.0000
8.972,100801.914062,299.5324,1.171388745308e+00,347.0137,3.6874,3.6874,0.0000
8.985,100801.765625,299.5323,1.171387314796e+00,347.0137,3.6876,3.6876,0.0000
8.997,100801.578125,299.5323,1.171385288239e+00,347.0136,3.6878,3.6878,0.0000
9.009,100801.429688,299.5322,1.171384215355e+00,347.0136,3.6880,3.6880,0.0000
9.022,100801.382812,299.5321,1.171383857727e+00,347.0135,3.6882,3.6882,0.0000
9.034,100801.132812,299.5320,1.171381235123e+00,347.0135,3.6884,3.6884,0.0000
9.047,100801.000000,299.5320,1.171380043030e+00,347.0135,3.6886,3.6886,0.0000
9.059,100800.851562,299.5319,1.171378493309e+00,347.0134,3.6888,3.6888,0.0000
9.072,100800.765625,299.5318,1.171377778053e+00,347.0134,3.6890,3.6890,0.0000
9.084,100800.609375,299.5317,1.171376347542e+00,347.0133,3.6892,3.6892,0.0000
9.097,100800.421875,299.5316,1.171374440193e+00,347.0133,3.6894,3.6894,0.0000
9.110,100800.281250,299.5316,1.171373248100e+00,347.0132,3.6897,3.6897,0.0000
9.122,100800.179688,299.5315,1.171372413635e+00,347.0132,3.6899,3.6899,0.0000
9.135,100800.031250,299.5314,1.171370625496e+00,347.0132,3.6901,3.6901,0.0000
9.147,100799.882812,299.5314,1.171369314194e+00,347.0131,3.6903,3.6903,0.0000
9.160,100799.710938,299.5313,1.171367526054e+00,347.0131,3.6905,3.6905,0.0000
9.173,100799.562500,299.5312,1.171366453171e+00,347.0130,3.6907,3.6907,0.0000
9.185,100799.406250,299.5311,1.171364903450e+00,347.0130,3.6909,3.6909,0.0000
9.198,100799.312500,299.5311,1.171363830566e+00,347.0130,3.6911,3.6911,0.0000
9.211,100799.132812,299.5310,1.171362042427e+00,347.0129,3.6913,3.6913,0.0000
9.224,100798.968750,299.5309,1.171360373497e+00,347.0129,3.6915,3.6915,0.0000
9.236,100798.828125,299.5308,1.171359181404e+00,347.0128,3.6917,3.6917,0.0000
9.249,100798.695312,299.5308,1.171357750893e+00,347.0128,3.6919,3.6919,0.0000
9.262,100798.601562,299.5307,1.171357035637e+00,347.0128,3.6921,3.6921,0.0000
9.275,100798.406250,299.5306,1.171355009079e+00,347.0127,3.6923,3.6923,0.0000
9.287,100798.265625,299.5305,1.171353697777e+00,347.0126,3.6925,3.6925,0.0000
9.300,100798.171875,299.5305,1.171352863312e+00,347.0126,3.6927,3.6927,0.0000
9.313,100797.976562,299.5304,1.171350717545e+00,347.0126,3.6929,3.6929,0.0000
9.326,100797.835938,299.5303,1.171349525452e+00,347.0125,3.6932,3.6932,0.0000
9.339,100797.632812,299.5302,1.171347618103e+00,347.0125,3.6934,3.6934,0.0000
9.352,100797.500000,299.5301,1.171346426010e+00,347.0124,3.6936,3.6936,0.0000
9.365,100797.390625,299.5301,1.171345233917e+00,347.0124,3.6938,3.6938,0.0000
9.378,100797.250000,299.5300,1.171344041824e+00,347.0124,3.6940,3.6940,0.0000
9.391,100797.164062,299.5299,1.171343445778e+00,347.0123,3.6942,3.6942,0.0000
9.404,100796.914062,299.5298,1.171340584755e+00,347.0123,3.6944,3.6944,0.0000
9.417,100796.812500,299.5297,1.171339988708e+00,347.0122,3.6946,3.6946,0.0000
9.430,100796.632812,299.5297,1.171338200569e+00,347.0122,3.6948,3.6948,0.0000
9.443,100796.515625,299.5296,1.171337127686e+00,347.0121,3.6950,3.6950,0.0000
9.456,100796.296875,299.5295,1.171334743500e+00,347.0121,3.6953,3.6953,0.0000
9.469,100796.187500,299.5294,1.171333909035e+00,347.0120,3.6955,3.6955,0.0000
9.482,100796.007812,299.5294,1.171332001686e+00,347.0120,3.6957,3.6957,0.0000
9.495,100795.960938,299.5293,1.171331644058e+00,347.0120,3.6959,3.6959,0.0000
9.508,100795.671875,299.5292,1.171328783035e+00,347.0119,3.6961,3.6961,0.0000
9.521,100795.562500,299.5291,1.171327948570e+00,347.0118,3.6963,3.6963,0.0000
9.535,100795.476562,299.5291,1.171327114105e+00,347.0118,3.6965,3.6965,0.0000
9.548,100795.273438,299.5290,1.171324968338e+00,347.0117,3.6967,3.6967,0.0000
9.561,100795.132812,299.5289,1.171323657036e+00,347.0117,3.6969,3.6969,0.0000
9.574,100794.937500,299.5288,1.171321630478e+00,347.0117,3.6972,3.6972,0.0000
9.587,100794.796875,299.5287,1.171320438385e+00,347.0116,3.6974,3.6974,0.0000
9.601,100794.664062,299.5287,1.171319127083e+00,347.0116,3.6976,3.6976,0.0000
9.614,100794.507812,299.5286,1.171317696571e+00,347.0115,3.6978,3.6978,0.0000
9.627,100794.312500,299.5285,1.171315908432e+00,347.0115,3.6980,3.6980,0.0000
9.640,100794.226562,299.5284,1.171314954758e+00,347.0115,3.6982,3.6982,0.0000
9.654,100794.023438,299.5283,1.171313047409e+00,347.0113,3.6984,3.6984,0.0000
9.667,100793.929688,299.5283,1.171312332153e+00,347.0113,3.6987,3.6987,0.0000
9.681,100793.734375,299.5282,1.171310305595e+00,347.0113,3.6989,3.6989,0.0000
9.694,100793.593750,299.5281,1.171308875084e+00,347.0113,3.6991,3.6991,0.0000
9.707,100793.453125,299.5280,1.171307682991e+00,347.0112,3.6993,3.6993,0.0000
9.721,100793.312500,299.5279,1.171306490898e+00,347.0111,3.6995,3.6995,0.0000
9.734,100793.156250,299.5279,1.171304702759e+00,347.0111,3.6997,3.6997,0.0000
9.748,100792.968750,299.5278,1.171302914619e+00,347.0110,3.7000,3.7000,0.0000
9.761,100792.828125,299.5277,1.171301722527e+00,347.0110,3.7002,3.7002,0.0000
9.775,100792.679688,299.5276,1.171300292015e+00,347.0110,3.7004,3.7004,0.0000
9.788,100792.531250,299.5275,1.171298980713e+00,347.0109,3.7006,3.7006,0.0000
9.802,100792.390625,299.5275,1.171297550201e+00,347.0109,3.7008,3.7008,0.0000
9.815,100792.156250,299.5274,1.171295046806e+00,347.0108,3.7010,3.7010,0.0000
9.829,100792.007812,299.5273,1.171293735504e+00,347.0108,3.7013,3.7013,0.0000
9.842,100791.914062,299.5272,1.171293020248e+00,347.0107,3.7015,3.7015,0.0000
9.856,100791.773438,299.5271,1.171291708946e+00,347.0107,3.7017,3.7017,0.0000
9.870,100791.578125,299.5271,1.171289563179e+00,347.0107,3.7019,3.7019,0.0000
9.883,100791.437500,299.5269,1.171288371086e+00,347.0106,3.7021,3.7021,0.0000
9.897,100791.289062,299.5269,1.171286821365e+00,347.0105,3.7024,3.7024,0.0000
9.911,100791.148438,299.5268,1.171285629272e+00,347.0104,3.7026,3.7026,0.0000
9.924,100790.898438,299.5267,1.171283006668e+00,347.0104,3.7028,3.7028,0.0000
9.938,100790.804688,299.5266,1.171282291412e+00,347.0104,3.7030,3.7030,0.0000
9.952,100790.664062,299.5266,1.171280860901e+00,347.0103,3.7032,3.7032,0.0000
9.966,100790.531250,299.5265,1.171279430389e+00,347.0103,3.7035,3.7035,0.0000
9.979,100790.382812,299.5264,1.171278119087e+00,347.0103,3.7037,3.7037,0.0000
9.993,100790.132812,299.5263,1.171275854111e+00,347.0102,3.7039,3.7039,0.0000
10.007,100790.039062,299.5262,1.171274900436e+00,347.0102,3.7041,3.7041,0.0000
10.021,100789.796875,299.5261,1.171272516251e+00,347.0101,3.7044,3.7044,0.0000
10.035,100789.695312,299.5260,1.171271800995e+00,347.0101,3.7046,3.7046,0.0000
10.048,100789.515625,299.5260,1.171269655228e+00,347.0100,3.7048,3.7048,0.0000
10.062,100789.359375,299.5259,1.171268343925e+00,347.0099,3.7050,3.7050,0.0000
10.076,100789.218750,299.5258,1.171267032623e+00,347.0099,3.7052,3.7052,0.0000
10.090,100789.070312,299.5257,1.171265721321e+00,347.0099,3.7055,3.7055,0.0000
10.104,100788.828125,299.5256,1.171263217926e+00,347.0098,3.7057,3.7057,0.0000
10.118,100788.742188,299.5255,1.171262621880e+00,347.0098,3.7059,3.7059,0.0000
10.132,100788.562500,299.5255,1.171260714531e+00,347.0097,3.7061,3.7061,0.0000
10.146,100788.398438,299.5254,1.171259284019e+00,347.0097,3.7064,3.7064,0.0000
10.160,100788.304688,299.5253,1.171258449554e+00,347.0096,3.7066,3.7066,0.0000
10.174,100788.078125,299.5252,1.171256184578e+00,347.0096,3.7068,3.7068,0.0000
10.188,100787.945312,299.5251,1.171254873276e+00,347.0095,3.7070,3.7070,0.0000
10.202,100787.781250,299.5251,1.171253085136e+00,347.0095,3.7073,3.7073,0.0000
10.216,100787.648438,299.5250,1.171252012253e+00,347.0094,3.7075,3.7075,0.0000
10.231,100787.437500,299.5249,1.171250104904e+00,347.0094,3.7077,3.7077,0.0000
10.245,100787.250000,299.5248,1.171247959137e+00,347.0093,3.7079,3.7079,0.0000
10.259,100787.164062,299.5247,1.171247243881e+00,347.0093,3.7082,3.7082,0.0000
10.273,100786.960938,299.5247,1.171245217323e+00,347.0093,3.7084,3.7084,0.0000
10.287,100786.773438,299.5245,1.171243548393e+00,347.0092,3.7086,3.7086,0.0000
10.302,100786.632812,299.5245,1.171242237091e+00,347.0092,3.7089,3.7089,0.0000
10.316,100786.468750,299.5244,1.171240806580e+00,347.0091,3.7091,3.7091,0.0000
10.330,100786.343750,299.5243,1.171239614487e+00,347.0090,3.7093,3.7093,0.0000
10.344,100786.148438,299.5242,1.171237468719e+00,347.0090,3.7095,3.7095,0.0000
10.359,100785.984375,299.5241,1.171236038208e+00,347.0089,3.7098,3.7098,0.0000
10.373,100785.859375,299.5241,1.171234726906e+00,347.0090,3.7100,3.7100,0.0000
10.387,100785.671875,299.5240,1.171233057976e+00,347.0089,3.7102,3.7102,0.0000
10.402,100785.468750,299.5239,1.171231150627e+00,347.0088,3.7105,3.7105,0.0000
10.416,100785.335938,299.5238,1.171229839325e+00,347.0088,3.7107,3.7107,0.0000
10.430,100785.187500,299.5237,1.171228408813e+00,347.0087,3.7109,3.7109,0.0000
10.445,100784.992188,299.5236,1.171226501465e+00,347.0087,3.7112,3.7112,0.0000
10.459,100784.796875,299.5235,1.171224713326e+00,347.0086,3.7114,3.7114,0.0000
10.474,100784.656250,299.5235,1.171223282814e+00,347.0086,3.7116,3.7116,0.0000
10.488,100784.507812,299.5233,1.171221971512e+00,347.0085,3.7118,3.7118,0.0000
10.503,100784.328125,299.5233,1.171220183372e+00,347.0085,3.7121,3.7121,0.0000
10.517,100784.125000,299.5232,1.171218156815e+00,347.0084,3.7123,3.7123,0.0000
10.532,100783.992188,299.5231,1.171216726303e+00,347.0084,3.7125,3.7125,0.0000
10.546,100783.789062,299.5230,1.171215057373e+00,347.0083,3.7128,3.7128,0.0000
10.561,100783.703125,299.5229,1.171214342117e+00,347.0082,3.7130,3.7130,0.0000
10.576,100783.507812,299.5229,1.171212196350e+00,347.0082,3.7132,3.7132,0.0000
10.590,100783.304688,299.5228,1.171210408211e+00,347.0082,3.7135,3.7135,0.0000
10.605,100783.171875,299.5227,1.171208858490e+00,347.0081,3.7137,3.7137,0.0000
10.619,100782.976562,299.5226,1.171207070351e+00,347.0081,3.7139,3.7139,0.0000
10.634,100782.835938,299.5225,1.171205997467e+00,347.0080,3.7142,3.7142,0.0000
10.649,100782.632812,299.5224,1.171203970909e+00,347.0079,3.7144,3.7144,0.0000
10.664,100782.484375,299.5223,1.171202540398e+00,347.0079,3.7147,3.7147,0.0000
10.678,100782.351562,299.5222,1.171201348305e+00,347.0078,3.7149,3.7149,0.0000
10.693,100782.203125,299.5222,1.171199798584e+00,347.0078,3.7151,3.7151,0.0000
10.708,100781.968750,299.5221,1.171197414398e+00,347.0078,3.7154,3.7154,0.0000
10.723,100781.828125,299.5220,1.171196103096e+00,347.0077,3.7156,3.7156,0.0000
10.737,100781.617188,299.5219,1.171194314957e+00,347.0076,3.7158,3.7158,0.0000
10.752,100781.382812,299.5218,1.171191930771e+00,347.0076,3.7161,3.7161,0.0000
10.767,100781.289062,299.5217,1.171190977097e+00,347.0075,3.7163,3.7163,0.0000
10.782,100781.187500,299.5216,1.171190142632e+00,347.0075,3.7165,3.7165,0.0000
10.797,100780.960938,299.5215,1.171187758446e+00,347.0075,3.7168,3.7168,0.0000
10.812,100780.812500,299.5215,1.171186447144e+00,347.0074,3.7170,3.7170,0.0000
10.827,100780.617188,299.5214,1.171184659004e+00,347.0074,3.7173,3.7173,0.0000
10.842,100780.484375,299.5212,1.171183347702e+00,347.0073,3.7175,3.7175,0.0000
10.857,100780.226562,299.5211,1.171180725098e+00,347.0072,3.7177,3.7177,0.0000
10.872,100780.085938,299.5211,1.171179533005e+00,347.0072,3.7180,3.7180,0.0000
10.887,100779.914062,299.5210,1.171177744865e+00,347.0071,3.7182,3.7182,0.0000
10.902,100779.750000,299.5209,1.171176195145e+00,347.0070,3.7185,3.7185,0.0000
10.917,100779.617188,299.5208,1.171174883842e+00,347.0071,3.7187,3.7187,0.0000
10.932,100779.437500,299.5207,1.171173214912e+00,347.0070,3.7189,3.7189,0.0000
10.947,100779.171875,299.5206,1.171170711517e+00,347.0069,3.7192,3.7192,0.0000
10.962,100779.039062,299.5205,1.171169400215e+00,347.0069,3.7194,3.7194,0.0000
10.978,100778.937500,299.5204,1.171168684959e+00,347.0068,3.7197,3.7197,0.0000
10.993,100778.656250,299.5203,1.171165704727e+00,347.0067,3.7199,3.7199,0.0000
11.008,100778.500000,299.5202,1.171164512634e+00,347.0067,3.7201,3.7201,0.0000
11.023,100778.375000,299.5202,1.171163082123e+00,347.0067,3.7204,3.7204,0.0000
11.038,100778.226562,299.5201,1.171161651611e+00,347.0066,3.7206,3.7206,0.0000
11.054,100777.976562,299.5200,1.171159267426e+00,347.0066,3.7209,3.7209,0.0000
11.069,100777.789062,299.5198,1.171157479286e+00,347.0065,3.7211,3.7211,0.0000
11.084,100777.640625,299.5198,1.171156048775e+00,347.0064,3.7214,3.7214,0.0000
11.100,100777.507812,299.5197,1.171154856682e+00,347.0064,3.7216,3.7216,0.0000
11.115,100777.265625,299.5197,1.171152114868e+00,347.0064,3.7218,3.7218,0.0000
11.130,100777.070312,299.5195,1.171150445938e+00,347.0063,3.7221,3.7221,0.0000
11.146,100776.976562,299.5194,1.171149730682e+00,347.0063,3.7223,3.7223,0.0000
11.161,100776.773438,299.5193,1.171147584915e+00,347.0062,3.7226,3.7226,0.0000
11.176,100776.679688,299.5193,1.171146988869e+00,347.0061,3.7228,3.7228,0.0000
11.192,100776.437500,299.5192,1.171144485474e+00,347.0061,3.7231,3.7231,0.0000
11.207,100776.257812,299.5190,1.171142697334e+00,347.0061,3.7233,3.7233,0.0000
11.223,100776.054688,299.5190,1.171140670776e+00,347.0060,3.7236,3.7236,0.0000
11.238,100775.859375,299.5189,1.171138882637e+00,347.0059,3.7238,3.7238,0.0000
11.254,100775.765625,299.5188,1.171137928963e+00,347.0059,3.7241,3.7241,0.0000
11.270,100775.531250,299.5187,1.171135663986e+00,347.0059,3.7243,3.7243,0.0000
11.285,100775.382812,299.5186,1.171134591103e+00,347.0057,3.7246,3.7246,0.0000
11.301,100775.187500,299.5185,1.171132326126e+00,347.0057,3.7248,3.7248,0.0000
11.316,100774.953125,299.5184,1.171130299568e+00,347.0056,3.7250,3.7250,0.0000
11.332,100774.804688,299.5183,1.171128869057e+00,347.0056,3.7253,3.7253,0.0000
11.348,100774.664062,299.5182,1.171127676964e+00,347.0055,3.7255,3.7255,0.0000
11.363,100774.476562,299.5181,1.171125769615e+00,347.0055,3.7258,3.7258,0.0000
11.379,100774.289062,299.5181,1.171123743057e+00,347.0055,3.7260,3.7260,0.0000
11.395,100774.132812,299.5179,1.171122550964e+00,347.0054,3.7263,3.7263,0.0000
11.411,100773.890625,299.5179,1.171120047569e+00,347.0053,3.7265,3.7265,0.0000
11.426,100773.750000,299.5178,1.171118736267e+00,347.0053,3.7268,3.7268,0.0000
11.442,100773.601562,299.5177,1.171117305756e+00,347.0052,3.7270,3.7270,0.0000
11.458,100773.359375,299.5176,1.171114921570e+00,347.0052,3.7273,3.7273,0.0000
11.474,100773.171875,299.5175,1.171113252640e+00,347.0051,3.7275,3.7275,0.0000
11.490,100772.968750,299.5173,1.171111345291e+00,347.0050,3.7278,3.7278,0.0000
11.506,100772.828125,299.5173,1.171110033989e+00,347.0050,3.7281,3.7281,0.0000
11.521,100772.640625,299.5172,1.171108245850e+00,347.0049,3.7283,3.7283,0.0000
11.537,100772.500000,299.5171,1.171106696129e+00,347.0049,3.7286,3.7286,0.0000
11.553,100772.257812,299.5170,1.171104311943e+00,347.0049,3.7288,3.7288,0.0000
11.569,100772.109375,299.5169,1.171102881432e+00,347.0048,3.7291,3.7291,0.0000
11.585,100771.929688,299.5168,1.171101212502e+00,347.0047,3.7293,3.7293,0.0000
11.601,100771.671875,299.5167,1.171098709106e+00,347.0047,3.7296,3.7296,0.0000
11.617,100771.531250,299.5166,1.171097517014e+00,347.0046,3.7298,3.7298,0.0000
11.633,100771.328125,299.5165,1.171095371246e+00,347.0046,3.7301,3.7301,0.0000
11.649,100771.156250,299.5164,1.171093940735e+00,347.0045,3.7303,3.7303,0.0000
11.666,100770.960938,299.5163,1.171092033386e+00,347.0044,3.7306,3.7306,0.0000
11.682,100770.828125,299.5163,1.171090483665e+00,347.0044,3.7308,3.7308,0.0000
11.698,100770.632812,299.5161,1.171088814735e+00,347.0043,3.7311,3.7311,0.0000
11.714,100770.437500,299.5161,1.171087026596e+00,347.0043,3.7314,3.7314,0.0000
11.730,100770.226562,299.5159,1.171085000038e+00,347.0042,3.7316,3.7316,0.0000
11.746,100770.054688,299.5159,1.171083092690e+00,347.0042,3.7319,3.7319,0.0000
11.763,100769.796875,299.5157,1.171080827713e+00,347.0041,3.7321,3.7321,0.0000
11.779,100769.671875,299.5157,1.171079635620e+00,347.0041,3.7324,3.7324,0.0000
11.795,100769.531250,299.5156,1.171078324318e+00,347.0041,3.7326,3.7326,0.0000
11.812,100769.382812,299.5155,1.171077013016e+00,347.0040,3.7329,3.7329,0.0000
11.828,100769.085938,299.5154,1.171073913574e+00,347.0039,3.7332,3.7332,0.0000
11.844,100768.953125,299.5153,1.171072602272e+00,347.0038,3.7334,3.7334,0.0000
11.861,100768.804688,299.5152,1.171071290970e+00,347.0038,3.7337,3.7337,0.0000
11.877,100768.601562,299.5151,1.171069383621e+00,347.0037,3.7339,3.7339,0.0000
11.893,100768.375000,299.5150,1.171066880226e+00,347.0038,3.7342,3.7342,0.0000
11.910,100768.226562,299.5149,1.171065688133e+00,347.0036,3.7344,3.7344,0.0000
11.926,100768.078125,299.5148,1.171064257622e+00,347.0036,3.7347,3.7347,0.0000
11.943,100767.835938,299.5147,1.171062231064e+00,347.0035,3.7350,3.7350,0.0000
11.959,100767.648438,299.5146,1.171060085297e+00,347.0034,3.7352,3.7352,0.0000
11.976,100767.453125,299.5145,1.171058297157e+00,347.0034,3.7355,3.7355,0.0000
11.992,100767.257812,299.5144,1.171056628227e+00,347.0033,3.7358,3.7358,0.0000
12.009,100767.023438,299.5143,1.171054124832e+00,347.0033,3.7360,3.7360,0.0000
12.026,100766.875000,299.5142,1.171052813530e+00,347.0032,3.7363,3.7363,0.0000
12.042,100766.632812,299.5141,1.171050429344e+00,347.0032,3.7365,3.7365,0.0000
12.059,100766.546875,299.5140,1.171049833298e+00,347.0031,3.7368,3.7368,0.0000
12.076,100766.265625,299.5139,1.171046853065e+00,347.0030,3.7371,3.7371,0.0000
12.092,100766.109375,299.5138,1.171045541763e+00,347.0030,3.7373,3.7373,0.0000
12.109,100765.976562,299.5137,1.171044230461e+00,347.0029,3.7376,3.7376,0.0000
12.126,100765.679688,299.5136,1.171041488647e+00,347.0029,3.7379,3.7379,0.0000
12.143,100765.531250,299.5135,1.171039938927e+00,347.0028,3.7381,3.7381,0.0000
12.159,100765.335938,299.5134,1.171038031578e+00,347.0028,3.7384,3.7384,0.0000
12.176,100765.210938,299.5133,1.171036839485e+00,347.0027,3.7387,3.7387,0.0000
12.193,100764.960938,299.5132,1.171034336090e+00,347.0027,3.7389,3.7389,0.0000
12.210,100764.773438,299.5131,1.171032667160e+00,347.0026,3.7392,3.7392,0.0000
12.227,100764.578125,299.5130,1.171030640602e+00,347.0026,3.7394,3.7394,0.0000
12.244,100764.328125,299.5129,1.171028256416e+00,347.0024,3.7397,3.7397,0.0000
12.261,100764.179688,299.5128,1.171027064323e+00,347.0024,3.7400,3.7400,0.0000
12.277,100764.039062,299.5127,1.171025514603e+00,347.0023,3.7402,3.7402,0.0000
12.294,100763.851562,299.5126,1.171023964882e+00,347.0023,3.7405,3.7405,0.0000
12.311,100763.625000,299.5125,1.171021580696e+00,347.0023,3.7408,3.7408,0.0000
12.328,100763.421875,299.5124,1.171019673347e+00,347.0022,3.7410,3.7410,0.0000
12.346,100763.234375,299.5123,1.171017646790e+00,347.0021,3.7413,3.7413,0.0000
12.363,100762.976562,299.5122,1.171015501022e+00,347.0020,3.7416,3.7416,0.0000
12.380,100762.851562,299.5121,1.171014189720e+00,347.0020,3.7419,3.7419,0.0000
12.397,100762.593750,299.5120,1.171011924744e+00,347.0019,3.7421,3.7421,0.0000
12.414,100762.500000,299.5119,1.171011090279e+00,347.0019,3.7424,3.7424,0.0000
12.431,100762.171875,299.5118,1.171007514000e+00,347.0019,3.7427,3.7427,0.0000
12.448,100762.078125,299.5117,1.171006679535e+00,347.0018,3.7429,3.7429,0.0000
12.465,100761.820312,299.5116,1.171004533768e+00,347.0017,3.7432,3.7432,0.0000
12.483,100761.679688,299.5115,1.171003103256e+00,347.0016,3.7435,3.7435,0.0000
12.500,100761.445312,299.5114,1.171000838280e+00,347.0016,3.7437,3.7437,0.0000
12.517,100761.265625,299.5113,1.170998930931e+00,347.0015,3.7440,3.7440,0.0000
12.535,100761.054688,299.5112,1.170997023582e+00,347.0015,3.7443,3.7443,0.0000
12.552,100760.859375,299.5110,1.170995116234e+00,347.0014,3.7446,3.7446,0.0000
12.569,100760.617188,299.5110,1.170992970467e+00,347.0014,3.7448,3.7448,0.0000
12.587,100760.390625,299.5108,1.170990586281e+00,347.0013,3.7451,3.7451,0.0000
12.604,100760.250000,299.5107,1.170989274979e+00,347.0012,3.7454,3.7454,0.0000
12.621,100760.007812,299.5106,1.170987010002e+00,347.0012,3.7457,3.7457,0.0000
12.639,100759.867188,299.5105,1.170985579491e+00,347.0011,3.7459,3.7459,0.0000
12.656,100759.578125,299.5104,1.170982837677e+00,347.0011,3.7462,3.7462,0.0000
12.674,100759.429688,299.5103,1.170981287956e+00,347.0010,3.7465,3.7465,0.0000
12.691,100759.242188,299.5102,1.170979619026e+00,347.0009,3.7468,3.7468,0.0000
12.709,100759.046875,299.5101,1.170977711678e+00,347.0009,3.7470,3.7470,0.0000
12.727,100758.859375,299.5100,1.170975923538e+00,347.0009,3.7473,3.7473,0.0000
12.744,100758.656250,299.5099,1.170974016190e+00,347.0007,3.7476,3.7476,0.0000
12.762,100758.484375,299.5098,1.170972347260e+00,347.0007,3.7479,3.7479,0.0000
12.779,100758.273438,299.5097,1.170970201492e+00,347.0006,3.7481,3.7481,0.0000
12.797,100757.984375,299.5096,1.170967698097e+00,347.0005,3.7484,3.7484,0.0000
12.815,100757.890625,299.5095,1.170966982841e+00,347.0005,3.7487,3.7487,0.0000
12.832,100757.640625,299.5094,1.170964241028e+00,347.0004,3.7490,3.7490,0.0000
12.850,100757.414062,299.5092,1.170962095261e+00,347.0004,3.7492,3.7492,0.0000
12.868,100757.226562,299.5092,1.170960187912e+00,347.0003,3.7495,3.7495,0.0000
12.886,100757.031250,299.5091,1.170958399773e+00,347.0002,3.7498,3.7498,0.0000
12.904,100756.781250,299.5090,1.170956015587e+00,347.0002,3.7501,3.7501,0.0000
12.921,100756.640625,299.5089,1.170954704285e+00,347.0002,3.7504,3.7504,0.0000
12.939,100756.414062,299.5088,1.170952439308e+00,347.0001,3.7506,3.7506,0.0000
12.957,100756.117188,299.5086,1.170949459076e+00,347.0000,3.7509,3.7509,0.0000
12.975,100755.976562,299.5085,1.170948266983e+00,347.0000,3.7512,3.7512,0.0000
12.993,100755.796875,299.5084,1.170946598053e+00,346.9999,3.7515,3.7515,0.0000
13.011,100755.640625,299.5083,1.170945286751e+00,346.9998,3.7518,3.7518,0.0000
13.029,100755.343750,299.5082,1.170942187309e+00,346.9998,3.7520,3.7520,0.0000
13.047,100755.195312,299.5081,1.170940995216e+00,346.9997,3.7523,3.7523,0.0000
13.065,100754.960938,299.5080,1.170938611031e+00,346.9997,3.7526,3.7526,0.0000
13.083,100754.742188,299.5079,1.170936465263e+00,346.9996,3.7529,3.7529,0.0000
13.101,100754.578125,299.5078,1.170934915543e+00,346.9995,3.7532,3.7532,0.0000
13.119,100754.328125,299.5077,1.170932650566e+00,346.9995,3.7535,3.7535,0.0000
13.137,100754.085938,299.5076,1.170930266380e+00,346.9994,3.7537,3.7537,0.0000
13.156,100753.898438,299.5074,1.170928478241e+00,346.9993,3.7540,3.7540,0.0000
13.174,100753.710938,299.5074,1.170926690102e+00,346.9993,3.7543,3.7543,0.0000
13.192,100753.523438,299.5072,1.170924901962e+00,346.9992,3.7546,3.7546,0.0000
13.210,100753.289062,299.5071,1.170922398567e+00,346.9991,3.7549,3.7549,0.0000
13.229,100753.093750,299.5070,1.170920729637e+00,346.9991,3.7552,3.7552,0.0000
13.247,100752.898438,299.5069,1.170918703079e+00,346.9991,3.7554,3.7554,0.0000
13.265,100752.656250,299.5068,1.170916438103e+00,346.9990,3.7557,3.7557,0.0000
13.283,100752.460938,299.5067,1.170914530754e+00,346.9989,3.7560,3.7560,0.0000
13.302,100752.281250,299.5066,1.170912742615e+00,346.9988,3.7563,3.7563,0.0000
13.320,100752.031250,299.5065,1.170910477638e+00,346.9988,3.7566,3.7566,0.0000
13.339,100751.843750,299.5063,1.170908689499e+00,346.9987,3.7569,3.7569,0.0000
13.357,100751.648438,299.5063,1.170906901360e+00,346.9986,3.7572,3.7572,0.0000
13.376,100751.437500,299.5062,1.170904874802e+00,346.9986,3.7575,3.7575,0.0000
13.394,100751.203125,299.5060,1.170902729034e+00,346.9985,3.7577,3.7577,0.0000
13.413,100751.031250,299.5060,1.170900821686e+00,346.9985,3.7580,3.7580,0.0000
13.431,100750.679688,299.5058,1.170897483826e+00,346.9984,3.7583,3.7583,0.0000
13.450,100750.492188,299.5057,1.170895695686e+00,346.9983,3.7586,3.7586,0.0000
13.468,100750.304688,299.5056,1.170893907547e+00,346.9982,3.7589,3.7589,0.0000
13.487,100750.109375,299.5055,1.170892119408e+00,346.9982,3.7592,3.7592,0.0000
13.506,100749.921875,299.5054,1.170890212059e+00,346.9981,3.7595,3.7595,0.0000
13.524,100749.687500,299.5053,1.170887827873e+00,346.9981,3.7598,3.7598,0.0000
13.543,100749.476562,299.5052,1.170885920525e+00,346.9980,3.7601,3.7601,0.0000
13.562,100749.242188,299.5050,1.170883774757e+00,346.9979,3.7604,3.7604,0.0000
13.580,100749.054688,299.5049,1.170881867409e+00,346.9979,3.7606,3.7606,0.0000
13.599,100748.867188,299.5048,1.170880317688e+00,346.9978,3.7609,3.7609,0.0000
13.618,100748.617188,299.5047,1.170877575874e+00,346.9978,3.7612,3.7612,0.0000
13.637,100748.382812,299.5046,1.170875430107e+00,346.9977,3.7615,3.7615,0.0000
13.656,100748.234375,299.5045,1.170874238014e+00,346.9977,3.7618,3.7618,0.0000
13.675,100747.937500,299.5044,1.170871257782e+00,346.9975,3.7621,3.7621,0.0000
13.693,100747.750000,299.5042,1.170869588852e+00,346.9975,3.7624,3.7624,0.0000
13.712,100747.500000,299.5041,1.170867085457e+00,346.9974,3.7627,3.7627,0.0000
13.731,100747.281250,299.5040,1.170864939690e+00,346.9974,3.7630,3.7630,0.0000
13.750,100747.085938,299.5039,1.170863151550e+00,346.9973,3.7633,3.7633,0.0000
13.769,100746.882812,299.5038,1.170861244202e+00,346.9972,3.7636,3.7636,0.0000
13.788,100746.593750,299.5037,1.170858383179e+00,346.9971,3.7639,3.7639,0.0000
13.807,100746.453125,299.5036,1.170856833458e+00,346.9971,3.7642,3.7642,0.0000
13.827,100746.265625,299.5034,1.170855283737e+00,346.9970,3.7645,3.7645,0.0000
13.846,100746.078125,299.5034,1.170853495598e+00,346.9970,3.7648,3.7648,0.0000
13.865,100745.734375,299.5032,1.170850157738e+00,346.9969,3.7651,3.7651,0.0000
13.884,100745.539062,299.5031,1.170848250389e+00,346.9968,3.7654,3.7654,0.0000
13.903,100745.398438,299.5030,1.170846819878e+00,346.9968,3.7657,3.7657,0.0000
13.922,100745.109375,299.5029,1.170844078064e+00,346.9967,3.7660,3.7660,0.0000
13.942,100744.921875,299.5027,1.170842409134e+00,346.9966,3.7663,3.7663,0.0000
13.961,100744.742188,299.5027,1.170840620995e+00,346.9966,3.7666,3.7666,0.0000
13.980,100744.437500,299.5025,1.170837879181e+00,346.9965,3.7669,3.7669,0.0000
14.000,100744.250000,299.5024,1.170835852623e+00,346.9964,3.7672,3.7672,0.0000
14.019,100744.070312,299.5023,1.170834183693e+00,346.9964,3.7675,3.7675,0.0000
14.038,100743.781250,299.5022,1.170831322670e+00,346.9963,3.7678,3.7678,0.0000
14.058,100743.585938,299.5020,1.170829653740e+00,346.9962,3.7681,3.7681,0.0000
14.077,100743.390625,299.5020,1.170827627182e+00,346.9962,3.7684,3.7684,0.0000
14.097,100743.140625,299.5019,1.170825242996e+00,346.9961,3.7687,3.7687,0.0000
14.116,100742.906250,299.5017,1.170823216438e+00,346.9960,3.7690,3.7690,0.0000
14.136,100742.718750,299.5016,1.170821070671e+00,346.9960,3.7693,3.7693,0.0000
14.155,100742.429688,299.5015,1.170818328857e+00,346.9959,3.7696,3.7696,0.0000
14.175,100742.234375,299.5014,1.170816421509e+00,346.9958,3.7699,3.7699,0.0000
14.194,100741.992188,299.5013,1.170814275742e+00,346.9958,3.7702,3.7702,0.0000
14.214,100741.796875,299.5012,1.170812129974e+00,346.9957,3.7705,3.7705,0.0000
14.234,100741.554688,299.5010,1.170809984207e+00,346.9956,3.7708,3.7708,0.0000
14.253,100741.367188,299.5009,1.170808196068e+00,346.9956,3.7711,3.7711,0.0000
14.273,100741.078125,299.5008,1.170805335045e+00,346.9955,3.7714,3.7714,0.0000
14.293,100740.898438,299.5007,1.170803785324e+00,346.9955,3.7717,3.7717,0.0000
14.313,100740.695312,299.5005,1.170801877975e+00,346.9953,3.7720,3.7720,0.0000
14.332,100740.398438,299.5005,1.170798897743e+00,346.9953,3.7723,3.7723,0.0000
14.352,100740.210938,299.5003,1.170797228813e+00,346.9952,3.7726,3.7726,0.0000
14.372,100739.968750,299.5002,1.170794963837e+00,346.9951,3.7729,3.7729,0.0000
14.392,100739.734375,299.5001,1.170792698860e+00,346.9951,3.7732,3.7732,0.0000
14.412,100739.539062,299.4999,1.170790910721e+00,346.9950,3.7735,3.7735,0.0000
14.432,100739.296875,299.4998,1.170788645744e+00,346.9949,3.7738,3.7738,0.0000
14.452,100739.007812,299.4997,1.170785427094e+00,346.9949,3.7742,3.7742,0.0000
14.472,100738.765625,299.4996,1.170783162117e+00,346.9948,3.7745,3.7745,0.0000
14.492,100738.625000,299.4995,1.170781970024e+00,346.9947,3.7748,3.7748,0.0000
14.512,100738.328125,299.4994,1.170779109001e+00,346.9947,3.7751,3.7751,0.0000
14.532,100738.195312,299.4993,1.170777916908e+00,346.9947,3.7754,3.7754,0.0000
14.552,100737.906250,299.4991,1.170775055885e+00,346.9946,3.7757,3.7757,0.0000
14.572,100737.679688,299.4990,1.170772790909e+00,346.9944,3.7760,3.7760,0.0000
14.592,100737.484375,299.4989,1.170770883560e+00,346.9944,3.7763,3.7763,0.0000
14.612,100737.195312,299.4987,1.170768141747e+00,346.9943,3.7766,3.7766,0.0000
14.632,100736.937500,299.4986,1.170765876770e+00,346.9943,3.7769,3.7769,0.0000
14.653,100736.757812,299.4985,1.170763969421e+00,346.9942,3.7773,3.7773,0.0000
14.673,100736.554688,299.4984,1.170762181282e+00,346.9941,3.7776,3.7776,0.0000
14.693,100736.281250,299.4983,1.170759439468e+00,346.9940,3.7779,3.7779,0.0000
14.714,100736.101562,299.4981,1.170757889748e+00,346.9940,3.7782,3.7782,0.0000
14.734,100735.828125,299.4980,1.170755267143e+00,346.9939,3.7785,3.7785,0.0000
14.754,100735.609375,299.4979,1.170753121376e+00,346.9939,3.7788,3.7788,0.0000
14.775,100735.414062,299.4978,1.170751333237e+00,346.9938,3.7791,3.7791,0.0000
14.795,100735.171875,299.4977,1.170748710632e+00,346.9937,3.7794,3.7794,0.0000
14.816,100734.882812,299.4976,1.170745968819e+00,346.9936,3.7798,3.7798,0.0000
14.836,100734.695312,299.4974,1.170744180679e+00,346.9936,3.7801,3.7801,0.0000
14.857,100734.445312,299.4973,1.170741915703e+00,346.9935,3.7804,3.7804,0.0000
14.877,100734.210938,299.4972,1.170739531517e+00,346.9935,3.7807,3.7807,0.0000
14.898,100733.976562,299.4971,1.170737385750e+00,346.9933,3.7810,3.7810,0.0000
14.918,100733.640625,299.4969,1.170734047890e+00,346.9933,3.7813,3.7813,0.0000
14.939,100733.500000,299.4968,1.170732736588e+00,346.9932,3.7817,3.7817,0.0000
14.960,100733.242188,299.4967,1.170730471611e+00,346.9931,3.7820,3.7820,0.0000
14.980,100732.953125,299.4966,1.170727610588e+00,346.9930,3.7823,3.7823,0.0000
15.001,100732.765625,299.4965,1.170725822449e+00,346.9930,3.7826,3.7826,0.0000
15.022,100732.539062,299.4963,1.170723676682e+00,346.9929,3.7829,3.7829,0.0000
15.042,100732.296875,299.4962,1.170721292496e+00,346.9929,3.7833,3.7833,0.0000
15.063,100732.039062,299.4961,1.170718908310e+00,346.9928,3.7836,3.7836,0.0000
15.084,100731.812500,299.4960,1.170716643333e+00,346.9927,3.7839,3.7839,0.0000
15.105,100731.570312,299.4958,1.170714259148e+00,346.9926,3.7842,3.7842,0.0000
15.126,100731.375000,299.4957,1.170712351799e+00,346.9926,3.7845,3.7845,0.0000
15.147,100731.101562,299.4956,1.170709609985e+00,346.9925,3.7849,3.7849,0.0000
15.168,100730.835938,299.4955,1.170707225800e+00,346.9924,3.7852,3.7852,0.0000
15.189,100730.554688,299.4953,1.170704603195e+00,346.9923,3.7855,3.7855,0.0000
15.210,100730.414062,299.4952,1.170703172684e+00,346.9923,3.7858,3.7858,0.0000
15.231,100730.140625,299.4951,1.170700669289e+00,346.9922,3.7861,3.7861,0.0000
15.252,100729.929688,299.4950,1.170698642731e+00,346.9921,3.7865,3.7865,0.0000
15.273,100729.640625,299.4948,1.170695900917e+00,346.9921,3.7868,3.7868,0.0000
15.294,100729.414062,299.4947,1.170693516731e+00,346.9920,3.7871,3.7871,0.0000
15.315,100729.156250,299.4946,1.170691251755e+00,346.9919,3.7874,3.7874,0.0000
15.336,100728.984375,299.4944,1.170689702034e+00,346.9919,3.7878,3.7878,0.0000
15.357,100728.687500,299.4943,1.170686721802e+00,346.9918,3.7881,3.7881,0.0000
15.379,100728.445312,299.4942,1.170684456825e+00,346.9917,3.7884,3.7884,0.0000
15.400,100728.148438,299.4941,1.170681595802e+00,346.9916,3.7887,3.7887,0.0000
15.421,100727.968750,299.4940,1.170679807663e+00,346.9916,3.7891,3.7891,0.0000
15.443,100727.726562,299.4938,1.170677304268e+00,346.9915,3.7894,3.7894,0.0000
15.464,100727.437500,299.4937,1.170674562454e+00,346.9914,3.7897,3.7897,0.0000
15.485,100727.242188,299.4936,1.170672774315e+00,346.9913,3.7900,3.7900,0.0000
15.507,100726.960938,299.4934,1.170670270920e+00,346.9912,3.7904,3.7904,0.0000
15.528,100726.718750,299.4933,1.170667648315e+00,346.9912,3.7907,3.7907,0.0000
15.550,100726.484375,299.4932,1.170665502548e+00,346.9911,3.7910,3.7910,0.0000
15.571,100726.242188,299.4930,1.170663118362e+00,346.9911,3.7914,3.7914,0.0000
15.593,100725.992188,299.4929,1.170660972595e+00,346.9909,3.7917,3.7917,0.0000
15.614,100725.796875,299.4928,1.170658946037e+00,346.9909,3.7920,3.7920,0.0000
15.636,100725.468750,299.4927,1.170655727386e+00,346.9908,3.7923,3.7923,0.0000
15.657,100725.281250,299.4926,1.170654058456e+00,346.9908,3.7927,3.7927,0.0000
15.679,100725.046875,299.4924,1.170651912689e+00,346.9907,3.7930,3.7930,0.0000
15.701,100724.734375,299.4922,1.170648932457e+00,346.9906,3.7933,3.7933,0.0000
15.722,100724.507812,299.4922,1.170646548271e+00,346.9905,3.7937,3.7937,0.0000
15.744,100724.273438,299.4920,1.170644521713e+00,346.9904,3.7940,3.7940,0.0000
15.766,100724.031250,299.4919,1.170641899109e+00,346.9904,3.7943,3.7943,0.0000
15.788,100723.734375,299.4918,1.170638918877e+00,346.9903,3.7947,3.7947,0.0000
15.810,100723.593750,299.4917,1.170637726784e+00,346.9903,3.7950,3.7950,0.0000
15.831,100723.250000,299.4915,1.170634627342e+00,346.9901,3.7953,3.7953,0.0000
15.853,100723.015625,299.4914,1.170632362366e+00,346.9901,3.7957,3.7957,0.0000
15.875,100722.726562,299.4912,1.170629382133e+00,346.9900,3.7960,3.7960,0.0000
15.897,100722.546875,299.4911,1.170627713203e+00,346.9900,3.7963,3.7963,0.0000
15.919,100722.242188,299.4909,1.170625209808e+00,346.9898,3.7967,3.7967,0.0000
15.941,100721.968750,299.4908,1.170622348785e+00,346.9897,3.7970,3.7970,0.0000
15.963,100721.773438,299.4907,1.170620441437e+00,346.9897,3.7973,3.7973,0.0000
15.985,100721.546875,299.4906,1.170618176460e+00,346.9896,3.7977,3.7977,0.0000
16.007,100721.257812,299.4905,1.170615315437e+00,346.9896,3.7980,3.7980,0.0000
16.030,100720.953125,299.4903,1.170612692833e+00,346.9894,3.7984,3.7984,0.0000
16.052,100720.718750,299.4902,1.170610189438e+00,346.9894,3.7987,3.7987,0.0000
16.074,100720.421875,299.4901,1.170607328415e+00,346.9893,3.7990,3.7990,0.0000
16.096,100720.234375,299.4899,1.170605540276e+00,346.9892,3.7994,3.7994,0.0000
16.118,100719.945312,299.4898,1.170602560043e+00,346.9891,3.7997,3.7997,0.0000
16.141,100719.703125,299.4897,1.170600414276e+00,346.9891,3.8000,3.8000,0.0000
16.163,100719.468750,299.4895,1.170598149300e+00,346.9890,3.8004,3.8004,0.0000
16.185,100719.179688,299.4894,1.170595407486e+00,346.9890,3.8007,3.8007,0.0000
16.208,100718.937500,299.4893,1.170592904091e+00,346.9889,3.8011,3.8011,0.0000
16.230,100718.656250,299.4891,1.170590400696e+00,346.9888,3.8014,3.8014,0.0000
16.253,100718.406250,299.4890,1.170588135719e+00,346.9887,3.8018,3.8018,0.0000
16.275,100718.218750,299.4889,1.170586347580e+00,346.9886,3.8021,3.8021,0.0000
16.298,100717.929688,299.4887,1.170583486557e+00,346.9886,3.8024,3.8024,0.0000
16.320,100717.640625,299.4886,1.170580625534e+00,346.9885,3.8028,3.8028,0.0000
16.343,100717.453125,299.4885,1.170578956604e+00,346.9884,3.8031,3.8031,0.0000
16.365,100717.117188,299.4883,1.170575857162e+00,346.9883,3.8035,3.8035,0.0000
16.388,100716.859375,299.4882,1.170573353767e+00,346.9882,3.8038,3.8038,0.0000
16.410,100716.578125,299.4880,1.170570492744e+00,346.9882,3.8042,3.8042,0.0000
16.433,100716.335938,299.4879,1.170568346977e+00,346.9881,3.8045,3.8045,0.0000
16.456,100716.093750,299.4878,1.170565843582e+00,346.9880,3.8048,3.8048,0.0000
16.479,100715.812500,299.4876,1.170563340187e+00,346.9879,3.8052,3.8052,0.0000
16.501,100715.570312,299.4875,1.170560956001e+00,346.9878,3.8055,3.8055,0.0000
16.524,100715.328125,299.4874,1.170558691025e+00,346.9878,3.8059,3.8059,0.0000
16.547,100715.046875,299.4872,1.170555830002e+00,346.9877,3.8062,3.8062,0.0000
16.570,100714.796875,299.4871,1.170553684235e+00,346.9876,3.8066,3.8066,0.0000
16.593,100714.515625,299.4870,1.170550704002e+00,346.9875,3.8069,3.8069,0.0000
16.616,100714.281250,299.4868,1.170548677444e+00,346.9874,3.8073,3.8073,0.0000
16.639,100714.039062,299.4867,1.170546293259e+00,346.9874,3.8076,3.8076,0.0000
16.662,100713.703125,299.4866,1.170542836189e+00,346.9873,3.8080,3.8080,0.0000
16.685,100713.492188,299.4864,1.170541048050e+00,346.9872,3.8083,3.8083,0.0000
16.708,100713.171875,299.4862,1.170538067818e+00,346.9872,3.8087,3.8087,0.0000
16.731,100712.992188,299.4861,1.170536279678e+00,346.9870,3.8090,3.8090,0.0000
16.754,100712.695312,299.4860,1.170533299446e+00,346.9870,3.8094,3.8094,0.0000
16.777,100712.359375,299.4858,1.170530080795e+00,346.9869,3.8097,3.8097,0.0000
16.801,100712.218750,299.4858,1.170528650284e+00,346.9869,3.8101,3.8101,0.0000
16.824,100711.976562,299.4856,1.170526504517e+00,346.9867,3.8104,3.8104,0.0000
16.847,100711.632812,299.4854,1.170523285866e+00,346.9866,3.8108,3.8108,0.0000
16.870,100711.351562,299.4853,1.170520424843e+00,346.9866,3.8111,3.8111,0.0000
16.894,100711.062500,299.4852,1.170517802238e+00,346.9865,3.8115,3.8115,0.0000
16.917,100710.804688,299.4850,1.170515298843e+00,346.9864,3.8118,3.8118,0.0000
16.940,100710.570312,299.4849,1.170513033867e+00,346.9864,3.8122,3.8122,0.0000
16.964,100710.296875,299.4847,1.170510411263e+00,346.9862,3.8125,3.8125,0.0000
16.987,100710.054688,299.4846,1.170508027077e+00,346.9862,3.8129,3.8129,0.0000
17.011,100709.757812,299.4845,1.170505166054e+00,346.9861,3.8132,3.8132,0.0000
17.034,100709.468750,299.4843,1.170502662659e+00,346.9860,3.8136,3.8136,0.0000
17.058,100709.148438,299.4842,1.170499205589e+00,346.9860,3.8140,3.8140,0.0000
17.081,100708.945312,299.4841,1.170497298241e+00,346.9859,3.8143,3.8143,0.0000
17.105,100708.656250,299.4839,1.170494556427e+00,346.9857,3.8147,3.8147,0.0000
17.129,100708.367188,299.4837,1.170492053032e+00,346.9857,3.8150,3.8150,0.0000
17.152,100708.117188,299.4836,1.170489430428e+00,346.9856,3.8154,3.8154,0.0000
17.176,100707.851562,299.4835,1.170486927032e+00,346.9855,3.8157,3.8157,0.0000
17.200,100707.609375,299.4834,1.170484423637e+00,346.9855,3.8161,3.8161,0.0000
17.224,100707.312500,299.4832,1.170481801033e+00,346.9854,3.8165,3.8165,0.0000
17.247,100707.023438,299.4831,1.170478940010e+00,346.9853,3.8168,3.8168,0.0000
17.271,100706.742188,299.4829,1.170476198196e+00,346.9852,3.8172,3.8172,0.0000
17.295,100706.500000,299.4828,1.170473933220e+00,346.9851,3.8175,3.8175,0.0000
17.319,100706.265625,299.4827,1.170471787453e+00,346.9850,3.8179,3.8179,0.0000
17.343,100705.921875,299.4825,1.170468330383e+00,346.9849,3.8183,3.8183,0.0000
17.367,100705.585938,299.4823,1.170464992523e+00,346.9849,3.8186,3.8186,0.0000
17.391,100705.343750,299.4822,1.170462727547e+00,346.9848,3.8190,3.8190,0.0000
17.415,100705.156250,299.4821,1.170461058617e+00,346.9848,3.8193,3.8193,0.0000
17.439,100704.812500,299.4819,1.170457601547e+00,346.9846,3.8197,3.8197,0.0000
17.463,100704.531250,299.4818,1.170455098152e+00,346.9846,3.8201,3.8201,0.0000
17.487,100704.250000,299.4816,1.170452475548e+00,346.9844,3.8204,3.8204,0.0000
17.512,100703.953125,299.4815,1.170449376106e+00,346.9843,3.8208,3.8208,0.0000
17.536,100703.757812,299.4814,1.170447707176e+00,346.9843,3.8212,3.8212,0.0000
17.560,100703.460938,299.4812,1.170444726944e+00,346.9842,3.8215,3.8215,0.0000
17.584,100703.187500,299.4810,1.170442342758e+00,346.9841,3.8219,3.8219,0.0000
17.609,100702.851562,299.4809,1.170438766479e+00,346.9840,3.8223,3.8223,0.0000
17.633,100702.664062,299.4808,1.170437216759e+00,346.9840,3.8226,3.8226,0.0000
17.657,100702.320312,299.4806,1.170433878899e+00,346.9839,3.8230,3.8230,0.0000
17.682,100702.031250,299.4805,1.170431137085e+00,346.9838,3.8234,3.8234,0.0000
17.706,100701.734375,299.4803,1.170428276062e+00,346.9837,3.8237,3.8237,0.0000
17.731,100701.523438,299.4802,1.170426130295e+00,346.9837,3.8241,3.8241,0.0000
17.755,100701.257812,299.4800,1.170423746109e+00,346.9836,3.8245,3.8245,0.0000
17.780,100700.929688,299.4799,1.170420289040e+00,346.9834,3.8248,3.8248,0.0000
17.804,100700.695312,299.4798,1.170418143272e+00,346.9834,3.8252,3.8252,0.0000
17.829,100700.351562,299.4796,1.170414924622e+00,346.9832,3.8256,3.8256,0.0000
17.854,100700.070312,299.4794,1.170412182808e+00,346.9832,3.8259,3.8259,0.0000
17.878,100699.781250,299.4793,1.170409440994e+00,346.9831,3.8263,3.8263,0.0000
17.903,100699.492188,299.4792,1.170406818390e+00,346.9830,3.8267,3.8267,0.0000
17.928,100699.250000,299.4790,1.170404434204e+00,346.9829,3.8270,3.8270,0.0000
17.953,100698.914062,299.4789,1.170401096344e+00,346.9829,3.8274,3.8274,0.0000
17.977,100698.625000,299.4787,1.170398473740e+00,346.9828,3.8278,3.8278,0.0000
18.002,100698.429688,299.4785,1.170396804810e+00,346.9827,3.8282,3.8282,0.0000
18.027,100698.085938,299.4784,1.170393347740e+00,346.9826,3.8285,3.8285,0.0000
18.052,100697.812500,299.4783,1.170390486717e+00,346.9825,3.8289,3.8289,0.0000
18.077,100697.468750,299.4781,1.170387268066e+00,346.9825,3.8293,3.8293,0.0000
18.102,100697.281250,299.4780,1.170385718346e+00,346.9824,3.8297,3.8297,0.0000
18.127,100697.000000,299.4778,1.170382738113e+00,346.9823,3.8300,3.8300,0.0000
18.152,100696.710938,299.4777,1.170379996300e+00,346.9822,3.8304,3.8304,0.0000
18.177,100696.421875,299.4775,1.170377373695e+00,346.9821,3.8308,3.8308,0.0000
18.202,100696.070312,299.4774,1.170373916626e+00,346.9820,3.8312,3.8312,0.0000
18.227,100695.781250,299.4772,1.170371055603e+00,346.9819,3.8315,3.8315,0.0000
18.253,100695.500000,299.4771,1.170368432999e+00,346.9818,3.8319,3.8319,0.0000
18.278,100695.257812,299.4769,1.170366287231e+00,346.9817,3.8323,3.8323,0.0000
18.303,100694.914062,299.4767,1.170362949371e+00,346.9816,3.8327,3.8327,0.0000
18.328,100694.593750,299.4766,1.170359730721e+00,346.9816,3.8330,3.8330,0.0000
18.354,100694.398438,299.4764,1.170358181000e+00,346.9814,3.8334,3.8334,0.0000
18.379,100694.062500,299.4763,1.170354366302e+00,346.9814,3.8338,3.8338,0.0000
18.405,100693.781250,299.4761,1.170351862907e+00,346.9813,3.8342,3.8342,0.0000
18.430,100693.531250,299.4760,1.170349597931e+00,346.9812,3.8346,3.8346,0.0000
18.456,100693.195312,299.4759,1.170346140862e+00,346.9811,3.8349,3.8349,0.0000
18.481,100692.914062,299.4757,1.170343518257e+00,346.9811,3.8353,3.8353,0.0000
18.507,100692.617188,299.4756,1.170340895653e+00,346.9810,3.8357,3.8357,0.0000
18.532,100692.312500,299.4754,1.170338034630e+00,346.9809,3.8361,3.8361,0.0000
18.558,100692.046875,299.4753,1.170335412025e+00,346.9808,3.8365,3.8365,0.0000
18.583,100691.710938,299.4751,1.170332074165e+00,346.9807,3.8368,3.8368,0.0000
18.609,100691.515625,299.4749,1.170330405235e+00,346.9806,3.8372,3.8372,0.0000
18.635,100691.179688,299.4748,1.170327067375e+00,346.9805,3.8376,3.8376,0.0000
18.661,100690.851562,299.4746,1.170323848724e+00,346.9804,3.8380,3.8380,0.0000
18.686,100690.515625,299.4745,1.170320749283e+00,346.9803,3.8384,3.8384,0.0000
18.712,100690.273438,299.4743,1.170318126678e+00,346.9803,3.8388,3.8388,0.0000
18.738,100689.929688,299.4742,1.170315027237e+00,346.9802,3.8391,3.8391,0.0000
18.764,100689.640625,299.4740,1.170312166214e+00,346.9801,3.8395,3.8395,0.0000
18.790,100689.304688,299.4739,1.170308947563e+00,346.9800,3.8399,3.8399,0.0000
18.816,100689.023438,299.4737,1.170306324959e+00,346.9799,3.8403,3.8403,0.0000
18.842,100688.812500,299.4736,1.170304536819e+00,346.9798,3.8407,3.8407,0.0000
18.868,100688.453125,299.4734,1.170300841331e+00,346.9797,3.8411,3.8411,0.0000
18.894,100688.171875,299.4732,1.170298099518e+00,346.9796,3.8415,3.8415,0.0000
18.920,100687.804688,299.4731,1.170294642448e+00,346.9795,3.8419,3.8419,0.0000
18.946,100687.531250,299.4729,1.170292019844e+00,346.9794,3.8422,3.8422,0.0000
18.973,100687.242188,299.4728,1.170289158821e+00,346.9794,3.8426,3.8426,0.0000
18.999,100686.945312,299.4726,1.170286417007e+00,346.9793,3.8430,3.8430,0.0000
19.025,100686.718750,299.4725,1.170284390450e+00,346.9792,3.8434,3.8434,0.0000
19.051,100686.375000,299.4723,1.170280933380e+00,346.9791,3.8438,3.8438,0.0000
19.078,100686.140625,299.4722,1.170278668404e+00,346.9790,3.8442,3.8442,0.0000
19.104,100685.757812,299.4720,1.170274734497e+00,346.9789,3.8446,3.8446,0.0000
19.131,100685.476562,299.4718,1.170272350311e+00,346.9788,3.8450,3.8450,0.0000
19.157,100685.125000,299.4717,1.170269012451e+00,346.9787,3.8454,3.8454,0.0000
19.184,100684.835938,299.4715,1.170266151428e+00,346.9786,3.8458,3.8458,0.0000
19.210,100684.546875,299.4713,1.170263528824e+00,346.9785,3.8462,3.8462,0.0000
19.237,100684.265625,299.4712,1.170260787010e+00,346.9785,3.8466,3.8466,0.0000
19.263,100683.929688,299.4710,1.170257449150e+00,346.9783,3.8469,3.8469,0.0000
19.290,100683.593750,299.4709,1.170254230499e+00,346.9783,3.8473,3.8473,0.0000
19.317,100683.351562,299.4707,1.170252084732e+00,346.9782,3.8477,3.8477,0.0000
19.343,100683.039062,299.4706,1.170248985291e+00,346.9781,3.8481,3.8481,0.0000
19.370,100682.718750,299.4704,1.170245885849e+00,346.9780,3.8485,3.8485,0.0000
19.397,100682.406250,299.4702,1.170242905617e+00,346.9779,3.8489,3.8489,0.0000
19.424,100682.101562,299.4701,1.170239925385e+00,346.9778,3.8493,3.8493,0.0000
19.450,100681.781250,299.4699,1.170236706734e+00,346.9777,3.8497,3.8497,0.0000
19.477,100681.492188,299.4698,1.170234084129e+00,346.9776,3.8501,3.8501,0.0000
19.504,100681.132812,299.4696,1.170230627060e+00,346.9776,3.8505,3.8505,0.0000
19.531,100680.851562,299.4694,1.170228242874e+00,346.9774,3.8509,3.8509,0.0000
19.558,100680.523438,299.4693,1.170224785805e+00,346.9774,3.8513,3.8513,0.0000
19.585,100680.281250,299.4691,1.170222520828e+00,346.9773,3.8517,3.8517,0.0000
19.612,100679.992188,299.4690,1.170219898224e+00,346.9771,3.8521,3.8521,0.0000
19.639,100679.656250,299.4688,1.170216560364e+00,346.9771,3.8525,3.8525,0.0000
19.667,100679.375000,299.4687,1.170213699341e+00,346.9770,3.8529,3.8529,0.0000
19.694,100678.976562,299.4685,1.170209884644e+00,346.9769,3.8533,3.8533,0.0000
19.721,100678.687500,299.4683,1.170207262039e+00,346.9768,3.8537,3.8537,0.0000
19.748,100678.367188,299.4682,1.170203924179e+00,346.9767,3.8541,3.8541,0.0000
19.776,100678.070312,299.4680,1.170201182365e+00,346.9766,3.8545,3.8545,0.0000
19.803,100677.742188,299.4678,1.170198202133e+00,346.9765,3.8549,3.8549,0.0000
19.830,100677.453125,299.4677,1.170195460320e+00,346.9764,3.8553,3.8553,0.0000
19.858,100677.109375,299.4675,1.170192122459e+00,346.9763,3.8557,3.8557,0.0000
19.885,100676.812500,299.4673,1.170189261436e+00,346.9762,3.8561,3.8561,0.0000
19.913,100676.539062,299.4672,1.170186877251e+00,346.9762,3.8565,3.8565,0.0000
19.940,100676.195312,299.4670,1.170183300972e+00,346.9761,3.8570,3.8570,0.0000
19.968,100675.914062,299.4669,1.170180678368e+00,346.9759,3.8574,3.8574,0.0000
19.995,100675.593750,299.4667,1.170177578926e+00,346.9759,3.8578,3.8578,0.0000
20.023,100675.234375,299.4665,1.170174121857e+00,346.9757,3.8582,3.8582,0.0000
20.051,100674.953125,299.4664,1.170171499252e+00,346.9756,3.8586,3.8586,0.0000
20.078,100674.656250,299.4662,1.170168757439e+00,346.9756,3.8590,3.8590,0.0000
20.106,100674.289062,299.4660,1.170164942741e+00,346.9754,3.8594,3.8594,0.0000
20.134,100674.039062,299.4659,1.170162677765e+00,346.9754,3.8598,3.8598,0.0000
20.162,100673.648438,299.4657,1.170158863068e+00,346.9753,3.8602,3.8602,0.0000
20.190,100673.320312,299.4655,1.170155525208e+00,346.9752,3.8606,3.8606,0.0000
20.218,100672.992188,299.4654,1.170152544975e+00,346.9751,3.8610,3.8610,0.0000
20.246,100672.750000,299.4652,1.170150399208e+00,346.9750,3.8615,3.8615,0.0000
20.274,100672.304688,299.4650,1.170145988464e+00,346.9749,3.8619,3.8619,0.0000
20.302,100672.023438,299.4648,1.170143365860e+00,346.9748,3.8623,3.8623,0.0000
20.330,100671.742188,299.4647,1.170140624046e+00,346.9747,3.8627,3.8627,0.0000
20.358,100671.398438,299.4645,1.170137166977e+00,346.9746,3.8631,3.8631,0.0000
20.386,100671.070312,299.4644,1.170133948326e+00,346.9745,3.8635,3.8635,0.0000
20.414,100670.750000,299.4642,1.170131087303e+00,346.9744,3.8639,3.8639,0.0000
20.442,100670.437500,299.4641,1.170127987862e+00,346.9744,3.8643,3.8643,0.0000
20.471,100670.093750,299.4639,1.170124769211e+00,346.9742,3.8648,3.8648,0.0000
20.499,100669.781250,299.4637,1.170121908188e+00,346.9741,3.8652,3.8652,0.0000
20.527,100669.484375,299.4636,1.170118689537e+00,346.9741,3.8656,3.8656,0.0000
20.556,100669.085938,299.4633,1.170115232468e+00,346.9739,3.8660,3.8660,0.0000
20.584,100668.796875,299.4632,1.170112490654e+00,346.9738,3.8664,3.8664,0.0000
20.613,100668.523438,299.4630,1.170109748840e+00,346.9737,3.8668,3.8668,0.0000
20.641,100668.148438,299.4629,1.170106053352e+00,346.9736,3.8673,3.8673,0.0000
20.670,100667.851562,299.4627,1.170103192329e+00,346.9735,3.8677,3.8677,0.0000
20.698,100667.515625,299.4625,1.170099854469e+00,346.9734,3.8681,3.8681,0.0000
20.727,100667.226562,299.4624,1.170097112656e+00,346.9734,3.8685,3.8685,0.0000
20.755,100666.804688,299.4621,1.170093297958e+00,346.9732,3.8689,3.8689,0.0000
20.784,100666.500000,299.4620,1.170090317726e+00,346.9731,3.8693,3.8693,0.0000
20.813,100666.171875,299.4618,1.170087099075e+00,346.9730,3.8698,3.8698,0.0000
20.842,100665.828125,299.4616,1.170083880424e+00,346.9730,3.8702,3.8702,0.0000
20.870,100665.601562,299.4615,1.170081853867e+00,346.9729,3.8706,3.8706,0.0000
20.899,100665.156250,299.4613,1.170077443123e+00,346.9727,3.8710,3.8710,0.0000
20.928,100664.820312,299.4611,1.170074224472e+00,346.9727,3.8715,3.8715,0.0000
20.957,100664.539062,299.4610,1.170071482658e+00,346.9725,3.8719,3.8719,0.0000
20.986,100664.250000,299.4608,1.170068740845e+00,346.9724,3.8723,3.8723,0.0000
21.015,100663.867188,299.4606,1.170065283775e+00,346.9724,3.8727,3.8727,0.0000
21.044,100663.570312,299.4604,1.170062422752e+00,346.9722,3.8732,3.8732,0.0000
21.073,100663.250000,299.4603,1.170058965683e+00,346.9721,3.8736,3.8736,0.0000
21.102,100662.890625,299.4601,1.170055747032e+00,346.9720,3.8740,3.8740,0.0000
21.132,100662.523438,299.4599,1.170052051544e+00,346.9719,3.8744,3.8744,0.0000
21.161,100662.289062,299.4597,1.170050024986e+00,346.9719,3.8749,3.8749,0.0000
21.190,100661.906250,299.4596,1.170046210289e+00,346.9718,3.8753,3.8753,0.0000
21.219,100661.507812,299.4594,1.170042514801e+00,346.9716,3.8757,3.8757,0.0000
21.249,100661.226562,299.4592,1.170039892197e+00,346.9715,3.8761,3.8761,0.0000
21.278,100660.843750,299.4590,1.170036077499e+00,346.9714,3.8766,3.8766,0.0000
21.308,100660.507812,299.4588,1.170032978058e+00,346.9713,3.8770,3.8770,0.0000
21.337,100660.210938,299.4587,1.170030236244e+00,346.9712,3.8774,3.8774,0.0000
21.366,100659.835938,299.4585,1.170026302338e+00,346.9711,3.8779,3.8779,0.0000
21.396,100659.500000,299.4583,1.170023083687e+00,346.9710,3.8783,3.8783,0.0000
21.426,100659.156250,299.4582,1.170019984245e+00,346.9709,3.8787,3.8787,0.0000
21.455,100658.867188,299.4580,1.170017242432e+00,346.9708,3.8791,3.8791,0.0000
21.485,100658.507812,299.4578,1.170013427734e+00,346.9707,3.8796,3.8796,0.0000
21.515,100658.218750,299.4576,1.170010924339e+00,346.9706,3.8800,3.8800,0.0000
21.544,100657.812500,299.4575,1.170007109642e+00,346.9706,3.8804,3.8804,0.0000
21.574,100657.476562,299.4573,1.170003890991e+00,346.9704,3.8809,3.8809,0.0000
21.604,100657.203125,299.4571,1.170001268387e+00,346.9703,3.8813,3.8813,0.0000
21.634,100656.820312,299.4569,1.169997572899e+00,346.9702,3.8817,3.8817,0.0000
21.664,100656.421875,299.4567,1.169993638992e+00,346.9701,3.8822,3.8822,0.0000
21.694,100656.140625,299.4566,1.169991016388e+00,346.9700,3.8826,3.8826,0.0000
21.724,100655.765625,299.4564,1.169987201691e+00,346.9699,3.8830,3.8830,0.0000
21.754,100655.414062,299.4562,1.169983983040e+00,346.9698,3.8835,3.8835,0.0000
21.784,100655.085938,299.4560,1.169980883598e+00,346.9697,3.8839,3.8839,0.0000
21.814,100654.750000,299.4558,1.169977664948e+00,346.9696,3.8844,3.8844,0.0000
21.844,100654.414062,299.4557,1.169974327087e+00,346.9695,3.8848,3.8848,0.0000
21.874,100654.031250,299.4555,1.169970870018e+00,346.9694,3.8852,3.8852,0.0000
21.905,100653.687500,299.4553,1.169967412949e+00,346.9693,3.8857,3.8857,0.0000
21.935,100653.398438,299.4551,1.169964790344e+00,346.9692,3.8861,3.8861,0.0000
21.965,100652.960938,299.4549,1.169960618019e+00,346.9691,3.8866,3.8866,0.0000
21.996,100652.671875,299.4548,1.169957518578e+00,346.9690,3.8870,3.8870,0.0000
22.026,100652.242188,299.4546,1.169953584671e+00,346.9689,3.8874,3.8874,0.0000
22.056,100651.906250,299.4544,1.169950246811e+00,346.9688,3.8879,3.8879,0.0000
22.087,100651.632812,299.4542,1.169947743416e+00,346.9687,3.8883,3.8883,0.0000
22.117,100651.187500,299.4540,1.169943332672e+00,346.9686,3.8888,3.8888,0.0000
22.148,100650.914062,299.4538,1.169940948486e+00,346.9684,3.8892,3.8892,0.0000
22.179,100650.523438,299.4537,1.169937014580e+00,346.9684,3.8896,3.8896,0.0000
22.209,100650.187500,299.4535,1.169933915138e+00,346.9683,3.8901,3.8901,0.0000
22.240,100649.804688,299.4533,1.169930219650e+00,346.9681,3.8905,3.8905,0.0000
22.271,100649.515625,299.4531,1.169927477837e+00,346.9680,3.8910,3.8910,0.0000
22.302,100649.125000,299.4529,1.169923663139e+00,346.9679,3.8914,3.8914,0.0000
22.332,100648.796875,299.4527,1.169920563698e+00,346.9678,3.8919,3.8919,0.0000
22.363,100648.406250,299.4526,1.169916629791e+00,346.9677,3.8923,3.8923,0.0000
22.394,100648.132812,299.4524,1.169914126396e+00,346.9676,3.8928,3.8928,0.0000
22.425,100647.687500,299.4522,1.169909834862e+00,346.9675,3.8932,3.8932,0.0000
22.456,100647.398438,299.4520,1.169907331467e+00,346.9674,3.8937,3.8937,0.0000
22.487,100647.023438,299.4518,1.169903635979e+00,346.9673,3.8941,3.8941,0.0000
22.518,100646.679688,299.4517,1.169900178909e+00,346.9672,3.8945,3.8945,0.0000
22.549,100646.335938,299.4515,1.169897079468e+00,346.9671,3.8950,3.8950,0.0000
22.581,100645.960938,299.4513,1.169893503189e+00,346.9669,3.8954,3.8954,0.0000
22.612,100645.523438,299.4511,1.169889092445e+00,346.9669,3.8959,3.8959,0.0000
22.643,100645.242188,299.4509,1.169886231422e+00,346.9668,3.8963,3.8963,0.0000
22.674,100644.914062,299.4507,1.169883370399e+00,346.9666,3.8968,3.8968,0.0000
22.706,100644.531250,299.4505,1.169879555702e+00,346.9665,3.8973,3.8973,0.0000
22.737,100644.187500,299.4503,1.169876456261e+00,346.9664,3.8977,3.8977,0.0000
22.769,100643.804688,299.4501,1.169872760773e+00,346.9663,3.8982,3.8982,0.0000
22.800,100643.421875,299.4500,1.169868946075e+00,346.9662,3.8986,3.8986,0.0000
22.832,100643.039062,299.4498,1.169865250587e+00,346.9661,3.8991,3.8991,0.0000
22.863,100642.742188,299.4496,1.169862508774e+00,346.9660,3.8995,3.8995,0.0000
22.895,100642.320312,299.4494,1.169858455658e+00,346.9659,3.9000,3.9000,0.0000
22.926,100642.031250,299.4492,1.169855833054e+00,346.9658,3.9004,3.9004,0.0000
22.958,100641.640625,299.4490,1.169852018356e+00,346.9657,3.9009,3.9009,0.0000
22.990,100641.304688,299.4489,1.169848680496e+00,346.9656,3.9013,3.9013,0.0000
23.022,100640.914062,299.4486,1.169844985008e+00,346.9654,3.9018,3.9018,0.0000
23.053,100640.585938,299.4485,1.169841766357e+00,346.9654,3.9023,3.9023,0.0000
23.085,100640.164062,299.4483,1.169837713242e+00,346.9652,3.9027,3.9027,0.0000
23.117,100639.812500,299.4481,1.169834375381e+00,346.9651,3.9032,3.9032,0.0000
23.149,100639.492188,299.4479,1.169831275940e+00,346.9650,3.9036,3.9036,0.0000
23.181,100639.156250,299.4477,1.169828176498e+00,346.9649,3.9041,3.9041,0.0000
23.213,100638.718750,299.4475,1.169823765755e+00,346.9648,3.9045,3.9045,0.0000
23.245,100638.296875,299.4473,1.169819831848e+00,346.9647,3.9050,3.9050,0.0000
23.278,100637.992188,299.4471,1.169817090034e+00,346.9646,3.9055,3.9055,0.0000
23.310,100637.609375,299.4470,1.169813036919e+00,346.9645,3.9059,3.9059,0.0000
23.342,100637.226562,299.4467,1.169809341431e+00,346.9644,3.9064,3.9064,0.0000
23.374,100636.843750,299.4466,1.169805884361e+00,346.9642,3.9069,3.9069,0.0000
23.407,100636.453125,299.4464,1.169802188873e+00,346.9641,3.9073,3.9073,0.0000
23.439,100636.125000,299.4462,1.169798970222e+00,346.9640,3.9078,3.9078,0.0000
23.471,100635.789062,299.4460,1.169795870781e+00,346.9639,3.9082,3.9082,0.0000
23.504,100635.335938,299.4458,1.169791579247e+00,346.9638,3.9087,3.9087,0.0000
23.536,100635.015625,299.4456,1.169788599014e+00,346.9637,3.9092,3.9092,0.0000
23.569,100634.648438,299.4454,1.169784665108e+00,346.9636,3.9096,3.9096,0.0000
23.601,100634.289062,299.4452,1.169781684875e+00,346.9635,3.9101,3.9101,0.0000
23.634,100633.875000,299.4450,1.169777274132e+00,346.9633,3.9106,3.9106,0.0000
23.667,100633.539062,299.4448,1.169774055481e+00,346.9633,3.9110,3.9110,0.0000
23.699,100633.101562,299.4446,1.169770121574e+00,346.9631,3.9115,3.9115,0.0000
23.732,100632.710938,299.4444,1.169766187668e+00,346.9630,3.9120,3.9120,0.0000
23.765,100632.390625,299.4442,1.169763326645e+00,346.9629,3.9124,3.9124,0.0000
23.798,100632.039062,299.4441,1.169759869576e+00,346.9628,3.9129,3.9129,0.0000
23.831,100631.710938,299.4438,1.169756770134e+00,346.9627,3.9134,3.9134,0.0000
23.864,100631.281250,299.4437,1.169752478600e+00,346.9626,3.9139,3.9139,0.0000
23.897,100630.898438,299.4434,1.169748783112e+00,346.9625,3.9143,3.9143,0.0000
23.930,100630.500000,299.4432,1.169745206833e+00,346.9623,3.9148,3.9148,0.0000
23.963,100630.093750,299.4431,1.169740915298e+00,346.9622,3.9153,3.9153,0.0000
23.996,100629.750000,299.4429,1.169737577438e+00,346.9621,3.9157,3.9157,0.0000
24.029,100629.367188,299.4427,1.169734120369e+00,346.9620,3.9162,3.9162,0.0000
24.062,100628.968750,299.4425,1.169730305672e+00,346.9619,3.9167,3.9167,0.0000
24.096,100628.593750,299.4422,1.169726729393e+00,346.9618,3.9172,3.9172,0.0000
24.129,100628.304688,299.4421,1.169724225998e+00,346.9617,3.9176,3.9176,0.0000
24.162,100627.867188,299.4419,1.169719815254e+00,346.9615,3.9181,3.9181,0.0000
24.196,100627.398438,299.4417,1.169715166092e+00,346.9615,3.9186,3.9186,0.0000
24.229,100627.046875,299.4414,1.169712066650e+00,346.9613,3.9191,3.9191,0.0000
24.263,100626.664062,299.4413,1.169708013535e+00,346.9612,3.9195,3.9195,0.0000
24.296,100626.343750,299.4411,1.169705152512e+00,346.9611,3.9200,3.9200,0.0000
24.330,100625.914062,299.4409,1.169700860977e+00,346.9610,3.9205,3.9205,0.0000
24.363,100625.515625,299.4406,1.169697165489e+00,346.9608,3.9210,3.9210,0.0000
24.397,100625.132812,299.4405,1.169693589211e+00,346.9608,3.9215,3.9215,0.0000
24.431,100624.804688,299.4402,1.169690489769e+00,346.9606,3.9219,3.9219,0.0000
24.465,100624.359375,299.4401,1.169686198235e+00,346.9605,3.9224,3.9224,0.0000
24.498,100623.984375,299.4399,1.169682264328e+00,346.9604,3.9229,3.9229,0.0000
24.532,100623.554688,299.4396,1.169678449631e+00,346.9603,3.9234,3.9234,0.0000
24.566,100623.156250,299.4394,1.169674754143e+00,346.9601,3.9239,3.9239,0.0000
24.600,100622.835938,299.4392,1.169671416283e+00,346.9600,3.9243,3.9243,0.0000
24.634,100622.406250,299.4390,1.169667243958e+00,346.9599,3.9248,3.9248,0.0000
24.668,100622.062500,299.4388,1.169664144516e+00,346.9598,3.9253,3.9253,0.0000
24.702,100621.640625,299.4386,1.169659972191e+00,346.9597,3.9258,3.9258,0.0000
24.737,100621.203125,299.4384,1.169655799866e+00,346.9596,3.9263,3.9263,0.0000
24.771,100620.812500,299.4382,1.169652223587e+00,346.9594,3.9268,3.9268,0.0000
24.805,100620.476562,299.4380,1.169648885727e+00,346.9593,3.9272,3.9272,0.0000
24.839,100620.156250,299.4378,1.169645905495e+00,346.9593,3.9277,3.9277,0.0000
24.874,100619.726562,299.4377,1.169641494751e+00,346.9592,3.9282,3.9282,0.0000
24.908,100619.320312,299.4374,1.169638037682e+00,346.9590,3.9287,3.9287,0.0000
24.942,100618.906250,299.4372,1.169633746147e+00,346.9589,3.9292,3.9292,0.0000
24.977,100618.460938,299.4370,1.169629693031e+00,346.9587,3.9297,3.9297,0.0000
25.012,100618.085938,299.4368,1.169625997543e+00,346.9586,3.9302,3.9302,0.0000
25.046,100617.703125,299.4366,1.169622302055e+00,346.9585,3.9307,3.9307,0.0000
25.081,100617.320312,299.4364,1.169618725777e+00,346.9583,3.9311,3.9311,0.0000
25.115,100616.929688,299.4362,1.169614911079e+00,346.9583,3.9316,3.9316,0.0000
25.150,100616.453125,299.4359,1.169610261917e+00,346.9582,3.9321,3.9321,0.0000
25.185,100616.132812,299.4357,1.169607400894e+00,346.9580,3.9326,3.9326,0.0000
25.220,100615.687500,299.4355,1.169603109360e+00,346.9579,3.9331,3.9331,0.0000
25.255,100615.351562,299.4354,1.169599652290e+00,346.9578,3.9336,3.9336,0.0000
25.290,100614.921875,299.4351,1.169595479965e+00,346.9576,3.9341,3.9341,0.0000
25.324,100614.539062,299.4349,1.169592261314e+00,346.9575,3.9346,3.9346,0.0000
25.359,100614.109375,299.4347,1.169587731361e+00,346.9574,3.9351,3.9351,0.0000
25.395,100613.718750,299.4345,1.169583916664e+00,346.9573,3.9356,3.9356,0.0000
25.430,100613.320312,299.4343,1.169580340385e+00,346.9572,3.9361,3.9361,0.0000
25.465,100612.953125,299.4341,1.169576764107e+00,346.9570,3.9366,3.9366,0.0000
25.500,100612.523438,299.4339,1.169572710991e+00,346.9570,3.9371,3.9371,0.0000
25.535,100612.140625,299.4337,1.169569015503e+00,346.9568,3.9376,3.9376,0.0000
25.571,100611.703125,299.4335,1.169564723969e+00,346.9567,3.9381,3.9381,0.0000
25.606,100611.367188,299.4333,1.169561505318e+00,346.9566,3.9385,3.9385,0.0000
25.641,100610.835938,299.4330,1.169556379318e+00,346.9565,3.9390,3.9390,0.0000
25.677,100610.492188,299.4328,1.169553160667e+00,346.9564,3.9395,3.9395,0.0000
25.712,100610.078125,299.4326,1.169548988342e+00,346.9562,3.9400,3.9400,0.0000
25.748,100609.632812,299.4324,1.169544935226e+00,346.9561,3.9405,3.9405,0.0000
25.783,100609.296875,299.4322,1.169541835785e+00,346.9560,3.9410,3.9410,0.0000
25.819,100608.867188,299.4320,1.169537663460e+00,346.9559,3.9415,3.9415,0.0000
25.855,100608.484375,299.4318,1.169534087181e+00,346.9557,3.9420,3.9420,0.0000
25.891,100608.062500,299.4315,1.169529795647e+00,346.9556,3.9425,3.9425,0.0000
25.926,100607.625000,299.4314,1.169525504112e+00,346.9555,3.9431,3.9431,0.0000
25.962,100607.250000,299.4312,1.169522047043e+00,346.9554,3.9436,3.9436,0.0000
25.998,100606.812500,299.4309,1.169517755508e+00,346.9553,3.9441,3.9441,0.0000
26.034,100606.421875,299.4307,1.169513940811e+00,346.9551,3.9446,3.9446,0.0000
26.070,100606.046875,299.4305,1.169510483742e+00,346.9550,3.9451,3.9451,0.0000
26.106,100605.570312,299.4303,1.169505953789e+00,346.9549,3.9456,3.9456,0.0000
26.142,100605.179688,299.4301,1.169502139091e+00,346.9547,3.9461,3.9461,0.0000
26.178,100604.734375,299.4299,1.169497847557e+00,346.9546,3.9466,3.9466,0.0000
26.215,100604.367188,299.4296,1.169494509697e+00,346.9545,3.9471,3.9471,0.0000
26.251,100603.937500,299.4294,1.169490337372e+00,346.9543,3.9476,3.9476,0.0000
26.287,100603.492188,299.4292,1.169486045837e+00,346.9542,3.9481,3.9481,0.0000
26.323,100603.070312,299.4290,1.169481873512e+00,346.9541,3.9486,3.9486,0.0000
26.360,100602.640625,299.4287,1.169477701187e+00,346.9540,3.9491,3.9491,0.0000
26.396,100602.312500,299.4285,1.169474959373e+00,346.9539,3.9496,3.9496,0.0000
26.433,100601.859375,299.4284,1.169470191002e+00,346.9538,3.9501,3.9501,0.0000
26.469,100601.382812,299.4281,1.169465780258e+00,346.9536,3.9507,3.9507,0.0000
26.506,100601.046875,299.4279,1.169462561607e+00,346.9535,3.9512,3.9512,0.0000
26.543,100600.625000,299.4277,1.169458508492e+00,346.9534,3.9517,3.9517,0.0000
26.579,100600.085938,299.4275,1.169453024864e+00,346.9532,3.9522,3.9522,0.0000
26.616,100599.804688,299.4273,1.169450640678e+00,346.9531,3.9527,3.9527,0.0000
26.653,100599.320312,299.4270,1.169446110725e+00,346.9529,3.9532,3.9532,0.0000
26.690,100598.906250,299.4268,1.169441819191e+00,346.9529,3.9537,3.9537,0.0000
26.727,100598.453125,299.4266,1.169437766075e+00,346.9527,3.9542,3.9542,0.0000
26.763,100598.023438,299.4263,1.169433593750e+00,346.9526,3.9548,3.9548,0.0000
26.800,100597.648438,299.4261,1.169430017471e+00,346.9525,3.9553,3.9553,0.0000
26.838,100597.210938,299.4259,1.169425725937e+00,346.9524,3.9558,3.9558,0.0000
26.875,100596.812500,299.4257,1.169422149658e+00,346.9522,3.9563,3.9563,0.0000
26.912,100596.359375,299.4255,1.169417381287e+00,346.9521,3.9568,3.9568,0.0000
26.949,100595.914062,299.4252,1.169413208961e+00,346.9519,3.9574,3.9574,0.0000
26.986,100595.539062,299.4250,1.169409871101e+00,346.9518,3.9579,3.9579,0.0000
27.024,100595.109375,299.4248,1.169405341148e+00,346.9518,3.9584,3.9584,0.0000
27.061,100594.632812,299.4246,1.169400811195e+00,346.9516,3.9589,3.9589,0.0000
27.098,100594.250000,299.4243,1.169397354126e+00,346.9515,3.9594,3.9594,0.0000
27.136,100593.820312,299.4242,1.169393062592e+00,346.9513,3.9599,3.9599,0.0000
27.173,100593.335938,299.4239,1.169388532639e+00,346.9512,3.9605,3.9605,0.0000
27.211,100592.953125,299.4237,1.169384837151e+00,346.9510,3.9610,3.9610,0.0000
27.249,100592.515625,299.4235,1.169380664825e+00,346.9509,3.9615,3.9615,0.0000
27.286,100592.085938,299.4232,1.169376373291e+00,346.9508,3.9620,3.9620,0.0000
27.324,100591.664062,299.4230,1.169372439384e+00,346.9507,3.9626,3.9626,0.0000
27.362,100591.218750,299.4228,1.169368386269e+00,346.9505,3.9631,3.9631,0.0000
27.400,100590.796875,299.4225,1.169364333153e+00,346.9504,3.9636,3.9636,0.0000
27.437,100590.359375,299.4223,1.169360160828e+00,346.9503,3.9641,3.9641,0.0000
27.475,100589.859375,299.4221,1.169355273247e+00,346.9502,3.9647,3.9647,0.0000
27.513,100589.492188,299.4219,1.169351816177e+00,346.9501,3.9652,3.9652,0.0000
27.551,100589.054688,299.4217,1.169347286224e+00,346.9499,3.9657,3.9657,0.0000
27.590,100588.562500,299.4214,1.169342875481e+00,346.9498,3.9662,3.9662,0.0000
27.628,100588.203125,299.4212,1.169339299202e+00,346.9496,3.9668,3.9668,0.0000
27.666,100587.710938,299.4210,1.169334530830e+00,346.9495,3.9673,3.9673,0.0000
27.704,100587.335938,299.4208,1.169331073761e+00,346.9494,3.9678,3.9678,0.0000
27.742,100586.851562,299.4205,1.169326424599e+00,346.9492,3.9684,3.9684,0.0000
27.781,100586.375000,299.4203,1.169321656227e+00,346.9491,3.9689,3.9689,0.0000
27.819,100585.984375,299.4201,1.169318079948e+00,346.9490,3.9694,3.9694,0.0000
27.858,100585.546875,299.4199,1.169313907623e+00,346.9489,3.9700,3.9700,0.0000
27.896,100585.070312,299.4196,1.169309139252e+00,346.9487,3.9705,3.9705,0.0000
27.935,100584.695312,299.4194,1.169305682182e+00,346.9486,3.9710,3.9710,0.0000
27.973,100584.218750,299.4191,1.169301152229e+00,346.9484,3.9716,3.9716,0.0000
28.012,100583.773438,299.4189,1.169296979904e+00,346.9484,3.9721,3.9721,0.0000
28.051,100583.343750,299.4187,1.169292807579e+00,346.9482,3.9726,3.9726,0.0000
28.090,100582.882812,299.4184,1.169288396835e+00,346.9481,3.9732,3.9732,0.0000
28.128,100582.445312,299.4182,1.169284224510e+00,346.9479,3.9737,3.9737,0.0000
28.167,100581.968750,299.4180,1.169279456139e+00,346.9478,3.9742,3.9742,0.0000
28.206,100581.578125,299.4178,1.169275641441e+00,346.9477,3.9748,3.9748,0.0000
28.245,100581.046875,299.4175,1.169270515442e+00,346.9475,3.9753,3.9753,0.0000
28.284,100580.625000,299.4173,1.169266700745e+00,346.9474,3.9758,3.9758,0.0000
28.323,100580.187500,299.4171,1.169262409210e+00,346.9473,3.9764,3.9764,0.0000
28.363,100579.804688,299.4168,1.169258832932e+00,346.9471,3.9769,3.9769,0.0000
28.402,100579.328125,299.4166,1.169254064560e+00,346.9470,3.9775,3.9775,0.0000
28.441,100578.843750,299.4164,1.169249534607e+00,346.9469,3.9780,3.9780,0.0000
28.480,100578.367188,299.4162,1.169244766235e+00,346.9468,3.9785,3.9785,0.0000
28.520,100577.984375,299.4159,1.169241428375e+00,346.9466,3.9791,3.9791,0.0000
28.559,100577.507812,299.4156,1.169236898422e+00,346.9464,3.9796,3.9796,0.0000
28.599,100576.968750,299.4154,1.169231295586e+00,346.9464,3.9802,3.9802,0.0000
28.638,100576.601562,299.4152,1.169227957726e+00,346.9462,3.9807,3.9807,0.0000
28.678,100576.117188,299.4149,1.169223308563e+00,346.9460,3.9813,3.9813,0.0000
28.717,100575.632812,299.4147,1.169218778610e+00,346.9459,3.9818,3.9818,0.0000
28.757,100575.250000,299.4145,1.169215202332e+00,346.9458,3.9824,3.9824,0.0000
28.797,100574.765625,299.4142,1.169210553169e+00,346.9456,3.9829,3.9829,0.0000
28.837,100574.375000,299.4141,1.169206619263e+00,346.9455,3.9834,3.9834,0.0000
28.877,100573.906250,299.4138,1.169202089310e+00,346.9454,3.9840,3.9840,0.0000
28.917,100573.421875,299.4135,1.169197440147e+00,346.9452,3.9845,3.9845,0.0000
28.957,100572.953125,299.4133,1.169192910194e+00,346.9451,3.9851,3.9851,0.0000
28.997,100572.570312,299.4131,1.169189453125e+00,346.9449,3.9856,3.9856,0.0000
29.037,100572.039062,299.4128,1.169184207916e+00,346.9448,3.9862,3.9862,0.0000
29.077,100571.562500,299.4126,1.169179677963e+00,346.9447,3.9867,3.9867,0.0000
29.117,100571.117188,299.4124,1.169175505638e+00,346.9445,3.9873,3.9873,0.0000
29.157,100570.695312,299.4121,1.169171452522e+00,346.9444,3.9878,3.9878,0.0000
29.198,100570.156250,299.4119,1.169166088104e+00,346.9443,3.9884,3.9884,0.0000
29.238,100569.726562,299.4116,1.169162034988e+00,346.9442,3.9889,3.9889,0.0000
29.278,100569.257812,299.4114,1.169157385826e+00,346.9440,3.9895,3.9895,0.0000
29.319,100568.773438,299.4111,1.169152975082e+00,346.9438,3.9900,3.9900,0.0000
29.359,100568.382812,299.4109,1.169149279594e+00,346.9437,3.9906,3.9906,0.0000
29.400,100567.914062,299.4107,1.169144749641e+00,346.9436,3.9912,3.9912,0.0000
29.441,100567.382812,299.4104,1.169139623642e+00,346.9434,3.9917,3.9917,0.0000
29.481,100567.007812,299.4102,1.169136166573e+00,346.9433,3.9923,3.9923,0.0000
29.522,100566.468750,299.4099,1.169130563736e+00,346.9431,3.9928,3.9928,0.0000
29.563,100565.984375,299.4097,1.169126152992e+00,346.9430,3.9934,3.9934,0.0000
29.604,100565.562500,299.4094,1.169122099876e+00,346.9428,3.9939,3.9939,0.0000
29.645,100565.015625,299.4092,1.169116973877e+00,346.9427,3.9945,3.9945,0.0000
29.686,100564.601562,299.4090,1.169112682343e+00,346.9426,3.9951,3.9951,0.0000
29.727,100564.171875,299.4087,1.169108986855e+00,346.9424,3.9956,3.9956,0.0000
29.768,100563.687500,299.4085,1.169104218483e+00,346.9423,3.9962,3.9962,0.0000
29.809,100563.156250,299.4082,1.169098973274e+00,346.9422,3.9967,3.9967,0.0000
29.850,100562.726562,299.4080,1.169094920158e+00,346.9420,3.9973,3.9973,0.0000
29.891,100562.250000,299.4077,1.169090390205e+00,346.9419,3.9979,3.9979,0.0000
29.933,100561.820312,299.4075,1.169086456299e+00,346.9417,3.9984,3.9984,0.0000
29.974,100561.289062,299.4072,1.169081211090e+00,346.9416,3.9990,3.9990,0.0000
30.016,100560.867188,299.4070,1.169077038765e+00,346.9415,3.9995,3.9995,0.0000
30.057,100560.320312,299.4067,1.169071793556e+00,346.9413,4.0001,4.0001,0.0000
30.099,100559.859375,299.4065,1.169067502022e+00,346.9411,4.0007,4.0007,0.0000
30.140,100559.421875,299.4062,1.169063329697e+00,346.9410,4.0012,4.0012,0.0000
30.182,100558.945312,299.4060,1.169058680534e+00,346.9409,4.0018,4.0018,0.0000
30.224,100558.414062,299.4058,1.169053435326e+00,346.9407,4.0024,4.0024,0.0000
30.266,100557.937500,299.4055,1.169048905373e+00,346.9406,4.0029,4.0029,0.0000
30.307,100557.500000,299.4053,1.169044733047e+00,346.9405,4.0035,4.0035,0.0000
30.349,100557.046875,299.4050,1.169040441513e+00,346.9403,4.0041,4.0041,0.0000
30.391,100556.539062,299.4048,1.169035434723e+00,346.9402,4.0046,4.0046,0.0000
30.433,100556.062500,299.4045,1.169031143188e+00,346.9400,4.0052,4.0052,0.0000
30.475,100555.593750,299.4043,1.169026255608e+00,346.9399,4.0058,4.0058,0.0000
30.517,100555.109375,299.4040,1.169021725655e+00,346.9397,4.0064,4.0064,0.0000
30.560,100554.640625,299.4037,1.169017314911e+00,346.9396,4.0069,4.0069,0.0000
30.602,100554.156250,299.4035,1.169012784958e+00,346.9394,4.0075,4.0075,0.0000
30.644,100553.625000,299.4033,1.169007539749e+00,346.9393,4.0081,4.0081,0.0000
30.687,100553.140625,299.4030,1.169002890587e+00,346.9391,4.0086,4.0086,0.0000
30.729,100552.703125,299.4028,1.168998837471e+00,346.9390,4.0092,4.0092,0.0000
30.772,100552.179688,299.4025,1.168993949890e+00,346.9388,4.0098,4.0098,0.0000
30.814,100551.710938,299.4023,1.168988943100e+00,346.9387,4.0104,4.0104,0.0000
30.857,100551.273438,299.4020,1.168984889984e+00,346.9386,4.0109,4.0109,0.0000
30.899,100550.703125,299.4017,1.168979406357e+00,346.9384,4.0115,4.0115,0.0000
30.942,100550.218750,299.4015,1.168974995613e+00,346.9383,4.0121,4.0121,0.0000
30.985,100549.734375,299.4012,1.168970108032e+00,346.9382,4.0127,4.0127,0.0000
31.028,100549.257812,299.4010,1.168965578079e+00,346.9379,4.0133,4.0133,0.0000
31.071,100548.726562,299.4007,1.168960571289e+00,346.9378,4.0138,4.0138,0.0000
31.114,100548.265625,299.4005,1.168956160545e+00,346.9377,4.0144,4.0144,0.0000
31.157,100547.765625,299.4002,1.168951392174e+00,346.9375,4.0150,4.0150,0.0000
31.200,100547.289062,299.3999,1.168946862221e+00,346.9374,4.0156,4.0156,0.0000
31.243,100546.773438,299.3997,1.168941736221e+00,346.9373,4.0162,4.0162,0.0000
31.286,100546.281250,299.3994,1.168937087059e+00,346.9371,4.0167,4.0167,0.0000
31.329,100545.859375,299.3992,1.168932914734e+00,346.9370,4.0173,4.0173,0.0000
31.373,100545.375000,299.3989,1.168928503990e+00,346.9368,4.0179,4.0179,0.0000
31.416,100544.843750,299.3987,1.168923258781e+00,346.9367,4.0185,4.0185,0.0000
31.459,100544.320312,299.3984,1.168918371201e+00,346.9365,4.0191,4.0191,0.0000
31.503,100543.890625,299.3981,1.168914437294e+00,346.9363,4.0197,4.0197,0.0000
31.546,100543.273438,299.3979,1.168907999992e+00,346.9362,4.0202,4.0202,0.0000
31.590,100542.796875,299.3976,1.168903589249e+00,346.9360,4.0208,4.0208,0.0000
31.634,100542.257812,299.3973,1.168898463249e+00,346.9359,4.0214,4.0214,0.0000
31.677,100541.835938,299.3971,1.168894290924e+00,346.9358,4.0220,4.0220,0.0000
31.721,100541.312500,299.3968,1.168889522552e+00,346.9356,4.0226,4.0226,0.0000
31.765,100540.820312,299.3965,1.168884873390e+00,346.9355,4.0232,4.0232,0.0000
31.809,100540.250000,299.3963,1.168879151344e+00,346.9353,4.0238,4.0238,0.0000
31.853,100539.812500,299.3961,1.168874979019e+00,346.9351,4.0244,4.0244,0.0000
31.897,100539.351562,299.3958,1.168870687485e+00,346.9350,4.0249,4.0249,0.0000
31.941,100538.796875,299.3955,1.168865323067e+00,346.9348,4.0255,4.0255,0.0000
31.985,100538.328125,299.3952,1.168861031532e+00,346.9347,4.0261,4.0261,0.0000
32.030,100537.796875,299.3950,1.168855667114e+00,346.9345,4.0267,4.0267,0.0000
32.074,100537.273438,299.3947,1.168850779533e+00,346.9344,4.0273,4.0273,0.0000
32.118,100536.757812,299.3945,1.168845772743e+00,346.9342,4.0279,4.0279,0.0000
32.163,100536.320312,299.3942,1.168841600418e+00,346.9341,4.0285,4.0285,0.0000
32.207,100535.789062,299.3939,1.168836474419e+00,346.9339,4.0291,4.0291,0.0000
32.252,100535.250000,299.3937,1.168831348419e+00,346.9338,4.0297,4.0297,0.0000
32.296,100534.789062,299.3934,1.168826818466e+00,346.9336,4.0303,4.0303,0.0000
32.341,100534.242188,299.3931,1.168821930885e+00,346.9334,4.0309,4.0309,0.0000
32.386,100533.781250,299.3929,1.168817162514e+00,346.9333,4.0315,4.0315,0.0000
32.430,100533.257812,299.3926,1.168812155724e+00,346.9331,4.0321,4.0321,0.0000
32.475,100532.664062,299.3924,1.168806314468e+00,346.9330,4.0327,4.0327,0.0000
32.520,100532.242188,299.3921,1.168802380562e+00,346.9328,4.0333,4.0333,0.0000
32.565,100531.710938,299.3918,1.168797373772e+00,346.9327,4.0339,4.0339,0.0000
32.610,100531.179688,299.3915,1.168792366982e+00,346.9326,4.0345,4.0345,0.0000
32.655,100530.648438,299.3913,1.168787121773e+00,346.9324,4.0351,4.0351,0.0000
32.700,100530.085938,299.3910,1.168781757355e+00,346.9322,4.0357,4.0357,0.0000
32.745,100529.664062,299.3907,1.168777823448e+00,346.9321,4.0363,4.0363,0.0000
32.791,100529.078125,299.3904,1.168771982193e+00,346.9319,4.0369,4.0369,0.0000
32.836,100528.546875,299.3902,1.168766975403e+00,346.9317,4.0375,4.0375,0.0000
32.882,100528.101562,299.3900,1.168762922287e+00,346.9316,4.0381,4.0381,0.0000
32.927,100527.539062,299.3896,1.168757438660e+00,346.9315,4.0387,4.0387,0.0000
32.972,100526.968750,299.3894,1.168751597404e+00,346.9313,4.0393,4.0393,0.0000
33.018,100526.484375,299.3891,1.168747305870e+00,346.9312,4.0399,4.0399,0.0000
33.064,100525.914062,299.3888,1.168741583824e+00,346.9310,4.0405,4.0405,0.0000
33.109,100525.484375,299.3886,1.168737649918e+00,346.9308,4.0411,4.0411,0.0000
33.155,100524.906250,299.3883,1.168732047081e+00,346.9307,4.0417,4.0417,0.0000
33.201,100524.468750,299.3881,1.168727874756e+00,346.9305,4.0423,4.0423,0.0000
33.247,100523.843750,299.3878,1.168721914291e+00,346.9304,4.0429,4.0429,0.0000
33.293,100523.382812,299.3875,1.168717622757e+00,346.9302,4.0436,4.0436,0.0000
33.339,100522.843750,299.3872,1.168712496758e+00,346.9301,4.0442,4.0442,0.0000
33.385,100522.320312,299.3869,1.168707370758e+00,346.9299,4.0448,4.0448,0.0000
33.431,100521.750000,299.3867,1.168701648712e+00,346.9297,4.0454,4.0454,0.0000
33.477,100521.226562,299.3864,1.168696761131e+00,346.9296,4.0460,4.0460,0.0000
33.524,100520.687500,299.3861,1.168691515923e+00,346.9294,4.0466,4.0466,0.0000
33.570,100520.171875,299.3858,1.168686628342e+00,346.9293,4.0472,4.0472,0.0000
33.617,100519.640625,299.3855,1.168681621552e+00,346.9291,4.0478,4.0478,0.0000
33.663,100519.109375,299.3853,1.168676614761e+00,346.9290,4.0485,4.0485,0.0000
33.710,100518.593750,299.3850,1.168671488762e+00,346.9288,4.0491,4.0491,0.0000
33.756,100518.093750,299.3847,1.168666839600e+00,346.9286,4.0497,4.0497,0.0000
33.803,100517.531250,299.3845,1.168661236763e+00,346.9285,4.0503,4.0503,0.0000
33.850,100517.000000,299.3842,1.168656110764e+00,346.9283,4.0509,4.0509,0.0000
33.896,100516.421875,299.3839,1.168650388718e+00,346.9282,4.0515,4.0515,0.0000
33.943,100515.937500,299.3836,1.168646097183e+00,346.9280,4.0522,4.0522,0.0000
33.990,100515.359375,299.3833,1.168640613556e+00,346.9278,4.0528,4.0528,0.0000
34.037,100514.781250,299.3831,1.168634772301e+00,346.9277,4.0534,4.0534,0.0000
34.084,100514.273438,299.3828,1.168629765511e+00,346.9275,4.0540,4.0540,0.0000
34.131,100513.742188,299.3825,1.168624520302e+00,346.9274,4.0546,4.0546,0.0000
34.179,100513.250000,299.3822,1.168620467186e+00,346.9272,4.0553,4.0553,0.0000
34.226,100512.687500,299.3819,1.168614745140e+00,346.9270,4.0559,4.0559,0.0000
34.273,100512.101562,299.3817,1.168609142303e+00,346.9269,4.0565,4.0565,0.0000
34.320,100511.585938,299.3814,1.168604135513e+00,346.9267,4.0571,4.0571,0.0000
34.368,100511.109375,299.3811,1.168599605560e+00,346.9265,4.0578,4.0578,0.0000
34.415,100510.531250,299.3808,1.168594360352e+00,346.9264,4.0584,4.0584,0.0000
34.463,100510.015625,299.3806,1.168588876724e+00,346.9262,4.0590,4.0590,0.0000
34.511,100509.367188,299.3802,1.168583154678e+00,346.9260,4.0596,4.0596,0.0000
34.558,100508.898438,299.3800,1.168578386307e+00,346.9259,4.0603,4.0603,0.0000
34.606,100508.312500,299.3797,1.168572902679e+00,346.9258,4.0609,4.0609,0.0000
34.654,100507.789062,299.3794,1.168567776680e+00,346.9256,4.0615,4.0615,0.0000
34.702,100507.218750,299.3791,1.168562412262e+00,346.9254,4.0621,4.0621,0.0000
34.750,100506.679688,299.3788,1.168557167053e+00,346.9252,4.0628,4.0628,0.0000
34.798,100506.109375,299.3785,1.168551564217e+00,346.9250,4.0634,4.0634,0.0000
34.846,100505.585938,299.3782,1.168546915054e+00,346.9248,4.0640,4.0640,0.0000
34.894,100505.070312,299.3780,1.168541669846e+00,346.9247,4.0647,4.0647,0.0000
34.943,100504.492188,299.3777,1.168536305428e+00,346.9246,4.0653,4.0653,0.0000
34.991,100503.875000,299.3773,1.168530344963e+00,346.9243,4.0659,4.0659,0.0000
35.039,100503.382812,299.3771,1.168525815010e+00,346.9242,4.0666,4.0666,0.0000
35.088,100502.804688,299.3768,1.168519854546e+00,346.9240,4.0672,4.0672,0.0000
35.136,100502.281250,299.3765,1.168514847755e+00,346.9240,4.0678,4.0678,0.0000
35.185,100501.703125,299.3762,1.168509483337e+00,346.9237,4.0685,4.0685,0.0000
35.233,100501.187500,299.3759,1.168504357338e+00,346.9236,4.0691,4.0691,0.0000
35.282,100500.601562,299.3756,1.168498992920e+00,346.9234,4.0697,4.0697,0.0000
35.331,100500.031250,299.3754,1.168493390083e+00,346.9232,4.0704,4.0704,0.0000
35.380,100499.453125,299.3751,1.168488025665e+00,346.9231,4.0710,4.0710,0.0000
35.429,100498.929688,299.3748,1.168482780457e+00,346.9229,4.0717,4.0717,0.0000
35.478,100498.351562,299.3745,1.168477177620e+00,346.9227,4.0723,4.0723,0.0000
35.527,100497.773438,299.3742,1.168471693993e+00,346.9226,4.0729,4.0729,0.0000
35.576,100497.210938,299.3739,1.168466329575e+00,346.9224,4.0736,4.0736,0.0000
35.625,100496.625000,299.3736,1.168460607529e+00,346.9222,4.0742,4.0742,0.0000
35.674,100496.156250,299.3733,1.168456077576e+00,346.9220,4.0749,4.0749,0.0000
35.724,100495.570312,299.3730,1.168450593948e+00,346.9218,4.0755,4.0755,0.0000
35.773,100494.992188,299.3727,1.168444871902e+00,346.9218,4.0761,4.0761,0.0000
35.822,100494.375000,299.3724,1.168439030647e+00,346.9215,4.0768,4.0768,0.0000
35.872,100493.843750,299.3721,1.168434023857e+00,346.9214,4.0774,4.0774,0.0000
35.922,100493.226562,299.3718,1.168428063393e+00,346.9212,4.0781,4.0781,0.0000
35.971,100492.750000,299.3716,1.168423652649e+00,346.9210,4.0787,4.0787,0.0000
36.021,100492.117188,299.3712,1.168417453766e+00,346.9208,4.0794,4.0794,0.0000
36.071,100491.546875,299.3709,1.168412089348e+00,346.9207,4.0800,4.0800,0.0000
36.121,100490.960938,299.3706,1.168406486511e+00,346.9205,4.0807,4.0807,0.0000
36.171,100490.390625,299.3704,1.168400645256e+00,346.9203,4.0813,4.0813,0.0000
36.221,100489.859375,299.3701,1.168395876884e+00,346.9202,4.0820,4.0820,0.0000
36.271,100489.335938,299.3698,1.168390870094e+00,346.9200,4.0826,4.0826,0.0000
36.321,100488.773438,299.3695,1.168385386467e+00,346.9199,4.0833,4.0833,0.0000
36.371,100488.195312,299.3692,1.168379902840e+00,346.9196,4.0839,4.0839,0.0000
36.421,100487.523438,299.3688,1.168373346329e+00,346.9195,4.0846,4.0846,0.0000
36.472,100486.945312,299.3685,1.168367862701e+00,346.9193,4.0852,4.0852,0.0000
36.522,100486.421875,299.3683,1.168362855911e+00,346.9191,4.0859,4.0859,0.0000
36.573,100485.789062,299.3680,1.168356895447e+00,346.9189,4.0865,4.0865,0.0000
36.623,100485.273438,299.3676,1.168351888657e+00,346.9188,4.0872,4.0872,0.0000
36.674,100484.695312,299.3673,1.168346524239e+00,346.9186,4.0878,4.0878,0.0000
36.725,100484.125000,299.3671,1.168340802193e+00,346.9185,4.0885,4.0885,0.0000
36.775,100483.546875,299.3668,1.168335080147e+00,346.9183,4.0891,4.0891,0.0000
36.826,100482.914062,299.3665,1.168329119682e+00,346.9181,4.0898,4.0898,0.0000
36.877,100482.335938,299.3661,1.168323636055e+00,346.9179,4.0905,4.0905,0.0000
36.928,100481.773438,299.3659,1.168318152428e+00,346.9177,4.0911,4.0911,0.0000
36.979,100481.203125,299.3655,1.168312788010e+00,346.9175,4.0918,4.0918,0.0000
37.030,100480.625000,299.3652,1.168307304382e+00,346.9174,4.0924,4.0924,0.0000
37.081,100480.054688,299.3649,1.168301701546e+00,346.9172,4.0931,4.0931,0.0000
37.133,100479.421875,299.3646,1.168295741081e+00,346.9170,4.0938,4.0938,0.0000
37.184,100478.804688,299.3643,1.168289780617e+00,346.9169,4.0944,4.0944,0.0000
37.235,100478.289062,299.3640,1.168284893036e+00,346.9167,4.0951,4.0951,0.0000
37.287,100477.609375,299.3637,1.168278098106e+00,346.9165,4.0957,4.0957,0.0000
37.339,100477.023438,299.3634,1.168272495270e+00,346.9163,4.0964,4.0964,0.0000
37.390,100476.453125,299.3631,1.168266892433e+00,346.9162,4.0971,4.0971,0.0000
37.442,100475.929688,299.3628,1.168262004852e+00,346.9160,4.0977,4.0977,0.0000
37.494,100475.257812,299.3625,1.168255686760e+00,346.9158,4.0984,4.0984,0.0000
37.545,100474.703125,299.3622,1.168250203133e+00,346.9156,4.0991,4.0991,0.0000
37.597,100474.062500,299.3618,1.168244242668e+00,346.9154,4.0997,4.0997,0.0000
37.649,100473.484375,299.3615,1.168238759041e+00,346.9152,4.1004,4.1004,0.0000
37.701,100472.914062,299.3613,1.168232917786e+00,346.9151,4.1011,4.1011,0.0000
37.754,100472.335938,299.3609,1.168227672577e+00,346.9149,4.1017,4.1017,0.0000
37.806,100471.757812,299.3607,1.168221950531e+00,346.9147,4.1024,4.1024,0.0000
37.858,100471.125000,299.3603,1.168216109276e+00,346.9145,4.1031,4.1031,0.0000
37.910,100470.562500,299.3600,1.168210387230e+00,346.9144,4.1038,4.1038,0.0000
37.963,100469.890625,299.3596,1.168204307556e+00,346.9142,4.1044,4.1044,0.0000
38.015,100469.312500,299.3594,1.168198466301e+00,346.9140,4.1051,4.1051,0.0000
38.068,100468.695312,299.3591,1.168192505836e+00,346.9138,4.1058,4.1058,0.0000
38.120,100468.117188,299.3588,1.168187022209e+00,346.9136,4.1064,4.1064,0.0000
38.173,100467.585938,299.3584,1.168182134628e+00,346.9134,4.1071,4.1071,0.0000
38.226,100466.976562,299.3582,1.168176054955e+00,346.9133,4.1078,4.1078,0.0000
38.279,100466.351562,299.3578,1.168170332909e+00,346.9131,4.1085,4.1085,0.0000
38.332,100465.734375,299.3575,1.168164253235e+00,346.9129,4.1091,4.1091,0.0000
38.385,100465.101562,299.3571,1.168158292770e+00,346.9127,4.1098,4.1098,0.0000
38.438,100464.476562,299.3568,1.168152213097e+00,346.9126,4.1105,4.1105,0.0000
38.491,100463.898438,299.3566,1.168146610260e+00,346.9124,4.1112,4.1112,0.0000
38.544,100463.328125,299.3562,1.168141245842e+00,346.9122,4.1119,4.1119,0.0000
38.597,100462.718750,299.3559,1.168135285378e+00,346.9120,4.1125,4.1125,0.0000
38.651,100462.070312,299.3556,1.168129086494e+00,346.9118,4.1132,4.1132,0.0000
38.704,100461.468750,299.3553,1.168123245239e+00,346.9117,4.1139,4.1139,0.0000
38.758,100460.835938,299.3550,1.168117284775e+00,346.9115,4.1146,4.1146,0.0000
38.811,100460.265625,299.3546,1.168111801147e+00,346.9113,4.1153,4.1153,0.0000
38.865,100459.632812,299.3543,1.168105721474e+00,346.9111,4.1159,4.1159,0.0000
38.919,100459.031250,299.3540,1.168099999428e+00,346.9109,4.1166,4.1166,0.0000
38.973,100458.398438,299.3537,1.168093919754e+00,346.9108,4.1173,4.1173,0.0000
39.026,100457.773438,299.3533,1.168087840080e+00,346.9106,4.1180,4.1180,0.0000
39.080,100457.101562,299.3530,1.168081402779e+00,346.9104,4.1187,4.1187,0.0000
39.134,100456.523438,299.3527,1.168075919151e+00,346.9102,4.1194,4.1194,0.0000
39.189,100455.937500,299.3524,1.168070316315e+00,346.9100,4.1201,4.1201,0.0000
39.243,100455.289062,299.3521,1.168063879013e+00,346.9099,4.1208,4.1208,0.0000
39.297,100454.710938,299.3518,1.168058395386e+00,346.9096,4.1214,4.1214,0.0000
39.351,100454.093750,299.3514,1.168052554131e+00,346.9094,4.1221,4.1221,0.0000
39.406,100453.460938,299.3511,1.168046593666e+00,346.9092,4.1228,4.1228,0.0000
39.460,100452.835938,299.3508,1.168040394783e+00,346.9091,4.1235,4.1235,0.0000
39.515,100452.156250,299.3504,1.168034076691e+00,346.9089,4.1242,4.1242,0.0000
39.569,100451.546875,299.3502,1.168027997017e+00,346.9087,4.1249,4.1249,0.0000
39.624,100450.976562,299.3498,1.168022751808e+00,346.9085,4.1256,4.1256,0.0000
39.679,100450.289062,299.3495,1.168015956879e+00,346.9083,4.1263,4.1263,0.0000
39.734,100449.671875,299.3492,1.168009996414e+00,346.9081,4.1270,4.1270,0.0000
39.789,100449.117188,299.3488,1.168004751205e+00,346.9080,4.1277,4.1277,0.0000
39.844,100448.390625,299.3485,1.167997837067e+00,346.9077,4.1284,4.1284,0.0000
39.899,100447.757812,299.3482,1.167991638184e+00,346.9076,4.1291,4.1291,0.0000
39.954,100447.187500,299.3478,1.167986273766e+00,346.9074,4.1298,4.1298,0.0000
40.009,100446.554688,299.3475,1.167980313301e+00,346.9071,4.1305,4.1305,0.0000
40.065,100445.945312,299.3472,1.167974352837e+00,346.9070,4.1312,4.1312,0.0000
40.120,100445.328125,299.3469,1.167968273163e+00,346.9068,4.1319,4.1319,0.0000
40.175,100444.648438,299.3465,1.167961835861e+00,346.9066,4.1326,4.1326,0.0000
40.231,100444.070312,299.3462,1.167956471443e+00,346.9064,4.1333,4.1333,0.0000
40.287,100443.351562,299.3459,1.167949557304e+00,346.9062,4.1340,4.1340,0.0000
40.342,100442.718750,299.3456,1.167943239212e+00,346.9061,4.1347,4.1347,0.0000
40.398,100442.070312,299.3452,1.167937040329e+00,346.9059,4.1354,4.1354,0.0000
40.454,100441.382812,299.3448,1.167930722237e+00,346.9056,4.1361,4.1361,0.0000
40.510,100440.820312,299.3446,1.167925000191e+00,346.9055,4.1368,4.1368,0.0000
40.566,100440.148438,299.3442,1.167918801308e+00,346.9053,4.1375,4.1375,0.0000
40.622,100439.523438,299.3439,1.167912602425e+00,346.9051,4.1382,4.1382,0.0000
40.678,100438.843750,299.3435,1.167906045914e+00,346.9048,4.1389,4.1389,0.0000
40.734,100438.218750,299.3432,1.167900204659e+00,346.9047,4.1396,4.1396,0.0000
40.791,100437.570312,299.3428,1.167894005775e+00,346.9045,4.1403,4.1403,0.0000
40.847,100436.937500,299.3425,1.167887806892e+00,346.9043,4.1410,4.1410,0.0000
40.904,100436.359375,299.3422,1.167882442474e+00,346.9041,4.1417,4.1417,0.0000
40.960,100435.695312,299.3419,1.167876005173e+00,346.9039,4.1424,4.1424,0.0000
41.017,100435.031250,299.3415,1.167869567871e+00,346.9037,4.1431,4.1431,0.0000
41.073,100434.406250,299.3412,1.167863607407e+00,346.9036,4.1438,4.1438,0.0000
41.130,100433.781250,299.3409,1.167857646942e+00,346.9034,4.1446,4.1446,0.0000
41.187,100433.101562,299.3405,1.167850971222e+00,346.9031,4.1453,4.1453,0.0000
41.244,100432.437500,299.3402,1.167844653130e+00,346.9030,4.1460,4.1460,0.0000
41.301,100431.765625,299.3398,1.167838335037e+00,346.9027,4.1467,4.1467,0.0000
41.358,100431.085938,299.3395,1.167831778526e+00,346.9025,4.1474,4.1474,0.0000
41.415,100430.468750,299.3391,1.167825818062e+00,346.9023,4.1481,4.1481,0.0000
41.473,100429.804688,299.3388,1.167819380760e+00,346.9021,4.1488,4.1488,0.0000
41.530,100429.125000,299.3385,1.167812824249e+00,346.9019,4.1496,4.1496,0.0000
41.587,100428.523438,299.3381,1.167807221413e+00,346.9018,4.1503,4.1503,0.0000
41.645,100427.835938,299.3378,1.167800188065e+00,346.9016,4.1510,4.1510,0.0000
41.702,100427.218750,299.3375,1.167794585228e+00,346.9014,4.1517,4.1517,0.0000
41.760,100426.500000,299.3371,1.167787671089e+00,346.9012,4.1524,4.1524,0.0000
41.818,100425.882812,299.3368,1.167781829834e+00,346.9010,4.1531,4.1531,0.0000
41.876,100425.195312,299.3365,1.167775034904e+00,346.9008,4.1539,4.1539,0.0000
41.934,100424.546875,299.3361,1.167768955231e+00,346.9006,4.1546,4.1546,0.0000
41.992,100423.867188,299.3357,1.167762398720e+00,346.9004,4.1553,4.1553,0.0000
42.050,100423.203125,299.3354,1.167755961418e+00,346.9002,4.1560,4.1560,0.0000
42.108,100422.578125,299.3351,1.167750000954e+00,346.9000,4.1568,4.1568,0.0000
42.166,100421.843750,299.3347,1.167743086815e+00,346.8997,4.1575,4.1575,0.0000
42.224,100421.171875,299.3343,1.167736649513e+00,346.8996,4.1582,4.1582,0.0000
42.283,100420.507812,299.3340,1.167730212212e+00,346.8994,4.1589,4.1589,0.0000
42.341,100419.945312,299.3337,1.167724609375e+00,346.8992,4.1597,4.1597,0.0000
42.400,100419.164062,299.3333,1.167717218399e+00,346.8990,4.1604,4.1604,0.0000
42.458,100418.648438,299.3329,1.167712569237e+00,346.8988,4.1611,4.1611,0.0000
42.517,100417.828125,299.3326,1.167704582214e+00,346.8986,4.1618,4.1618,0.0000
42.576,100417.171875,299.3322,1.167698144913e+00,346.8984,4.1626,4.1626,0.0000
42.635,100416.539062,299.3319,1.167691946030e+00,346.8982,4.1633,4.1633,0.0000
42.694,100415.820312,299.3316,1.167685031891e+00,346.8980,4.1640,4.1640,0.0000
42.753,100415.140625,299.3312,1.167678594589e+00,346.8978,4.1648,4.1648,0.0000
42.812,100414.468750,299.3308,1.167672395706e+00,346.8976,4.1655,4.1655,0.0000
42.871,100413.820312,299.3305,1.167666077614e+00,346.8973,4.1662,4.1662,0.0000
42.930,100413.125000,299.3301,1.167659282684e+00,346.8972,4.1670,4.1670,0.0000
42.990,100412.562500,299.3298,1.167654037476e+00,346.8970,4.1677,4.1677,0.0000
43.049,100411.734375,299.3294,1.167645931244e+00,346.8967,4.1684,4.1684,0.0000
43.109,100411.085938,299.3291,1.167639613152e+00,346.8965,4.1692,4.1692,0.0000
43.168,100410.406250,299.3287,1.167633056641e+00,346.8963,4.1699,4.1699,0.0000
43.228,100409.750000,299.3283,1.167626976967e+00,346.8961,4.1706,4.1706,0.0000
43.288,100408.976562,299.3280,1.167619466782e+00,346.8959,4.1714,4.1714,0.0000
43.347,100408.398438,299.3277,1.167613863945e+00,346.8958,4.1721,4.1721,0.0000
43.407,100407.640625,299.3273,1.167606592178e+00,346.8955,4.1728,4.1728,0.0000
43.467,100406.960938,299.3269,1.167600154877e+00,346.8953,4.1736,4.1736,0.0000
43.528,100406.335938,299.3266,1.167594075203e+00,346.8951,4.1743,4.1743,0.0000
43.588,100405.625000,299.3262,1.167587161064e+00,346.8949,4.1751,4.1751,0.0000
43.648,100404.898438,299.3259,1.167580127716e+00,346.8947,4.1758,4.1758,0.0000
43.708,100404.187500,299.3255,1.167573451996e+00,346.8945,4.1766,4.1766,0.0000
43.769,100403.570312,299.3251,1.167567729950e+00,346.8943,4.1773,4.1773,0.0000
43.829,100402.851562,299.3248,1.167560696602e+00,346.8941,4.1780,4.1780,0.0000
43.890,100402.171875,299.3244,1.167554259300e+00,346.8939,4.1788,4.1788,0.0000
43.951,100401.500000,299.3241,1.167547702789e+00,346.8937,4.1795,4.1795,0.0000
44.011,100400.781250,299.3237,1.167540669441e+00,346.8935,4.1803,4.1803,0.0000
44.072,100400.125000,299.3233,1.167534470558e+00,346.8933,4.1810,4.1810,0.0000
44.133,100399.390625,299.3230,1.167527437210e+00,346.8930,4.1818,4.1818,0.0000
44.194,100398.679688,299.3226,1.167520642281e+00,346.8928,4.1825,4.1825,0.0000
44.255,100398.007812,299.3223,1.167514085770e+00,346.8926,4.1833,4.1833,0.0000
44.316,100397.296875,299.3219,1.167507290840e+00,346.8924,4.1840,4.1840,0.0000
44.378,100396.632812,299.3215,1.167500972748e+00,346.8922,4.1848,4.1848,0.0000
44.439,100395.906250,299.3212,1.167494058609e+00,346.8920,4.1855,4.1855,0.0000
44.500,100395.226562,299.3208,1.167487740517e+00,346.8918,4.1863,4.1863,0.0000
44.562,100394.523438,299.3204,1.167480826378e+00,346.8915,4.1870,4.1870,0.0000
44.624,100393.804688,299.3201,1.167473673820e+00,346.8914,4.1878,4.1878,0.0000
44.685,100393.070312,299.3197,1.167466878891e+00,346.8911,4.1885,4.1885,0.0000
44.747,100392.414062,299.3193,1.167460560799e+00,346.8910,4.1893,4.1893,0.0000
44.809,100391.640625,299.3189,1.167453169823e+00,346.8907,4.1900,4.1900,0.0000
44.871,100390.960938,299.3186,1.167446851730e+00,346.8905,4.1908,4.1908,0.0000
44.933,100390.304688,299.3183,1.167440176010e+00,346.8904,4.1916,4.1916,0.0000
44.995,100389.531250,299.3179,1.167432665825e+00,346.8901,4.1923,4.1923,0.0000
45.057,100388.875000,299.3175,1.167426705360e+00,346.8899,4.1931,4.1931,0.0000
45.120,100388.140625,299.3171,1.167419552803e+00,346.8896,4.1938,4.1938,0.0000
45.182,100387.429688,299.3167,1.167412638664e+00,346.8895,4.1946,4.1946,0.0000
45.244,100386.710938,299.3164,1.167405843735e+00,346.8892,4.1953,4.1953,0.0000
45.307,100386.039062,299.3160,1.167399406433e+00,346.8890,4.1961,4.1961,0.0000
45.370,100385.226562,299.3156,1.167391538620e+00,346.8888,4.1969,4.1969,0.0000
45.432,100384.507812,299.3152,1.167384624481e+00,346.8886,4.1976,4.1976,0.0000
45.495,100383.851562,299.3149,1.167378306389e+00,346.8884,4.1984,4.1984,0.0000
45.558,100383.078125,299.3145,1.167370915413e+00,346.8881,4.1992,4.1992,0.0000
45.621,100382.398438,299.3142,1.167364239693e+00,346.8880,4.1999,4.1999,0.0000
45.684,100381.648438,299.3137,1.167357087135e+00,346.8877,4.2007,4.2007,0.0000
45.747,100380.953125,299.3134,1.167350649834e+00,346.8875,4.2015,4.2015,0.0000
45.811,100380.203125,299.3130,1.167343258858e+00,346.8873,4.2022,4.2022,0.0000
45.874,100379.468750,299.3126,1.167336225510e+00,346.8871,4.2030,4.2030,0.0000
45.937,100378.812500,299.3123,1.167330026627e+00,346.8869,4.2038,4.2038,0.0000
46.001,100378.054688,299.3119,1.167322635651e+00,346.8866,4.2045,4.2045,0.0000
46.064,100377.320312,299.3115,1.167315483093e+00,346.8864,4.2053,4.2053,0.0000
46.128,100376.664062,299.3111,1.167309403419e+00,346.8862,4.2061,4.2061,0.0000
46.192,100375.890625,299.3107,1.167302131653e+00,346.8860,4.2068,4.2068,0.0000
46.256,100375.187500,299.3104,1.167295098305e+00,346.8858,4.2076,4.2076,0.0000
46.320,100374.406250,299.3100,1.167287588120e+00,346.8856,4.2084,4.2084,0.0000
46.384,100373.687500,299.3096,1.167280673981e+00,346.8853,4.2092,4.2092,0.0000
46.448,100372.976562,299.3092,1.167274117470e+00,346.8851,4.2099,4.2099,0.0000
46.512,100372.203125,299.3088,1.167266607285e+00,346.8849,4.2107,4.2107,0.0000
46.576,100371.500000,299.3085,1.167259573936e+00,346.8847,4.2115,4.2115,0.0000
46.641,100370.726562,299.3080,1.167252421379e+00,346.8844,4.2123,4.2123,0.0000
46.705,100370.015625,299.3077,1.167245507240e+00,346.8842,4.2130,4.2130,0.0000
46.770,100369.328125,299.3073,1.167239069939e+00,346.8840,4.2138,4.2138,0.0000
46.835,100368.570312,299.3069,1.167231678963e+00,346.8838,4.2146,4.2146,0.0000
46.899,100367.812500,299.3065,1.167224287987e+00,346.8836,4.2154,4.2154,0.0000
46.964,100367.078125,299.3062,1.167217493057e+00,346.8833,4.2162,4.2162,0.0000
47.029,100366.265625,299.3058,1.167209506035e+00,346.8831,4.2169,4.2169,0.0000
47.094,100365.554688,299.3054,1.167202591896e+00,346.8829,4.2177,4.2177,0.0000
47.159,100364.750000,299.3050,1.167194843292e+00,346.8826,4.2185,4.2185,0.0000
47.225,100364.031250,299.3046,1.167187929153e+00,346.8824,4.2193,4.2193,0.0000
47.290,100363.296875,299.3042,1.167181015015e+00,346.8822,4.2201,4.2201,0.0000
47.355,100362.593750,299.3038,1.167174220085e+00,346.8820,4.2209,4.2209,0.0000
47.421,100361.875000,299.3034,1.167167305946e+00,346.8818,4.2216,4.2216,0.0000
47.486,100361.117188,299.3030,1.167160153389e+00,346.8815,4.2224,4.2224,0.0000
47.552,100360.390625,299.3027,1.167153120041e+00,346.8813,4.2232,4.2232,0.0000
47.618,100359.578125,299.3022,1.167145252228e+00,346.8810,4.2240,4.2240,0.0000
47.683,100358.757812,299.3018,1.167137384415e+00,346.8808,4.2248,4.2248,0.0000
47.749,100358.039062,299.3015,1.167130589485e+00,346.8806,4.2256,4.2256,0.0000
47.815,100357.328125,299.3011,1.167123913765e+00,346.8804,4.2264,4.2264,0.0000
47.882,100356.617188,299.3007,1.167116880417e+00,346.8802,4.2272,4.2272,0.0000
47.948,100355.796875,299.3003,1.167108893394e+00,346.8799,4.2279,4.2279,0.0000
48.014,100355.023438,299.2999,1.167101621628e+00,346.8797,4.2287,4.2287,0.0000
48.080,100354.312500,299.2995,1.167094945908e+00,346.8795,4.2295,4.2295,0.0000
48.147,100353.531250,299.2991,1.167087435722e+00,346.8792,4.2303,4.2303,0.0000
48.213,100352.789062,299.2987,1.167080163956e+00,346.8790,4.2311,4.2311,0.0000
48.280,100351.953125,299.2983,1.167071938515e+00,346.8788,4.2319,4.2319,0.0000
48.347,100351.250000,299.2979,1.167065382004e+00,346.8786,4.2327,4.2327,0.0000
48.414,100350.539062,299.2975,1.167058467865e+00,346.8784,4.2335,4.2335,0.0000
48.481,100349.718750,299.2971,1.167050719261e+00,346.8782,4.2343,4.2343,0.0000
48.548,100349.000000,299.2967,1.167043805122e+00,346.8779,4.2351,4.2351,0.0000
48.615,100348.179688,299.2963,1.167035937309e+00,346.8777,4.2359,4.2359,0.0000
48.682,100347.421875,299.2959,1.167028665543e+00,346.8774,4.2367,4.2367,0.0000
48.749,100346.710938,299.2955,1.167021870613e+00,346.8773,4.2375,4.2375,0.0000
48.817,100345.898438,299.2951,1.167014002800e+00,346.8770,4.2383,4.2383,0.0000
48.884,100345.070312,299.2947,1.167005896568e+00,346.8768,4.2391,4.2391,0.0000
48.952,100344.367188,299.2943,1.166999220848e+00,346.8765,4.2399,4.2399,0.0000
49.020,100343.593750,299.2939,1.166991829872e+00,346.8763,4.2407,4.2407,0.0000
49.087,100342.773438,299.2935,1.166984081268e+00,346.8761,4.2415,4.2415,0.0000
49.155,100342.015625,299.2931,1.166976571083e+00,346.8759,4.2423,4.2423,0.0000
49.223,100341.234375,299.2927,1.166969299316e+00,346.8756,4.2431,4.2431,0.0000
49.291,100340.492188,299.2923,1.166962027550e+00,346.8754,4.2439,4.2439,0.0000
49.359,100339.718750,299.2919,1.166954636574e+00,346.8751,4.2447,4.2447,0.0000
49.428,100338.898438,299.2915,1.166946887970e+00,346.8749,4.2455,4.2455,0.0000
49.496,100338.187500,299.2911,1.166939735413e+00,346.8747,4.2464,4.2464,0.0000
49.564,100337.367188,299.2907,1.166932225227e+00,346.8744,4.2472,4.2472,0.0000
49.633,100336.593750,299.2903,1.166924834251e+00,346.8741,4.2480,4.2480,0.0000
49.702,100335.789062,299.2899,1.166916966438e+00,346.8740,4.2488,4.2488,0.0000
49.770,100334.976562,299.2895,1.166909217834e+00,346.8737,4.2496,4.2496,0.0000
49.839,100334.218750,299.2891,1.166901707649e+00,346.8735,4.2504,4.2504,0.0000
49.908,100333.398438,299.2887,1.166893839836e+00,346.8733,4.2512,4.2512,0.0000
49.977,100332.632812,299.2882,1.166886925697e+00,346.8730,4.2520,4.2520,0.0000
50.046,100331.875000,299.2878,1.166879177094e+00,346.8728,4.2528,4.2528,0.0000
50.115,100331.101562,299.2874,1.166872143745e+00,346.8726,4.2537,4.2537,0.0000
50.185,100330.242188,299.2870,1.166863679886e+00,346.8723,4.2545,4.2545,0.0000
50.254,100329.437500,299.2866,1.166855931282e+00,346.8721,4.2553,4.2553,0.0000
50.323,100328.671875,299.2862,1.166848659515e+00,346.8719,4.2561,4.2561,0.0000
50.393,100327.882812,299.2858,1.166841149330e+00,346.8716,4.2569,4.2569,0.0000
50.463,100327.148438,299.2854,1.166833877563e+00,346.8714,4.2577,4.2577,0.0000
50.532,100326.304688,299.2849,1.166825890541e+00,346.8711,4.2586,4.2586,0.0000
50.602,100325.460938,299.2845,1.166817784309e+00,346.8708,4.2594,4.2594,0.0000
50.672,100324.687500,299.2841,1.166810393333e+00,346.8707,4.2602,4.2602,0.0000
50.742,100323.867188,299.2837,1.166802525520e+00,346.8704,4.2610,4.2610,0.0000
50.813,100323.125000,299.2833,1.166795253754e+00,346.8701,4.2619,4.2619,0.0000
50.883,100322.296875,299.2828,1.166787385941e+00,346.8699,4.2627,4.2627,0.0000
50.953,100321.531250,299.2825,1.166780114174e+00,346.8697,4.2635,4.2635,0.0000
51.024,100320.679688,299.2820,1.166771888733e+00,346.8694,4.2643,4.2643,0.0000
51.094,100319.851562,299.2816,1.166764020920e+00,346.8692,4.2651,4.2651,0.0000
51.165,100319.039062,299.2812,1.166756153107e+00,346.8689,4.2660,4.2660,0.0000
51.235,100318.351562,299.2808,1.166749477386e+00,346.8687,4.2668,4.2668,0.0000
51.306,100317.476562,299.2803,1.166741132736e+00,346.8685,4.2676,4.2676,0.0000
51.377,100316.609375,299.2799,1.166732788086e+00,346.8683,4.2685,4.2685,0.0000
51.448,100315.843750,299.2795,1.166725277901e+00,346.8680,4.2693,4.2693,0.0000
51.519,100315.039062,299.2791,1.166717648506e+00,346.8677,4.2701,4.2701,0.0000
51.591,100314.218750,299.2786,1.166709899902e+00,346.8674,4.2709,4.2709,0.0000
51.662,100313.406250,299.2782,1.166702032089e+00,346.8672,4.2718,4.2718,0.0000
51.733,100312.539062,299.2778,1.166693806648e+00,346.8670,4.2726,4.2726,0.0000
51.805,100311.773438,299.2774,1.166686296463e+00,346.8668,4.2734,4.2734,0.0000
51.877,100310.968750,299.2769,1.166678667068e+00,346.8665,4.2743,4.2743,0.0000
51.948,100310.164062,299.2766,1.166670799255e+00,346.8663,4.2751,4.2751,0.0000
52.020,100309.250000,299.2761,1.166662096977e+00,346.8660,4.2760,4.2760,0.0000
52.092,100308.437500,299.2756,1.166654348373e+00,346.8658,4.2768,4.2768,0.0000
52.164,100307.617188,299.2752,1.166646242142e+00,346.8655,4.2776,4.2776,0.0000
52.236,100306.898438,299.2748,1.166639685631e+00,346.8653,4.2785,4.2785,0.0000
52.308,100306.054688,299.2744,1.166631460190e+00,346.8650,4.2793,4.2793,0.0000
52.381,100305.281250,299.2739,1.166624307632e+00,346.8648,4.2801,4.2801,0.0000
52.453,100304.351562,299.2735,1.166615009308e+00,346.8645,4.2810,4.2810,0.0000
52.526,100303.562500,299.2731,1.166607499123e+00,346.8643,4.2818,4.2818,0.0000
52.598,100302.734375,299.2727,1.166599512100e+00,346.8640,4.2827,4.2827,0.0000
52.671,100301.921875,299.2722,1.166592001915e+00,346.8637,4.2835,4.2835,0.0000
52.744,100301.023438,299.2718,1.166583061218e+00,346.8635,4.2843,4.2843,0.0000
52.817,100300.164062,299.2713,1.166574716568e+00,346.8633,4.2852,4.2852,0.0000
52.890,100299.382812,299.2709,1.166567325592e+00,346.8630,4.2860,4.2860,0.0000
52.963,100298.578125,299.2705,1.166559696198e+00,346.8628,4.2869,4.2869,0.0000
53.036,100297.625000,299.2700,1.166550517082e+00,346.8625,4.2877,4.2877,0.0000
53.110,100296.859375,299.2696,1.166543126106e+00,346.8622,4.2886,4.2886,0.0000
53.183,100296.000000,299.2692,1.166534900665e+00,346.8621,4.2894,4.2894,0.0000
53.257,100295.171875,299.2687,1.166527032852e+00,346.8618,4.2903,4.2903,0.0000
53.330,100294.320312,299.2683,1.166518688202e+00,346.8615,4.2911,4.2911,0.0000
53.404,100293.515625,299.2679,1.166511058807e+00,346.8613,4.2920,4.2920,0.0000
53.478,100292.601562,299.2674,1.166501998901e+00,346.8611,4.2928,4.2928,0.0000
53.552,100291.828125,299.2670,1.166494965553e+00,346.8608,4.2937,4.2937,0.0000
53.626,100290.921875,299.2665,1.166486263275e+00,346.8605,4.2945,4.2945,0.0000
53.700,100290.109375,299.2661,1.166478395462e+00,346.8603,4.2954,4.2954,0.0000
53.774,100289.242188,299.2657,1.166469931602e+00,346.8600,4.2962,4.2962,0.0000
53.848,100288.484375,299.2652,1.166462659836e+00,346.8597,4.2971,4.2971,0.0000
53.923,100287.632812,299.2648,1.166454672813e+00,346.8595,4.2979,4.2979,0.0000
53.997,100286.718750,299.2643,1.166445732117e+00,346.8593,4.2988,4.2988,0.0000
54.072,100285.898438,299.2639,1.166438221931e+00,346.8590,4.2997,4.2997,0.0000
54.147,100285.062500,299.2635,1.166429877281e+00,346.8588,4.3005,4.3005,0.0000
54.222,100284.140625,299.2630,1.166420936584e+00,346.8585,4.3014,4.3014,0.0000
54.297,100283.328125,299.2625,1.166413426399e+00,346.8582,4.3022,4.3022,0.0000
54.372,100282.453125,299.2621,1.166404843330e+00,346.8580,4.3031,4.3031,0.0000
54.447,100281.609375,299.2617,1.166396617889e+00,346.8577,4.3039,4.3039,0.0000
54.522,100280.742188,299.2612,1.166388511658e+00,346.8574,4.3048,4.3048,0.0000
54.598,100279.882812,299.2607,1.166380167007e+00,346.8572,4.3057,4.3057,0.0000
54.673,100279.031250,299.2603,1.166372060776e+00,346.8569,4.3065,4.3065,0.0000
54.749,100278.156250,299.2599,1.166363596916e+00,346.8567,4.3074,4.3074,0.0000
54.824,100277.242188,299.2594,1.166354656219e+00,346.8564,4.3083,4.3083,0.0000
54.900,100276.437500,299.2590,1.166347146034e+00,346.8561,4.3091,4.3091,0.0000
54.976,100275.531250,299.2585,1.166338443756e+00,346.8559,4.3100,4.3100,0.0000
55.052,100274.617188,299.2581,1.166329383850e+00,346.8556,4.3109,4.3109,0.0000
55.128,100273.765625,299.2576,1.166321277618e+00,346.8554,4.3117,4.3117,0.0000
55.204,100272.953125,299.2571,1.166313529015e+00,346.8551,4.3126,4.3126,0.0000
55.281,100272.085938,299.2567,1.166305303574e+00,346.8549,4.3135,4.3135,0.0000
55.357,100271.171875,299.2563,1.166296601295e+00,346.8546,4.3143,4.3143,0.0000
55.434,100270.281250,299.2558,1.166287899017e+00,346.8543,4.3152,4.3152,0.0000
55.510,100269.460938,299.2553,1.166280031204e+00,346.8541,4.3161,4.3161,0.0000
55.587,100268.585938,299.2549,1.166271805763e+00,346.8538,4.3170,4.3170,0.0000
55.664,100267.687500,299.2544,1.166262984276e+00,346.8535,4.3178,4.3178,0.0000
55.741,100266.875000,299.2540,1.166255354881e+00,346.8532,4.3187,4.3187,0.0000
55.818,100266.015625,299.2535,1.166247010231e+00,346.8530,4.3196,4.3196,0.0000
55.895,100265.000000,299.2531,1.166237115860e+00,346.8527,4.3204,4.3204,0.0000
55.973,100264.195312,299.2526,1.166229605675e+00,346.8525,4.3213,4.3213,0.0000
56.050,100263.335938,299.2521,1.166221380234e+00,346.8522,4.3222,4.3222,0.0000
56.127,100262.421875,299.2517,1.166212320328e+00,346.8520,4.3231,4.3231,0.0000
56.205,100261.523438,299.2512,1.166203856468e+00,346.8517,4.3240,4.3240,0.0000
56.283,100260.648438,299.2508,1.166195511818e+00,346.8514,4.3248,4.3248,0.0000
56.361,100259.703125,299.2503,1.166186451912e+00,346.8511,4.3257,4.3257,0.0000
56.438,100258.843750,299.2498,1.166177988052e+00,346.8509,4.3266,4.3266,0.0000
56.516,100257.984375,299.2494,1.166169881821e+00,346.8506,4.3275,4.3275,0.0000
56.595,100257.125000,299.2489,1.166161656380e+00,346.8503,4.3284,4.3284,0.0000
56.673,100256.210938,299.2485,1.166152715683e+00,346.8501,4.3292,4.3292,0.0000
56.751,100255.320312,299.2480,1.166144251823e+00,346.8498,4.3301,4.3301,0.0000
56.830,100254.382812,299.2475,1.166135430336e+00,346.8495,4.3310,4.3310,0.0000
56.908,100253.484375,299.2470,1.166126728058e+00,346.8492,4.3319,4.3319,0.0000
56.987,100252.578125,299.2466,1.166118144989e+00,346.8490,4.3328,4.3328,0.0000
57.066,100251.773438,299.2461,1.166110038757e+00,346.8488,4.3337,4.3337,0.0000
57.145,100250.812500,299.2456,1.166101098061e+00,346.8484,4.3346,4.3346,0.0000
57.224,100249.914062,299.2452,1.166092276573e+00,346.8482,4.3354,4.3354,0.0000
57.303,100249.000000,299.2447,1.166083574295e+00,346.8479,4.3363,4.3363,0.0000
57.382,100248.085938,299.2442,1.166074633598e+00,346.8477,4.3372,4.3372,0.0000
57.461,100247.242188,299.2437,1.166066527367e+00,346.8474,4.3381,4.3381,0.0000
57.541,100246.320312,299.2433,1.166057944298e+00,346.8471,4.3390,4.3390,0.0000
57.620,100245.351562,299.2428,1.166048526764e+00,346.8468,4.3399,4.3399,0.0000
57.700,100244.460938,299.2423,1.166039824486e+00,346.8466,4.3408,4.3408,0.0000
57.780,100243.593750,299.2419,1.166031718254e+00,346.8463,4.3417,4.3417,0.0000
57.860,100242.585938,299.2414,1.166021943092e+00,346.8460,4.3426,4.3426,0.0000
57.940,100241.687500,299.2409,1.166013360023e+00,346.8457,4.3435,4.3435,0.0000
58.020,100240.875000,299.2404,1.166005611420e+00,346.8455,4.3444,4.3444,0.0000
58.100,100239.859375,299.2400,1.165995836258e+00,346.8452,4.3453,4.3453,0.0000
58.180,100238.937500,299.2395,1.165987014771e+00,346.8449,4.3462,4.3462,0.0000
58.261,100238.101562,299.2390,1.165979027748e+00,346.8446,4.3471,4.3471,0.0000
58.341,100237.148438,299.2386,1.165969371796e+00,346.8444,4.3480,4.3480,0.0000
58.422,100236.234375,299.2380,1.165961027145e+00,346.8441,4.3489,4.3489,0.0000
58.503,100235.273438,299.2376,1.165951728821e+00,346.8438,4.3498,4.3498,0.0000
58.584,100234.375000,299.2371,1.165943026543e+00,346.8435,4.3507,4.3507,0.0000
58.665,100233.468750,299.2366,1.165934205055e+00,346.8433,4.3516,4.3516,0.0000
58.746,100232.554688,299.2361,1.165925741196e+00,346.8430,4.3525,4.3525,0.0000
58.827,100231.593750,299.2356,1.165916562080e+00,346.8427,4.3534,4.3534,0.0000
58.908,100230.695312,299.2352,1.165907740593e+00,346.8425,4.3543,4.3543,0.0000
58.990,100229.726562,299.2347,1.165898323059e+00,346.8422,4.3552,4.3552,0.0000
59.071,100228.882812,299.2342,1.165890455246e+00,346.8419,4.3561,4.3561,0.0000
59.153,100227.906250,299.2337,1.165881156921e+00,346.8416,4.3570,4.3570,0.0000
59.235,100226.960938,299.2332,1.165871977806e+00,346.8413,4.3579,4.3579,0.0000
59.317,100226.007812,299.2327,1.165862679482e+00,346.8410,4.3588,4.3588,0.0000
59.399,100225.007812,299.2322,1.165852904320e+00,346.8407,4.3597,4.3597,0.0000
59.481,100224.109375,299.2317,1.165844559669e+00,346.8404,4.3606,4.3606,0.0000
59.563,100223.242188,299.2313,1.165836095810e+00,346.8402,4.3616,4.3616,0.0000
59.645,100222.226562,299.2308,1.165826320648e+00,346.8399,4.3625,4.3625,0.0000
59.728,100221.375000,299.2303,1.165818214417e+00,346.8396,4.3634,4.3634,0.0000
59.811,100220.359375,299.2298,1.165808320045e+00,346.8394,4.3643,4.3643,0.0000
59.893,100219.406250,299.2293,1.165799379349e+00,346.8390,4.3652,4.3652,0.0000
59.976,100218.507812,299.2288,1.165790557861e+00,346.8388,4.3661,4.3661,0.0000
60.059,100217.500000,299.2283,1.165780901909e+00,346.8385,4.3670,4.3670,0.0000
60.142,100216.585938,299.2278,1.165772438049e+00,346.8382,4.3680,4.3680,0.0000
60.225,100215.640625,299.2273,1.165763139725e+00,346.8379,4.3689,4.3689,0.0000
60.308,100214.734375,299.2269,1.165754318237e+00,346.8376,4.3698,4.3698,0.0000
60.392,100213.773438,299.2263,1.165745258331e+00,346.8373,4.3707,4.3707,0.0000
60.475,100212.757812,299.2258,1.165735483170e+00,346.8370,4.3716,4.3716,0.0000
60.559,100211.843750,299.2253,1.165727019310e+00,346.8367,4.3726,4.3726,0.0000
60.643,100210.859375,299.2249,1.165717244148e+00,346.8365,4.3735,4.3735,0.0000
60.727,100209.906250,299.2244,1.165708065033e+00,346.8362,4.3744,4.3744,0.0000
60.810,100208.984375,299.2239,1.165699362755e+00,346.8359,4.3753,4.3753,0.0000
60.895,100207.937500,299.2234,1.165689229965e+00,346.8356,4.3762,4.3762,0.0000
60.979,100207.031250,299.2228,1.165680527687e+00,346.8353,4.3772,4.3772,0.0000
61.063,100206.078125,299.2224,1.165671348572e+00,346.8351,4.3781,4.3781,0.0000
61.147,100205.179688,299.2219,1.165662884712e+00,346.8347,4.3790,4.3790,0.0000
61.232,100204.164062,299.2213,1.165653228760e+00,346.8344,4.3800,4.3800,0.0000
61.317,100203.171875,299.2208,1.165643453598e+00,346.8341,4.3809,4.3809,0.0000
61.401,100202.203125,299.2203,1.165634036064e+00,346.8339,4.3818,4.3818,0.0000
61.486,100201.257812,299.2198,1.165625095367e+00,346.8336,4.3827,4.3827,0.0000
61.571,100200.296875,299.2194,1.165615797043e+00,346.8333,4.3837,4.3837,0.0000
61.657,100199.296875,299.2188,1.165606021881e+00,346.8330,4.3846,4.3846,0.0000
61.742,100198.390625,299.2184,1.165597319603e+00,346.8327,4.3855,4.3855,0.0000
61.827,100197.382812,299.2178,1.165587902069e+00,346.8324,4.3865,4.3865,0.0000
61.913,100196.382812,299.2173,1.165578246117e+00,346.8321,4.3874,4.3874,0.0000
61.998,100195.476562,299.2168,1.165569543839e+00,346.8318,4.3883,4.3883,0.0000
62.084,100194.414062,299.2163,1.165559411049e+00,346.8315,4.3893,4.3893,0.0000
62.170,100193.507812,299.2158,1.165550589561e+00,346.8313,4.3902,4.3902,0.0000
62.256,100192.476562,299.2153,1.165540575981e+00,346.8309,4.3911,4.3911,0.0000
62.342,100191.445312,299.2147,1.165530800819e+00,346.8306,4.3921,4.3921,0.0000
62.428,100190.507812,299.2142,1.165521860123e+00,346.8304,4.3930,4.3930,0.0000
62.514,100189.554688,299.2137,1.165512681007e+00,346.8300,4.3940,4.3940,0.0000
62.601,100188.593750,299.2132,1.165503501892e+00,346.8298,4.3949,4.3949,0.0000
62.687,100187.585938,299.2127,1.165493845940e+00,346.8295,4.3958,4.3958,0.0000
62.774,100186.585938,299.2122,1.165484070778e+00,346.8292,4.3968,4.3968,0.0000
62.861,100185.531250,299.2117,1.165474057198e+00,346.8289,4.3977,4.3977,0.0000
62.948,100184.617188,299.2112,1.165465354919e+00,346.8286,4.3987,4.3987,0.0000
63.035,100183.570312,299.2106,1.165455102921e+00,346.8283,4.3996,4.3996,0.0000
63.122,100182.617188,299.2101,1.165445923805e+00,346.8280,4.4006,4.4006,0.0000
63.209,100181.617188,299.2096,1.165436387062e+00,346.8277,4.4015,4.4015,0.0000
63.297,100180.609375,299.2091,1.165426731110e+00,346.8274,4.4024,4.4024,0.0000
63.384,100179.546875,299.2086,1.165416598320e+00,346.8271,4.4034,4.4034,0.0000
63.472,100178.609375,299.2080,1.165407538414e+00,346.8268,4.4043,4.4043,0.0000
63.559,100177.570312,299.2075,1.165397644043e+00,346.8265,4.4053,4.4053,0.0000
63.647,100176.593750,299.2070,1.165388107300e+00,346.8262,4.4062,4.4062,0.0000
63.735,100175.539062,299.2065,1.165377974510e+00,346.8259,4.4072,4.4072,0.0000
63.823,100174.578125,299.2060,1.165368795395e+00,346.8256,4.4081,4.4081,0.0000
63.912,100173.546875,299.2054,1.165358781815e+00,346.8253,4.4091,4.4091,0.0000
64.000,100172.593750,299.2049,1.165349841118e+00,346.8250,4.4100,4.4100,0.0000
64.089,100171.687500,299.2044,1.165341019630e+00,346.8247,4.4110,4.4110,0.0000
64.177,100170.539062,299.2039,1.165329933167e+00,346.8244,4.4120,4.4120,0.0000
64.266,100169.484375,299.2033,1.165319681168e+00,346.8241,4.4129,4.4129,0.0000
64.355,100168.523438,299.2028,1.165310740471e+00,346.8238,4.4139,4.4139,0.0000
64.444,100167.484375,299.2023,1.165300607681e+00,346.8235,4.4148,4.4148,0.0000
64.533,100166.515625,299.2018,1.165291428566e+00,346.8232,4.4158,4.4158,0.0000
64.622,100165.562500,299.2012,1.165282249451e+00,346.8228,4.4167,4.4167,0.0000
64.711,100164.468750,299.2007,1.165271759033e+00,346.8225,4.4177,4.4177,0.0000
64.801,100163.421875,299.2002,1.165261507034e+00,346.8223,4.4187,4.4187,0.0000
64.891,100162.414062,299.1996,1.165252089500e+00,346.8219,4.4196,4.4196,0.0000
64.980,100161.453125,299.1991,1.165242910385e+00,346.8216,4.4206,4.4206,0.0000
65.070,100160.359375,299.1985,1.165232181549e+00,346.8213,4.4215,4.4215,0.0000
65.160,100159.304688,299.1980,1.165221929550e+00,346.8210,4.4225,4.4225,0.0000
65.250,100158.312500,299.1975,1.165212512016e+00,346.8207,4.4235,4.4235,0.0000
65.340,100157.250000,299.1970,1.165202260017e+00,346.8204,4.4244,4.4244,0.0000
65.431,100156.242188,299.1964,1.165192723274e+00,346.8201,4.4254,4.4254,0.0000
65.521,100155.257812,299.1959,1.165183067322e+00,346.8198,4.4264,4.4264,0.0000
65.612,100154.195312,299.1953,1.165172934532e+00,346.8195,4.4273,4.4273,0.0000
65.702,100153.101562,299.1948,1.165162444115e+00,346.8192,4.4283,4.4283,0.0000
65.793,100152.148438,299.1942,1.165153384209e+00,346.8188,4.4293,4.4293,0.0000
65.884,100151.093750,299.1937,1.165143132210e+00,346.8185,4.4302,4.4302,0.0000
65.975,100150.085938,299.1932,1.165133595467e+00,346.8182,4.4312,4.4312,0.0000
66.067,100149.054688,299.1927,1.165123581886e+00,346.8179,4.4322,4.4322,0.0000
66.158,100147.992188,299.1921,1.165113210678e+00,346.8176,4.4332,4.4332,0.0000
66.249,100146.898438,299.1915,1.165102839470e+00,346.8173,4.4341,4.4341,0.0000
66.341,100145.890625,299.1910,1.165093302727e+00,346.8170,4.4351,4.4351,0.0000
66.433,100144.835938,299.1905,1.165083289146e+00,346.8167,4.4361,4.4361,0.0000
66.525,100143.828125,299.1899,1.165073513985e+00,346.8163,4.4370,4.4370,0.0000
66.617,100142.718750,299.1894,1.165062785149e+00,346.8160,4.4380,4.4380,0.0000
66.709,100141.695312,299.1888,1.165052890778e+00,346.8157,4.4390,4.4390,0.0000
66.801,100140.703125,299.1883,1.165043354034e+00,346.8154,4.4400,4.4400,0.0000
66.893,100139.578125,299.1877,1.165032386780e+00,346.8151,4.4410,4.4410,0.0000
66.986,100138.531250,299.1872,1.165022492409e+00,346.8148,4.4419,4.4419,0.0000
67.078,100137.484375,299.1866,1.165012359619e+00,346.8144,4.4429,4.4429,0.0000
67.171,100136.375000,299.1861,1.165001869202e+00,346.8141,4.4439,4.4439,0.0000
67.264,100135.335938,299.1855,1.164991736412e+00,346.8138,4.4449,4.4449,0.0000
67.357,100134.382812,299.1850,1.164982676506e+00,346.8135,4.4459,4.4459,0.0000
67.450,100133.242188,299.1844,1.164971709251e+00,346.8132,4.4468,4.4468,0.0000
67.543,100132.187500,299.1839,1.164961576462e+00,346.8128,4.4478,4.4478,0.0000
67.637,100131.093750,299.1833,1.164951086044e+00,346.8125,4.4488,4.4488,0.0000
67.730,100130.039062,299.1828,1.164940953255e+00,346.8122,4.4498,4.4498,0.0000
67.824,100128.976562,299.1822,1.164930820465e+00,346.8119,4.4508,4.4508,0.0000
67.918,100127.882812,299.1817,1.164920091629e+00,346.8116,4.4518,4.4518,0.0000
68.012,100126.835938,299.1811,1.164910197258e+00,346.8112,4.4528,4.4528,0.0000
68.106,100125.843750,299.1805,1.164900779724e+00,346.8109,4.4538,4.4538,0.0000
68.200,100124.687500,299.1800,1.164889454842e+00,346.8106,4.4547,4.4547,0.0000
68.294,100123.593750,299.1794,1.164878845215e+00,346.8103,4.4557,4.4557,0.0000
68.389,100122.539062,299.1789,1.164868831635e+00,346.8100,4.4567,4.4567,0.0000
68.483,100121.531250,299.1783,1.164859294891e+00,346.8097,4.4577,4.4577,0.0000
68.578,100120.390625,299.1777,1.164848327637e+00,346.8093,4.4587,4.4587,0.0000
68.673,100119.296875,299.1772,1.164837718010e+00,346.8090,4.4597,4.4597,0.0000
68.768,100118.195312,299.1766,1.164827227592e+00,346.8087,4.4607,4.4607,0.0000
68.863,100117.101562,299.1760,1.164816737175e+00,346.8083,4.4617,4.4617,0.0000
68.958,100115.992188,299.1755,1.164806008339e+00,346.8080,4.4627,4.4627,0.0000
69.053,100114.960938,299.1749,1.164795994759e+00,346.8077,4.4637,4.4637,0.0000
69.149,100113.843750,299.1744,1.164785265923e+00,346.8074,4.4647,4.4647,0.0000
69.244,100112.796875,299.1738,1.164775252342e+00,346.8070,4.4657,4.4657,0.0000
69.340,100111.695312,299.1732,1.164764761925e+00,346.8067,4.4667,4.4667,0.0000
69.436,100110.656250,299.1727,1.164754867554e+00,346.8064,4.4677,4.4677,0.0000
69.532,100109.570312,299.1721,1.164744019508e+00,346.8061,4.4687,4.4687,0.0000
69.628,100108.375000,299.1715,1.164732575417e+00,346.8058,4.4697,4.4697,0.0000
69.724,100107.328125,299.1710,1.164722561836e+00,346.8054,4.4707,4.4707,0.0000
69.821,100106.218750,299.1704,1.164711952209e+00,346.8051,4.4717,4.4717,0.0000
69.917,100105.109375,299.1698,1.164701461792e+00,346.8047,4.4727,4.4727,0.0000
70.014,100104.015625,299.1692,1.164690971375e+00,346.8044,4.4737,4.4737,0.0000
70.111,100102.914062,299.1686,1.164680480957e+00,346.8041,4.4747,4.4747,0.0000
70.208,100101.734375,299.1680,1.164668917656e+00,346.8037,4.4757,4.4757,0.0000
70.305,100100.664062,299.1674,1.164658904076e+00,346.8033,4.4767,4.4767,0.0000
70.402,100099.585938,299.1669,1.164648413658e+00,346.8031,4.4777,4.4777,0.0000
70.499,100098.531250,299.1664,1.164638161659e+00,346.8028,4.4787,4.4787,0.0000
70.597,100097.335938,299.1657,1.164626717567e+00,346.8025,4.4798,4.4798,0.0000
70.694,100096.234375,299.1652,1.164616227150e+00,346.8021,4.4808,4.4808,0.0000
70.792,100095.140625,299.1646,1.164605736732e+00,346.8017,4.4818,4.4818,0.0000
70.890,100094.039062,299.1640,1.164595127106e+00,346.8014,4.4828,4.4828,0.0000
70.988,100092.906250,299.1634,1.164584159851e+00,346.8011,4.4838,4.4838,0.0000
71.086,100091.742188,299.1628,1.164573192596e+00,346.8007,4.4848,4.4848,0.0000
71.184,100090.601562,299.1622,1.164562106133e+00,346.8004,4.4858,4.4858,0.0000
71.283,100089.546875,299.1617,1.164551973343e+00,346.8000,4.4869,4.4869,0.0000
71.381,100088.460938,299.1611,1.164541602135e+00,346.7997,4.4879,4.4879,0.0000
71.480,100087.328125,299.1605,1.164530277252e+00,346.7994,4.4889,4.4889,0.0000
71.579,100086.164062,299.1599,1.164519190788e+00,346.7991,4.4899,4.4899,0.0000
71.678,100085.031250,299.1593,1.164508581161e+00,346.7987,4.4909,4.4909,0.0000
71.777,100083.882812,299.1587,1.164497613907e+00,346.7984,4.4919,4.4919,0.0000
71.876,100082.789062,299.1581,1.164487004280e+00,346.7980,4.4930,4.4930,0.0000
71.976,100081.695312,299.1576,1.164476633072e+00,346.7977,4.4940,4.4940,0.0000
72.075,100080.539062,299.1570,1.164465546608e+00,346.7973,4.4950,4.4950,0.0000
72.175,100079.335938,299.1564,1.164453625679e+00,346.7970,4.4960,4.4960,0.0000
72.275,100078.250000,299.1558,1.164443254471e+00,346.7967,4.4971,4.4971,0.0000
72.375,100077.093750,299.1552,1.164432287216e+00,346.7963,4.4981,4.4981,0.0000
72.475,100075.937500,299.1546,1.164421319962e+00,346.7959,4.4991,4.4991,0.0000
72.575,100074.796875,299.1540,1.164410233498e+00,346.7956,4.5001,4.5001,0.0000
72.675,100073.726562,299.1534,1.164399981499e+00,346.7953,4.5012,4.5012,0.0000
72.776,100072.523438,299.1528,1.164388060570e+00,346.7950,4.5022,4.5022,0.0000
72.876,100071.421875,299.1523,1.164377570152e+00,346.7946,4.5032,4.5032,0.0000
72.977,100070.289062,299.1516,1.164366960526e+00,346.7942,4.5043,4.5043,0.0000
73.078,100069.031250,299.1510,1.164354920387e+00,346.7939,4.5053,4.5053,0.0000
73.179,100067.976562,299.1504,1.164344787598e+00,346.7935,4.5063,4.5063,0.0000
73.280,100066.796875,299.1498,1.164333462715e+00,346.7932,4.5073,4.5073,0.0000
73.381,100065.617188,299.1492,1.164322018623e+00,346.7929,4.5084,4.5084,0.0000
73.483,100064.453125,299.1486,1.164310693741e+00,346.7926,4.5094,4.5094,0.0000
73.585,100063.312500,299.1480,1.164299845695e+00,346.7922,4.5104,4.5104,0.0000
73.686,100062.179688,299.1474,1.164288997650e+00,346.7918,4.5115,4.5115,0.0000
73.788,100061.007812,299.1468,1.164277791977e+00,346.7915,4.5125,4.5125,0.0000
73.890,100059.867188,299.1462,1.164266943932e+00,346.7911,4.5136,4.5136,0.0000
73.992,100058.625000,299.1456,1.164254784584e+00,346.7908,4.5146,4.5146,0.0000
74.095,100057.523438,299.1450,1.164244174957e+00,346.7904,4.5156,4.5156,0.0000
74.197,100056.351562,299.1444,1.164232969284e+00,346.7901,4.5167,4.5167,0.0000
74.300,100055.203125,299.1438,1.164221882820e+00,346.7898,4.5177,4.5177,0.0000
74.402,100054.015625,299.1432,1.164210557938e+00,346.7894,4.5188,4.5188,0.0000
74.505,100052.828125,299.1425,1.164198994637e+00,346.7890,4.5198,4.5198,0.0000
74.608,100051.625000,299.1419,1.164187431335e+00,346.7887,4.5208,4.5208,0.0000
74.711,100050.523438,299.1414,1.164176940918e+00,346.7883,4.5219,4.5219,0.0000
74.815,100049.343750,299.1407,1.164165496826e+00,346.7880,4.5229,4.5229,0.0000
74.918,100048.109375,299.1401,1.164153456688e+00,346.7877,4.5240,4.5240,0.0000
75.022,100046.851562,299.1395,1.164141416550e+00,346.7873,4.5250,4.5250,0.0000
75.126,100045.750000,299.1389,1.164131045341e+00,346.7869,4.5261,4.5261,0.0000
75.229,100044.570312,299.1382,1.164119720459e+00,346.7866,4.5271,4.5271,0.0000
75.333,100043.351562,299.1377,1.164108037949e+00,346.7862,4.5282,4.5282,0.0000
75.438,100042.179688,299.1370,1.164096713066e+00,346.7858,4.5292,4.5292,0.0000
75.542,100041.015625,299.1364,1.164085745811e+00,346.7855,4.5303,4.5303,0.0000
75.646,100039.835938,299.1358,1.164074182510e+00,346.7851,4.5313,4.5313,0.0000
75.751,100038.648438,299.1352,1.164062857628e+00,346.7848,4.5324,4.5324,0.0000
75.856,100037.437500,299.1346,1.164051175117e+00,346.7844,4.5334,4.5334,0.0000
75.961,100036.203125,299.1339,1.164039492607e+00,346.7840,4.5345,4.5345,0.0000
76.066,100035.062500,299.1333,1.164028286934e+00,346.7837,4.5355,4.5355,0.0000
76.171,100033.820312,299.1327,1.164016366005e+00,346.7833,4.5366,4.5366,0.0000
76.276,100032.625000,299.1321,1.164004802704e+00,346.7830,4.5376,4.5376,0.0000
76.382,100031.492188,299.1314,1.163994073868e+00,346.7826,4.5387,4.5387,0.0000
76.487,100030.250000,299.1308,1.163982272148e+00,346.7822,4.5398,4.5398,0.0000
76.593,100029.007812,299.1302,1.163969993591e+00,346.7819,4.5408,4.5408,0.0000
76.699,100027.820312,299.1295,1.163958907127e+00,346.7815,4.5419,4.5419,0.0000
76.805,100026.578125,299.1289,1.163946866989e+00,346.7811,4.5429,4.5429,0.0000
76.911,100025.375000,299.1283,1.163935303688e+00,346.7808,4.5440,4.5440,0.0000
77.017,100024.187500,299.1277,1.163923978806e+00,346.7804,4.5451,4.5451,0.0000
77.124,100022.960938,299.1270,1.163911938667e+00,346.7800,4.5461,4.5461,0.0000
77.230,100021.750000,299.1264,1.163900494576e+00,346.7797,4.5472,4.5472,0.0000
77.337,100020.523438,299.1258,1.163888573647e+00,346.7793,4.5483,4.5483,0.0000
77.444,100019.343750,299.1251,1.163877248764e+00,346.7790,4.5493,4.5493,0.0000
77.551,100018.078125,299.1245,1.163865208626e+00,346.7786,4.5504,4.5504,0.0000
77.659,100016.859375,299.1238,1.163853406906e+00,346.7782,4.5515,4.5515,0.0000
77.766,100015.718750,299.1232,1.163842320442e+00,346.7779,4.5525,4.5525,0.0000
77.873,100014.421875,299.1226,1.163829922676e+00,346.7775,4.5536,4.5536,0.0000
77.981,100013.273438,299.1220,1.163818955421e+00,346.7772,4.5547,4.5547,0.0000
78.089,100011.992188,299.1213,1.163806438446e+00,346.7768,4.5557,4.5557,0.0000
78.197,100010.757812,299.1207,1.163794636726e+00,346.7764,4.5568,4.5568,0.0000
78.305,100009.515625,299.1200,1.163782715797e+00,346.7760,4.5579,4.5579,0.0000
78.413,100008.273438,299.1194,1.163770794868e+00,346.7756,4.5590,4.5590,0.0000
78.522,100007.078125,299.1187,1.163759350777e+00,346.7753,4.5600,4.5600,0.0000
78.630,100005.882812,299.1181,1.163748025894e+00,346.7749,4.5611,4.5611,0.0000
78.739,100004.601562,299.1174,1.163735628128e+00,346.7745,4.5622,4.5622,0.0000
78.848,100003.414062,299.1168,1.163724184036e+00,346.7742,4.5633,4.5633,0.0000
78.957,100002.054688,299.1161,1.163711071014e+00,346.7738,4.5643,4.5643,0.0000
79.066,100000.781250,299.1155,1.163698792458e+00,346.7735,4.5654,4.5654,0.0000
79.175,99999.695312,299.1149,1.163688421249e+00,346.7731,4.5665,4.5665,0.0000
79.285,99998.445312,299.1142,1.163676500320e+00,346.7727,4.5676,4.5676,0.0000
79.394,99997.101562,299.1136,1.163663506508e+00,346.7723,4.5686,4.5686,0.0000
79.504,99995.851562,299.1129,1.163651704788e+00,346.7719,4.5697,4.5697,0.0000
79.614,99994.625000,299.1123,1.163639783859e+00,346.7716,4.5708,4.5708,0.0000
79.724,99993.390625,299.1116,1.163627862930e+00,346.7712,4.5719,4.5719,0.0000
79.834,99992.039062,299.1109,1.163614869118e+00,346.7708,4.5730,4.5730,0.0000
79.945,99990.843750,299.1103,1.163603544235e+00,346.7704,4.5741,4.5741,0.0000
80.055,99989.578125,299.1096,1.163591027260e+00,346.7700,4.5751,4.5751,0.0000
80.166,99988.367188,299.1090,1.163579702377e+00,346.7697,4.5762,4.5762,0.0000
80.277,99987.085938,299.1083,1.163567304611e+00,346.7693,4.5773,4.5773,0.0000
80.388,99985.804688,299.1077,1.163554906845e+00,346.7689,4.5784,4.5784,0.0000
80.499,99984.507812,299.1070,1.163542389870e+00,346.7685,4.5795,4.5795,0.0000
80.610,99983.242188,299.1063,1.163530468941e+00,346.7682,4.5806,4.5806,0.0000
80.722,99981.945312,299.1057,1.163517713547e+00,346.7678,4.5817,4.5817,0.0000
80.833,99980.765625,299.1050,1.163506507874e+00,346.7674,4.5828,4.5828,0.0000
80.945,99979.468750,299.1043,1.163494229317e+00,346.7670,4.5839,4.5839,0.0000
81.057,99978.210938,299.1037,1.163482069969e+00,346.7666,4.5850,4.5850,0.0000
81.169,99976.882812,299.1030,1.163469314575e+00,346.7662,4.5860,4.5860,0.0000
81.281,99975.648438,299.1024,1.163457155228e+00,346.7659,4.5871,4.5871,0.0000
81.394,99974.367188,299.1017,1.163445115089e+00,346.7655,4.5882,4.5882,0.0000
81.506,99973.078125,299.1010,1.163432717323e+00,346.7651,4.5893,4.5893,0.0000
81.619,99971.742188,299.1004,1.163419604301e+00,346.7647,4.5904,4.5904,0.0000
81.732,99970.460938,299.0997,1.163407444954e+00,346.7643,4.5915,4.5915,0.0000
81.845,99969.203125,299.0990,1.163395404816e+00,346.7639,4.5926,4.5926,0.0000
81.958,99967.937500,299.0984,1.163383126259e+00,346.7636,4.5937,4.5937,0.0000
82.071,99966.640625,299.0977,1.163370609283e+00,346.7632,4.5948,4.5948,0.0000
82.185,99965.414062,299.0970,1.163358807564e+00,346.7628,4.5959,4.5959,0.0000
82.298,99964.062500,299.0963,1.163345932961e+00,346.7624,4.5970,4.5970,0.0000
82.412,99962.742188,299.0956,1.163333177567e+00,346.7620,4.5981,4.5981,0.0000
82.526,99961.445312,299.0950,1.163320779800e+00,346.7617,4.5992,4.5992,0.0000
82.640,99960.109375,299.0943,1.163308024406e+00,346.7612,4.6003,4.6003,0.0000
82.755,99958.828125,299.0936,1.163295507431e+00,346.7608,4.6015,4.6015,0.0000
82.869,99957.546875,299.0930,1.163283348083e+00,346.7604,4.6026,4.6026,0.0000
82.984,99956.195312,299.0923,1.163270473480e+00,346.7600,4.6037,4.6037,0.0000
83.098,99954.968750,299.0916,1.163258552551e+00,346.7596,4.6048,4.6048,0.0000
83.213,99953.617188,299.0909,1.163245797157e+00,346.7592,4.6059,4.6059,0.0000
83.328,99952.335938,299.0902,1.163233160973e+00,346.7589,4.6070,4.6070,0.0000
83.443,99951.054688,299.0895,1.163221001625e+00,346.7585,4.6081,4.6081,0.0000
83.559,99949.710938,299.0889,1.163208007812e+00,346.7581,4.6092,4.6092,0.0000
83.674,99948.375000,299.0882,1.163195252419e+00,346.7577,4.6103,4.6103,0.0000
83.790,99947.046875,299.0875,1.163182258606e+00,346.7573,4.6114,4.6114,0.0000
83.906,99945.765625,299.0868,1.163170099258e+00,346.7569,4.6126,4.6126,0.0000
84.022,99944.382812,299.0861,1.163156747818e+00,346.7565,4.6137,4.6137,0.0000
84.138,99943.093750,299.0854,1.163144350052e+00,346.7561,4.6148,4.6148,0.0000
84.254,99941.718750,299.0847,1.163130998611e+00,346.7557,4.6159,4.6159,0.0000
84.371,99940.476562,299.0840,1.163119196892e+00,346.7553,4.6170,4.6170,0.0000
84.488,99939.093750,299.0833,1.163105845451e+00,346.7549,4.6181,4.6181,0.0000
84.604,99937.804688,299.0827,1.163093447685e+00,346.7545,4.6193,4.6193,0.0000
84.721,99936.429688,299.0819,1.163080334663e+00,346.7541,4.6204,4.6204,0.0000
84.838,99935.093750,299.0813,1.163067460060e+00,346.7537,4.6215,4.6215,0.0000
84.956,99933.765625,299.0806,1.163054585457e+00,346.7533,4.6226,4.6226,0.0000
85.073,99932.468750,299.0799,1.163042306900e+00,346.7529,4.6237,4.6237,0.0000
85.191,99931.132812,299.0792,1.163029313087e+00,346.7525,4.6249,4.6249,0.0000
85.309,99929.765625,299.0785,1.163016200066e+00,346.7521,4.6260,4.6260,0.0000
85.427,99928.421875,299.0778,1.163003444672e+00,346.7517,4.6271,4.6271,0.0000
85.545,99927.085938,299.0771,1.162990450859e+00,346.7513,4.6282,4.6282,0.0000
85.663,99925.703125,299.0764,1.162977099419e+00,346.7509,4.6294,4.6294,0.0000
85.781,99924.382812,299.0757,1.162964463234e+00,346.7505,4.6305,4.6305,0.0000
85.900,99923.023438,299.0750,1.162951469421e+00,346.7501,4.6316,4.6316,0.0000
86.019,99921.695312,299.0743,1.162938833237e+00,346.7497,4.6327,4.6327,0.0000
86.138,99920.367188,299.0736,1.162925958633e+00,346.7492,4.6339,4.6339,0.0000
86.257,99918.937500,299.0728,1.162912130356e+00,346.7488,4.6350,4.6350,0.0000
86.376,99917.609375,299.0722,1.162899374962e+00,346.7485,4.6361,4.6361,0.0000
86.496,99916.265625,299.0715,1.162886261940e+00,346.7480,4.6373,4.6373,0.0000
86.615,99914.843750,299.0707,1.162872672081e+00,346.7476,4.6384,4.6384,0.0000
86.735,99913.515625,299.0700,1.162860035896e+00,346.7472,4.6395,4.6395,0.0000
86.855,99912.187500,299.0693,1.162847280502e+00,346.7469,4.6407,4.6407,0.0000
86.975,99910.796875,299.0686,1.162833929062e+00,346.7464,4.6418,4.6418,0.0000
87.095,99909.406250,299.0679,1.162820458412e+00,346.7460,4.6429,4.6429,0.0000
87.216,99908.078125,299.0672,1.162807703018e+00,346.7456,4.6441,4.6441,0.0000
87.336,99906.640625,299.0664,1.162793993950e+00,346.7451,4.6452,4.6452,0.0000
87.457,99905.304688,299.0658,1.162781119347e+00,346.7448,4.6464,4.6464,0.0000
87.578,99903.984375,299.0650,1.162768363953e+00,346.7444,4.6475,4.6475,0.0000
87.699,99902.554688,299.0643,1.162754535675e+00,346.7439,4.6486,4.6486,0.0000
87.820,99901.187500,299.0636,1.162741541862e+00,346.7435,4.6498,4.6498,0.0000
87.942,99899.835938,299.0629,1.162728548050e+00,346.7431,4.6509,4.6509,0.0000
88.063,99898.453125,299.0622,1.162715315819e+00,346.7427,4.6521,4.6521,0.0000
88.185,99897.015625,299.0614,1.162701487541e+00,346.7422,4.6532,4.6532,0.0000
88.307,99895.695312,299.0607,1.162688612938e+00,346.7419,4.6544,4.6544,0.0000
88.429,99894.265625,299.0600,1.162674903870e+00,346.7414,4.6555,4.6555,0.0000
88.551,99892.945312,299.0593,1.162662148476e+00,346.7411,4.6567,4.6567,0.0000
88.674,99891.492188,299.0585,1.162648439407e+00,346.7406,4.6578,4.6578,0.0000
88.796,99890.078125,299.0578,1.162634730339e+00,346.7402,4.6589,4.6589,0.0000
88.919,99888.648438,299.0571,1.162620902061e+00,346.7397,4.6601,4.6601,0.0000
89.042,99887.250000,299.0564,1.162607550621e+00,346.7393,4.6612,4.6612,0.0000
89.165,99885.828125,299.0556,1.162593841553e+00,346.7389,4.6624,4.6624,0.0000
89.288,99884.492188,299.0549,1.162581086159e+00,346.7385,4.6635,4.6635,0.0000
89.412,99883.070312,299.0541,1.162567496300e+00,346.7381,4.6647,4.6647,0.0000
89.535,99881.695312,299.0534,1.162554025650e+00,346.7376,4.6659,4.6659,0.0000
89.659,99880.218750,299.0527,1.162539839745e+00,346.7372,4.6670,4.6670,0.0000
89.783,99878.875000,299.0520,1.162526965141e+00,346.7368,4.6682,4.6682,0.0000
89.907,99877.453125,299.0512,1.162513256073e+00,346.7364,4.6693,4.6693,0.0000
90.032,99876.015625,299.0505,1.162499547005e+00,346.7359,4.6705,4.6705,0.0000
90.156,99874.632812,299.0498,1.162486314774e+00,346.7356,4.6716,4.6716,0.0000
90.281,99873.203125,299.0490,1.162472605705e+00,346.7351,4.6728,4.6728,0.0000
90.406,99871.742188,299.0483,1.162458419800e+00,346.7347,4.6740,4.6740,0.0000
90.531,99870.406250,299.0475,1.162445664406e+00,346.7343,4.6751,4.6751,0.0000
90.656,99868.882812,299.0468,1.162430882454e+00,346.7338,4.6763,4.6763,0.0000
90.781,99867.437500,299.0460,1.162417173386e+00,346.7333,4.6774,4.6774,0.0000
90.907,99866.062500,299.0453,1.162403583527e+00,346.7330,4.6786,4.6786,0.0000
91.032,99864.640625,299.0446,1.162389993668e+00,346.7325,4.6798,4.6798,0.0000
91.158,99863.171875,299.0438,1.162375926971e+00,346.7321,4.6809,4.6809,0.0000
91.284,99861.781250,299.0431,1.162362575531e+00,346.7317,4.6821,4.6821,0.0000
91.411,99860.351562,299.0423,1.162349104881e+00,346.7313,4.6833,4.6833,0.0000
91.537,99858.875000,299.0416,1.162334799767e+00,346.7308,4.6844,4.6844,0.0000
91.663,99857.445312,299.0408,1.162321090698e+00,346.7303,4.6856,4.6856,0.0000
91.790,99856.007812,299.0401,1.162307262421e+00,346.7299,4.6868,4.6868,0.0000
91.917,99854.554688,299.0393,1.162293195724e+00,346.7295,4.6879,4.6879,0.0000
92.044,99853.164062,299.0385,1.162279963493e+00,346.7291,4.6891,4.6891,0.0000
92.171,99851.734375,299.0378,1.162266016006e+00,346.7286,4.6903,4.6903,0.0000
92.299,99850.210938,299.0370,1.162251353264e+00,346.7282,4.6914,4.6914,0.0000
92.427,99848.726562,299.0363,1.162237167358e+00,346.7278,4.6926,4.6926,0.0000
92.554,99847.250000,299.0355,1.162222862244e+00,346.7273,4.6938,4.6938,0.0000
92.682,99845.882812,299.0348,1.162209868431e+00,346.7269,4.6950,4.6950,0.0000
92.810,99844.406250,299.0340,1.162195324898e+00,346.7265,4.6961,4.6961,0.0000
92.939,99843.039062,299.0333,1.162182331085e+00,346.7261,4.6973,4.6973,0.0000
93.067,99841.500000,299.0325,1.162167787552e+00,346.7256,4.6985,4.6985,0.0000
93.196,99839.968750,299.0317,1.162152886391e+00,346.7252,4.6997,4.6997,0.0000
93.325,99838.500000,299.0309,1.162138700485e+00,346.7247,4.7008,4.7008,0.0000
93.454,99837.062500,299.0302,1.162124633789e+00,346.7243,4.7020,4.7020,0.0000
93.583,99835.593750,299.0294,1.162110686302e+00,346.7238,4.7032,4.7032,0.0000
93.712,99834.156250,299.0287,1.162097096443e+00,346.7234,4.7044,4.7044,0.0000
93.842,99832.695312,299.0279,1.162082910538e+00,346.7229,4.7056,4.7056,0.0000
93.972,99831.210938,299.0272,1.162068605423e+00,346.7225,4.7068,4.7068,0.0000
94.102,99829.687500,299.0264,1.162054061890e+00,346.7220,4.7079,4.7079,0.0000
94.232,99828.265625,299.0256,1.162040233612e+00,346.7216,4.7091,4.7091,0.0000
94.362,99826.789062,299.0249,1.162026166916e+00,346.7212,4.7103,4.7103,0.0000
94.493,99825.265625,299.0240,1.162011504173e+00,346.7207,4.7115,4.7115,0.0000
94.623,99823.742188,299.0233,1.161996722221e+00,346.7203,4.7127,4.7127,0.0000
94.754,99822.312500,299.0225,1.161983251572e+00,346.7198,4.7139,4.7139,0.0000
94.885,99820.796875,299.0217,1.161968469620e+00,346.7194,4.7151,4.7151,0.0000
95.016,99819.273438,299.0210,1.161953806877e+00,346.7190,4.7162,4.7162,0.0000
95.148,99817.882812,299.0202,1.161940693855e+00,346.7185,4.7174,4.7174,0.0000
95.279,99816.320312,299.0194,1.161925554276e+00,346.7180,4.7186,4.7186,0.0000
95.411,99814.835938,299.0186,1.161911129951e+00,346.7176,4.7198,4.7198,0.0000
95.543,99813.320312,299.0178,1.161896824837e+00,346.7171,4.7210,4.7210,0.0000
95.675,99811.796875,299.0171,1.161881923676e+00,346.7167,4.7222,4.7222,0.0000
95.807,99810.351562,299.0163,1.161868095398e+00,346.7162,4.7234,4.7234,0.0000
95.940,99808.835938,299.0155,1.161853432655e+00,346.7158,4.7246,4.7246,0.0000
96.072,99807.281250,299.0147,1.161838412285e+00,346.7153,4.7258,4.7258,0.0000
96.205,99805.796875,299.0139,1.161824226379e+00,346.7149,4.7270,4.7270,0.0000
96.338,99804.328125,299.0131,1.161810278893e+00,346.7144,4.7282,4.7282,0.0000
96.471,99802.757812,299.0124,1.161794900894e+00,346.7140,4.7294,4.7294,0.0000
96.605,99801.234375,299.0115,1.161780476570e+00,346.7135,4.7306,4.7306,0.0000
96.738,99799.757812,299.0108,1.161766052246e+00,346.7131,4.7318,4.7318,0.0000
96.872,99798.273438,299.0100,1.161752104759e+00,346.7126,4.7330,4.7330,0.0000
97.006,99796.617188,299.0092,1.161735892296e+00,346.7121,4.7342,4.7342,0.0000
97.140,99795.156250,299.0084,1.161721706390e+00,346.7117,4.7354,4.7354,0.0000
97.274,99793.664062,299.0076,1.161707639694e+00,346.7112,4.7366,4.7366,0.0000
97.409,99792.132812,299.0068,1.161692976952e+00,346.7107,4.7378,4.7378,0.0000
97.544,99790.570312,299.0060,1.161677837372e+00,346.7103,4.7390,4.7390,0.0000
97.678,99789.046875,299.0052,1.161663293839e+00,346.7098,4.7402,4.7402,0.0000
97.814,99787.523438,299.0044,1.161648631096e+00,346.7094,4.7414,4.7414,0.0000
97.949,99785.953125,299.0036,1.161633491516e+00,346.7089,4.7426,4.7426,0.0000
98.084,99784.437500,299.0028,1.161618828773e+00,346.7085,4.7438,4.7438,0.0000
98.220,99782.867188,299.0020,1.161603689194e+00,346.7080,4.7451,4.7451,0.0000
98.356,99781.398438,299.0012,1.161589741707e+00,346.7076,4.7463,4.7463,0.0000
98.492,99779.773438,299.0004,1.161574006081e+00,346.7070,4.7475,4.7475,0.0000
98.628,99778.203125,298.9995,1.161558747292e+00,346.7066,4.7487,4.7487,0.0000
98.764,99776.773438,298.9988,1.161545395851e+00,346.7061,4.7499,4.7499,0.0000
98.901,99775.117188,298.9980,1.161529064178e+00,346.7057,4.7511,4.7511,0.0000
99.037,99773.578125,298.9972,1.161514282227e+00,346.7052,4.7523,4.7523,0.0000
99.174,99772.054688,298.9963,1.161499738693e+00,346.7047,4.7535,4.7535,0.0000
99.312,99770.546875,298.9955,1.161485433578e+00,346.7043,4.7548,4.7548,0.0000
99.449,99768.929688,298.9947,1.161469697952e+00,346.7038,4.7560,4.7560,0.0000
99.586,99767.359375,298.9939,1.161454558372e+00,346.7033,4.7572,4.7572,0.0000
99.724,99765.789062,298.9931,1.161439418793e+00,346.7029,4.7584,4.7584,0.0000
99.862,99764.218750,298.9923,1.161424398422e+00,346.7024,4.7596,4.7596,0.0000
100.000,99762.632812,298.9915,1.161409258842e+00,346.7019,4.7609,4.7609,0.0000
100.138,99761.132812,298.9906,1.161394715309e+00,346.7014,4.7621,4.7621,0.0000
100.277,99759.507812,298.9898,1.161379098892e+00,346.7010,4.7633,4.7633,0.0000
100.415,99757.937500,298.9890,1.161363959312e+00,346.7005,4.7645,4.7645,0.0000
100.554,99756.367188,298.9882,1.161348938942e+00,346.7000,4.7657,4.7657,0.0000
100.693,99754.742188,298.9873,1.161333203316e+00,346.6996,4.7670,4.7670,0.0000
100.832,99753.171875,298.9865,1.161318302155e+00,346.6990,4.7682,4.7682,0.0000
100.972,99751.609375,298.9857,1.161303162575e+00,346.6986,4.7694,4.7694,0.0000
101.111,99750.031250,298.9849,1.161288022995e+00,346.6981,4.7707,4.7707,0.0000
101.251,99748.421875,298.9840,1.161272406578e+00,346.6976,4.7719,4.7719,0.0000
101.391,99746.804688,298.9832,1.161256790161e+00,346.6971,4.7731,4.7731,0.0000
101.531,99745.226562,298.9824,1.161241769791e+00,346.6967,4.7743,4.7743,0.0000
101.672,99743.625000,298.9815,1.161226391792e+00,346.6962,4.7756,4.7756,0.0000
101.812,99742.046875,298.9807,1.161211252213e+00,346.6957,4.7768,4.7768,0.0000
101.953,99740.429688,298.9799,1.161195635796e+00,346.6952,4.7780,4.7780,0.0000
102.094,99738.898438,298.9791,1.161180853844e+00,346.6948,4.7793,4.7793,0.0000
102.235,99737.257812,298.9782,1.161164999008e+00,346.6943,4.7805,4.7805,0.0000
102.377,99735.679688,298.9774,1.161149859428e+00,346.6938,4.7817,4.7817,0.0000
102.518,99733.953125,298.9765,1.161133170128e+00,346.6933,4.7830,4.7830,0.0000
102.660,99732.390625,298.9757,1.161118268967e+00,346.6928,4.7842,4.7842,0.0000
102.802,99730.820312,298.9749,1.161103248596e+00,346.6923,4.7855,4.7855,0.0000
102.944,99729.164062,298.9740,1.161087393761e+00,346.6918,4.7867,4.7867,0.0000
103.086,99727.593750,298.9732,1.161071896553e+00,346.6913,4.7879,4.7879,0.0000
103.229,99725.984375,298.9723,1.161056637764e+00,346.6909,4.7892,4.7892,0.0000
103.372,99724.312500,298.9715,1.161040544510e+00,346.6904,4.7904,4.7904,0.0000
103.515,99722.679688,298.9706,1.161024808884e+00,346.6899,4.7917,4.7917,0.0000
103.658,99721.078125,298.9698,1.161009311676e+00,346.6894,4.7929,4.7929,0.0000
103.801,99719.453125,298.9690,1.160993695259e+00,346.6889,4.7941,4.7941,0.0000
103.945,99717.890625,298.9681,1.160978794098e+00,346.6885,4.7954,4.7954,0.0000
104.088,99716.179688,298.9673,1.160962104797e+00,346.6880,4.7966,4.7966,0.0000
104.232,99714.609375,298.9664,1.160947322845e+00,346.6875,4.7979,4.7979,0.0000
104.376,99712.843750,298.9655,1.160930395126e+00,346.6869,4.7991,4.7991,0.0000
104.521,99711.296875,298.9647,1.160915255547e+00,346.6865,4.8004,4.8004,0.0000
104.665,99709.632812,298.9638,1.160899281502e+00,346.6860,4.8016,4.8016,0.0000
104.810,99707.992188,298.9630,1.160883545876e+00,346.6855,4.8029,4.8029,0.0000
104.955,99706.375000,298.9621,1.160867929459e+00,346.6850,4.8041,4.8041,0.0000
105.100,99704.718750,298.9612,1.160852193832e+00,346.6844,4.8054,4.8054,0.0000
105.245,99703.062500,298.9604,1.160836100578e+00,346.6840,4.8066,4.8066,0.0000
105.391,99701.343750,298.9595,1.160819530487e+00,346.6835,4.8079,4.8079,0.0000
105.536,99699.773438,298.9587,1.160804510117e+00,346.6830,4.8091,4.8091,0.0000
105.682,99698.054688,298.9578,1.160787820816e+00,346.6826,4.8104,4.8104,0.0000
105.828,99696.406250,298.9569,1.160772085190e+00,346.6820,4.8116,4.8116,0.0000
105.975,99694.789062,298.9561,1.160756587982e+00,346.6815,4.8129,4.8129,0.0000
106.121,99693.179688,298.9552,1.160740971565e+00,346.6810,4.8142,4.8142,0.0000
106.268,99691.359375,298.9543,1.160723328590e+00,346.6805,4.8154,4.8154,0.0000
106.415,99689.742188,298.9535,1.160708069801e+00,346.6800,4.8167,4.8167,0.0000
106.562,99688.039062,298.9526,1.160691499710e+00,346.6795,4.8179,4.8179,0.0000
106.709,99686.406250,298.9518,1.160675764084e+00,346.6790,4.8192,4.8192,0.0000
106.857,99684.710938,298.9509,1.160659551620e+00,346.6785,4.8204,4.8204,0.0000
107.005,99683.039062,298.9500,1.160643458366e+00,346.6780,4.8217,4.8217,0.0000
107.153,99681.429688,298.9491,1.160627961159e+00,346.6775,4.8230,4.8230,0.0000
107.301,99679.718750,298.9482,1.160611391068e+00,346.6770,4.8242,4.8242,0.0000
107.449,99677.960938,298.9474,1.160594463348e+00,346.6765,4.8255,4.8255,0.0000
107.598,99676.343750,298.9465,1.160578966141e+00,346.6760,4.8268,4.8268,0.0000
107.747,99674.585938,298.9456,1.160562038422e+00,346.6755,4.8280,4.8280,0.0000
107.895,99672.914062,298.9447,1.160546064377e+00,346.6750,4.8293,4.8293,0.0000
108.045,99671.289062,298.9438,1.160530567169e+00,346.6745,4.8306,4.8306,0.0000
108.194,99669.539062,298.9429,1.160513758659e+00,346.6739,4.8318,4.8318,0.0000
108.344,99667.789062,298.9420,1.160496592522e+00,346.6734,4.8331,4.8331,0.0000
108.493,99666.171875,298.9412,1.160481333733e+00,346.6729,4.8344,4.8344,0.0000
108.643,99664.414062,298.9403,1.160464167595e+00,346.6724,4.8356,4.8356,0.0000
108.794,99662.750000,298.9394,1.160448312759e+00,346.6719,4.8369,4.8369,0.0000
108.944,99661.031250,298.9385,1.160431623459e+00,346.6714,4.8382,4.8382,0.0000
109.095,99659.320312,298.9376,1.160415410995e+00,346.6708,4.8395,4.8395,0.0000
109.246,99657.617188,298.9367,1.160398840904e+00,346.6703,4.8407,4.8407,0.0000
109.397,99655.914062,298.9358,1.160382509232e+00,346.6699,4.8420,4.8420,0.0000
109.548,99654.187500,298.9349,1.160366058350e+00,346.6693,4.8433,4.8433,0.0000
109.699,99652.484375,298.9340,1.160349607468e+00,346.6688,4.8446,4.8446,0.0000
109.851,99650.718750,298.9331,1.160332679749e+00,346.6683,4.8459,4.8459,0.0000
110.003,99648.960938,298.9323,1.160315513611e+00,346.6678,4.8471,4.8471,0.0000
110.155,99647.304688,298.9313,1.160299897194e+00,346.6673,4.8484,4.8484,0.0000
110.307,99645.546875,298.9304,1.160282850266e+00,346.6667,4.8497,4.8497,0.0000
110.460,99643.835938,298.9295,1.160266399384e+00,346.6662,4.8510,4.8510,0.0000
110.613,99642.117188,298.9286,1.160249829292e+00,346.6656,4.8523,4.8523,0.0000
110.765,99640.328125,298.9277,1.160232663155e+00,346.6651,4.8535,4.8535,0.0000
110.919,99638.562500,298.9268,1.160215497017e+00,346.6646,4.8548,4.8548,0.0000
111.072,99636.851562,298.9259,1.160199165344e+00,346.6641,4.8561,4.8561,0.0000
111.226,99635.140625,298.9250,1.160182595253e+00,346.6636,4.8574,4.8574,0.0000
111.379,99633.390625,298.9241,1.160165667534e+00,346.6631,4.8587,4.8587,0.0000
111.533,99631.625000,298.9232,1.160148739815e+00,346.6626,4.8600,4.8600,0.0000
111.688,99629.875000,298.9223,1.160131931305e+00,346.6620,4.8613,4.8613,0.0000
111.842,99628.156250,298.9213,1.160115599632e+00,346.6615,4.8625,4.8625,0.0000
111.997,99626.359375,298.9204,1.160098075867e+00,346.6610,4.8638,4.8638,0.0000
112.151,99624.593750,298.9195,1.160081267357e+00,346.6604,4.8651,4.8651,0.0000
112.307,99622.835938,298.9186,1.160064220428e+00,346.6599,4.8664,4.8664,0.0000
112.462,99621.125000,298.9177,1.160047769547e+00,346.6594,4.8677,4.8677,0.0000
112.617,99619.273438,298.9167,1.160029888153e+00,346.6588,4.8690,4.8690,0.0000
112.773,99617.515625,298.9158,1.160013079643e+00,346.6583,4.8703,4.8703,0.0000
112.929,99615.757812,298.9149,1.159996032715e+00,346.6577,4.8716,4.8716,0.0000
113.085,99614.000000,298.9140,1.159979462624e+00,346.6572,4.8729,4.8729,0.0000
113.241,99612.195312,298.9131,1.159961700439e+00,346.6567,4.8742,4.8742,0.0000
113.398,99610.437500,298.9122,1.159944772720e+00,346.6562,4.8755,4.8755,0.0000
113.555,99608.625000,298.9112,1.159927368164e+00,346.6556,4.8768,4.8768,0.0000
113.712,99606.867188,298.9102,1.159910798073e+00,346.6550,4.8781,4.8781,0.0000
113.869,99605.125000,298.9094,1.159893631935e+00,346.6546,4.8794,4.8794,0.0000
114.026,99603.367188,298.9084,1.159876942635e+00,346.6541,4.8807,4.8807,0.0000
114.184,99601.554688,298.9075,1.159859418869e+00,346.6535,4.8820,4.8820,0.0000
114.342,99599.703125,298.9066,1.159841537476e+00,346.6530,4.8833,4.8833,0.0000
114.500,99597.960938,298.9056,1.159824728966e+00,346.6525,4.8846,4.8846,0.0000
114.658,99596.140625,298.9047,1.159807443619e+00,346.6519,4.8859,4.8859,0.0000
114.817,99594.296875,298.9037,1.159789443016e+00,346.6514,4.8872,4.8872,0.0000
114.976,99592.578125,298.9028,1.159773111343e+00,346.6508,4.8885,4.8885,0.0000
115.135,99590.734375,298.9019,1.159755349159e+00,346.6503,4.8898,4.8898,0.0000
115.294,99588.937500,298.9009,1.159737825394e+00,346.6497,4.8911,4.8911,0.0000
115.453,99587.164062,298.9000,1.159721136093e+00,346.6492,4.8924,4.8924,0.0000
115.613,99585.312500,298.8991,1.159703016281e+00,346.6486,4.8937,4.8937,0.0000
115.773,99583.507812,298.8981,1.159685850143e+00,346.6481,4.8950,4.8950,0.0000
115.933,99581.710938,298.8972,1.159668445587e+00,346.6475,4.8964,4.8964,0.0000
116.093,99579.859375,298.8962,1.159650683403e+00,346.6470,4.8977,4.8977,0.0000
116.254,99578.046875,298.8953,1.159633278847e+00,346.6464,4.8990,4.8990,0.0000
116.414,99576.203125,298.8943,1.159615397453e+00,346.6459,4.9003,4.9003,0.0000
116.575,99574.343750,298.8934,1.159597516060e+00,346.6454,4.9016,4.9016,0.0000
116.737,99572.523438,298.8924,1.159580230713e+00,346.6447,4.9029,4.9029,0.0000
116.898,99570.742188,298.8915,1.159562706947e+00,346.6443,4.9042,4.9042,0.0000
117.060,99568.882812,298.8905,1.159544944763e+00,346.6437,4.9056,4.9056,0.0000
117.221,99567.046875,298.8895,1.159527301788e+00,346.6432,4.9069,4.9069,0.0000
117.383,99565.234375,298.8886,1.159509897232e+00,346.6425,4.9082,4.9082,0.0000
117.546,99563.343750,298.8876,1.159491419792e+00,346.6421,4.9095,4.9095,0.0000
117.708,99561.515625,298.8867,1.159474253654e+00,346.6414,4.9108,4.9108,0.0000
117.871,99559.718750,298.8857,1.159456849098e+00,346.6409,4.9122,4.9122,0.0000
118.034,99557.812500,298.8847,1.159438490868e+00,346.6404,4.9135,4.9135,0.0000
118.197,99555.929688,298.8837,1.159420371056e+00,346.6398,4.9148,4.9148,0.0000
118.361,99554.070312,298.8828,1.159402489662e+00,346.6392,4.9161,4.9161,0.0000
118.524,99552.312500,298.8818,1.159385561943e+00,346.6387,4.9174,4.9174,0.0000
118.688,99550.414062,298.8809,1.159367203712e+00,346.6381,4.9188,4.9188,0.0000
118.852,99548.531250,298.8799,1.159348964691e+00,346.6376,4.9201,4.9201,0.0000
119.017,99546.710938,298.8789,1.159331798553e+00,346.6370,4.9214,4.9214,0.0000
119.181,99544.828125,298.8780,1.159313440323e+00,346.6365,4.9228,4.9228,0.0000
119.346,99542.921875,298.8770,1.159295082092e+00,346.6359,4.9241,4.9241,0.0000
119.511,99541.070312,298.8760,1.159277319908e+00,346.6353,4.9254,4.9254,0.0000
119.676,99539.210938,298.8750,1.159259557724e+00,346.6348,4.9267,4.9267,0.0000
119.842,99537.320312,298.8741,1.159241199493e+00,346.6342,4.9281,4.9281,0.0000
120.007,99535.460938,298.8731,1.159223437309e+00,346.6337,4.9294,4.9294,0.0000
120.173,99533.578125,298.8721,1.159205198288e+00,346.6331,4.9307,4.9307,0.0000
120.339,99531.671875,298.8711,1.159186959267e+00,346.6325,4.9321,4.9321,0.0000
120.506,99529.757812,298.8701,1.159168481827e+00,346.6319,4.9334,4.9334,0.0000
120.672,99527.875000,298.8691,1.159150362015e+00,346.6313,4.9347,4.9347,0.0000
120.839,99526.015625,298.8682,1.159132480621e+00,346.6308,4.9361,4.9361,0.0000
121.006,99524.085938,298.8672,1.159113883972e+00,346.6302,4.9374,4.9374,0.0000
121.174,99522.179688,298.8661,1.159095644951e+00,346.6296,4.9387,4.9387,0.0000
121.341,99520.281250,298.8652,1.159077167511e+00,346.6291,4.9401,4.9401,0.0000
121.509,99518.437500,298.8642,1.159059524536e+00,346.6285,4.9414,4.9414,0.0000
121.677,99516.523438,298.8632,1.159041166306e+00,346.6279,4.9428,4.9428,0.0000
121.845,99514.539062,298.8622,1.159021854401e+00,346.6274,4.9441,4.9441,0.0000
122.014,99512.679688,298.8612,1.159004211426e+00,346.6268,4.9454,4.9454,0.0000
122.182,99510.789062,298.8602,1.158985853195e+00,346.6262,4.9468,4.9468,0.0000
122.351,99508.781250,298.8592,1.158966660500e+00,346.6256,4.9481,4.9481,0.0000
122.521,99506.953125,298.8582,1.158948898315e+00,346.6251,4.9495,4.9495,0.0000
122.690,99505.039062,298.8572,1.158930778503e+00,346.6245,4.9508,4.9508,0.0000
122.860,99503.054688,298.8562,1.158911228180e+00,346.6239,4.9522,4.9522,0.0000
123.029,99501.164062,298.8552,1.158893108368e+00,346.6233,4.9535,4.9535,0.0000
123.200,99499.210938,298.8542,1.158874273300e+00,346.6228,4.9549,4.9549,0.0000
123.370,99497.257812,298.8531,1.158855795860e+00,346.6221,4.9562,4.9562,0.0000
123.540,99495.328125,298.8522,1.158836841583e+00,346.6216,4.9576,4.9576,0.0000
123.711,99493.437500,298.8512,1.158818602562e+00,346.6210,4.9589,4.9589,0.0000
123.882,99491.476562,298.8502,1.158800125122e+00,346.6204,4.9603,4.9603,0.0000
124.054,99489.554688,298.8492,1.158781409264e+00,346.6198,4.9616,4.9616,0.0000
124.225,99487.593750,298.8482,1.158762454987e+00,346.6193,4.9630,4.9630,0.0000
124.397,99485.656250,298.8471,1.158743858337e+00,346.6187,4.9643,4.9643,0.0000
124.569,99483.695312,298.8461,1.158725142479e+00,346.6181,4.9657,4.9657,0.0000
124.741,99481.765625,298.8451,1.158706307411e+00,346.6175,4.9670,4.9670,0.0000
124.914,99479.820312,298.8441,1.158687829971e+00,346.6169,4.9684,4.9684,0.0000
125.086,99477.773438,298.8430,1.158667922020e+00,346.6163,4.9697,4.9697,0.0000
125.259,99475.828125,298.8420,1.158649206161e+00,346.6157,4.9711,4.9711,0.0000
125.432,99473.929688,298.8410,1.158631086349e+00,346.6151,4.9725,4.9725,0.0000
125.606,99471.945312,298.8400,1.158612012863e+00,346.6145,4.9738,4.9738,0.0000
125.780,99469.992188,298.8390,1.158593058586e+00,346.6140,4.9752,4.9752,0.0000
125.953,99467.992188,298.8379,1.158573985100e+00,346.6133,4.9765,4.9765,0.0000
126.128,99466.054688,298.8369,1.158555388451e+00,346.6128,4.9779,4.9779,0.0000
126.302,99464.070312,298.8359,1.158536195755e+00,346.6122,4.9793,4.9793,0.0000
126.477,99462.070312,298.8348,1.158516883850e+00,346.6116,4.9806,4.9806,0.0000
126.651,99460.093750,298.8338,1.158497929573e+00,346.6110,4.9820,4.9820,0.0000
126.827,99458.078125,298.8328,1.158478498459e+00,346.6104,4.9834,4.9834,0.0000
127.002,99456.101562,298.8317,1.158459305763e+00,346.6098,4.9847,4.9847,0.0000
127.178,99454.093750,298.8307,1.158440113068e+00,346.6092,4.9861,4.9861,0.0000
127.353,99452.117188,298.8296,1.158421158791e+00,346.6086,4.9875,4.9875,0.0000
127.529,99450.125000,298.8286,1.158401966095e+00,346.6080,4.9888,4.9888,0.0000
127.706,99448.070312,298.8276,1.158381938934e+00,346.6073,4.9902,4.9902,0.0000
127.882,99446.054688,298.8265,1.158362507820e+00,346.6068,4.9916,4.9916,0.0000
128.059,99444.140625,298.8255,1.158344149590e+00,346.6062,4.9929,4.9929,0.0000
128.236,99442.046875,298.8244,1.158324003220e+00,346.6055,4.9943,4.9943,0.0000
128.414,99440.070312,298.8234,1.158304810524e+00,346.6050,4.9957,4.9957,0.0000
128.591,99438.078125,298.8224,1.158285856247e+00,346.6043,4.9971,4.9971,0.0000
128.769,99436.031250,298.8213,1.158266186714e+00,346.6037,4.9984,4.9984,0.0000
128.947,99434.039062,298.8202,1.158247113228e+00,346.6031,4.9998,4.9998,0.0000
129.125,99432.046875,298.8192,1.158227682114e+00,346.6026,5.0012,5.0012,0.0000
129.304,99430.023438,298.8181,1.158208012581e+00,346.6020,5.0026,5.0026,0.0000
129.483,99427.968750,298.8171,1.158188581467e+00,346.6014,5.0039,5.0039,0.0000
129.662,99425.890625,298.8160,1.158168435097e+00,346.6007,5.0053,5.0053,0.0000
129.841,99423.898438,298.8149,1.158149361610e+00,346.6001,5.0067,5.0067,0.0000
130.020,99421.859375,298.8139,1.158129811287e+00,346.5995,5.0081,5.0081,0.0000
130.200,99419.820312,298.8128,1.158110141754e+00,346.5989,5.0095,5.0095,0.0000
130.380,99417.789062,298.8118,1.158090233803e+00,346.5983,5.0108,5.0108,0.0000
130.560,99415.742188,298.8107,1.158070802689e+00,346.5977,5.0122,5.0122,0.0000
130.741,99413.710938,298.8096,1.158051252365e+00,346.5970,5.0136,5.0136,0.0000
130.922,99411.671875,298.8086,1.158031582832e+00,346.5965,5.0150,5.0150,0.0000
131.103,99409.570312,298.8075,1.158011317253e+00,346.5958,5.0164,5.0164,0.0000
131.284,99407.546875,298.8064,1.157991886139e+00,346.5952,5.0178,5.0178,0.0000
131.466,99405.507812,298.8054,1.157972097397e+00,346.5946,5.0192,5.0192,0.0000
131.647,99403.414062,298.8043,1.157952070236e+00,346.5940,5.0205,5.0205,0.0000
131.829,99401.375000,298.8032,1.157932400703e+00,346.5933,5.0219,5.0219,0.0000
132.012,99399.351562,298.8021,1.157912969589e+00,346.5927,5.0233,5.0233,0.0000
132.194,99397.273438,298.8010,1.157892942429e+00,346.5921,5.0247,5.0247,0.0000
132.377,99395.210938,298.8000,1.157873272896e+00,346.5915,5.0261,5.0261,0.0000
132.560,99393.093750,298.7989,1.157852768898e+00,346.5909,5.0275,5.0275,0.0000
132.743,99391.007812,298.7978,1.157832741737e+00,346.5902,5.0289,5.0289,0.0000
132.927,99388.914062,298.7967,1.157812356949e+00,346.5895,5.0303,5.0303,0.0000
133.111,99386.828125,298.7956,1.157792448997e+00,346.5890,5.0317,5.0317,0.0000
133.295,99384.757812,298.7945,1.157772302628e+00,346.5883,5.0331,5.0331,0.0000
133.479,99382.710938,298.7935,1.157752871513e+00,346.5877,5.0345,5.0345,0.0000
133.663,99380.578125,298.7924,1.157732129097e+00,346.5870,5.0359,5.0359,0.0000
133.848,99378.492188,298.7913,1.157712101936e+00,346.5865,5.0373,5.0373,0.0000
134.033,99376.406250,298.7902,1.157691955566e+00,346.5858,5.0387,5.0387,0.0000
134.219,99374.265625,298.7891,1.157671451569e+00,346.5852,5.0401,5.0401,0.0000
134.404,99372.203125,298.7880,1.157651424408e+00,346.5846,5.0415,5.0415,0.0000
134.590,99370.117188,298.7869,1.157631158829e+00,346.5839,5.0429,5.0429,0.0000
134.776,99367.976562,298.7858,1.157610774040e+00,346.5833,5.0443,5.0443,0.0000
134.962,99365.890625,298.7847,1.157590746880e+00,346.5827,5.0457,5.0457,0.0000
135.149,99363.765625,298.7836,1.157570242882e+00,346.5821,5.0471,5.0471,0.0000
135.336,99361.632812,298.7825,1.157549619675e+00,346.5814,5.0485,5.0485,0.0000
135.523,99359.453125,298.7814,1.157528758049e+00,346.5808,5.0499,5.0499,0.0000
135.710,99357.406250,298.7803,1.157508850098e+00,346.5801,5.0513,5.0513,0.0000
135.898,99355.265625,298.7792,1.157488346100e+00,346.5795,5.0527,5.0527,0.0000
136.086,99353.148438,298.7780,1.157468080521e+00,346.5788,5.0541,5.0541,0.0000
136.274,99351.007812,298.7770,1.157447338104e+00,346.5782,5.0555,5.0555,0.0000
136.463,99348.875000,298.7758,1.157426953316e+00,346.5776,5.0569,5.0569,0.0000
136.651,99346.710938,298.7747,1.157405853271e+00,346.5770,5.0583,5.0583,0.0000
136.840,99344.570312,298.7736,1.157385468483e+00,346.5762,5.0597,5.0597,0.0000
137.029,99342.437500,298.7725,1.157364845276e+00,346.5756,5.0611,5.0611,0.0000
137.219,99340.304688,298.7714,1.157344222069e+00,346.5750,5.0626,5.0626,0.0000
137.409,99338.179688,298.7703,1.157323956490e+00,346.5743,5.0640,5.0640,0.0000
137.599,99336.039062,298.7691,1.157303452492e+00,346.5736,5.0654,5.0654,0.0000
137.789,99333.812500,298.7680,1.157281875610e+00,346.5730,5.0668,5.0668,0.0000
137.979,99331.734375,298.7669,1.157261610031e+00,346.5724,5.0682,5.0682,0.0000
138.170,99329.554688,298.7658,1.157240748405e+00,346.5717,5.0696,5.0696,0.0000
138.361,99327.367188,298.7646,1.157219648361e+00,346.5711,5.0710,5.0710,0.0000
138.552,99325.187500,298.7635,1.157198786736e+00,346.5704,5.0725,5.0725,0.0000
138.744,99323.070312,298.7624,1.157178282738e+00,346.5698,5.0739,5.0739,0.0000
138.936,99320.898438,298.7612,1.157157301903e+00,346.5691,5.0753,5.0753,0.0000
139.128,99318.671875,298.7601,1.157135963440e+00,346.5685,5.0767,5.0767,0.0000
139.320,99316.531250,298.7590,1.157115459442e+00,346.5678,5.0781,5.0781,0.0000
139.513,99314.304688,298.7578,1.157093763351e+00,346.5672,5.0796,5.0796,0.0000
139.706,99312.171875,298.7567,1.157073259354e+00,346.5665,5.0810,5.0810,0.0000
139.899,99309.945312,298.7556,1.157051801682e+00,346.5659,5.0824,5.0824,0.0000
140.092,99307.812500,298.7544,1.157031416893e+00,346.5652,5.0838,5.0838,0.0000
140.286,99305.593750,298.7533,1.157010078430e+00,346.5645,5.0853,5.0853,0.0000
140.480,99303.375000,298.7521,1.156988739967e+00,346.5639,5.0867,5.0867,0.0000
140.674,99301.179688,298.7510,1.156967520714e+00,346.5632,5.0881,5.0881,0.0000
140.869,99298.960938,298.7498,1.156945943832e+00,346.5626,5.0895,5.0895,0.0000
141.064,99296.789062,298.7487,1.156925201416e+00,346.5619,5.0910,5.0910,0.0000
141.259,99294.562500,298.7475,1.156903743744e+00,346.5612,5.0924,5.0924,0.0000
141.454,99292.375000,298.7464,1.156882643700e+00,346.5606,5.0938,5.0938,0.0000
141.650,99290.117188,298.7452,1.156860828400e+00,346.5599,5.0953,5.0953,0.0000
141.845,99287.921875,298.7441,1.156839728355e+00,346.5592,5.0967,5.0967,0.0000
142.041,99285.703125,298.7429,1.156818509102e+00,346.5586,5.0981,5.0981,0.0000
142.238,99283.414062,298.7418,1.156796216965e+00,346.5579,5.0996,5.0996,0.0000
142.435,99281.210938,298.7406,1.156774997711e+00,346.5572,5.1010,5.1010,0.0000
142.631,99279.023438,298.7394,1.156754136086e+00,346.5565,5.1024,5.1024,0.0000
142.829,99276.703125,298.7382,1.156731724739e+00,346.5558,5.1039,5.1039,0.0000
143.026,99274.578125,298.7371,1.156711220741e+00,346.5552,5.1053,5.1053,0.0000
143.224,99272.359375,298.7359,1.156690001488e+00,346.5545,5.1067,5.1067,0.0000
143.422,99270.031250,298.7348,1.156667470932e+00,346.5539,5.1082,5.1082,0.0000
143.620,99267.812500,298.7336,1.156646132469e+00,346.5532,5.1096,5.1096,0.0000
143.819,99265.546875,298.7324,1.156623959541e+00,346.5525,5.1111,5.1111,0.0000
144.018,99263.304688,298.7312,1.156602740288e+00,346.5518,5.1125,5.1125,0.0000
144.217,99261.031250,298.7301,1.156580924988e+00,346.5511,5.1139,5.1139,0.0000
144.416,99258.828125,298.7289,1.156559348106e+00,346.5505,5.1154,5.1154,0.0000
144.616,99256.554688,298.7277,1.156537532806e+00,346.5498,5.1168,5.1168,0.0000
144.816,99254.234375,298.7265,1.156515121460e+00,346.5491,5.1183,5.1183,0.0000
145.016,99252.054688,298.7254,1.156493902206e+00,346.5485,5.1197,5.1197,0.0000
145.217,99249.742188,298.7242,1.156471967697e+00,346.5478,5.1212,5.1212,0.0000
145.417,99247.507812,298.7230,1.156450510025e+00,346.5471,5.1226,5.1226,0.0000
145.618,99245.187500,298.7218,1.156428098679e+00,346.5464,5.1241,5.1241,0.0000
145.820,99242.914062,298.7206,1.156406164169e+00,346.5457,5.1255,5.1255,0.0000
146.021,99240.648438,298.7194,1.156384468079e+00,346.5450,5.1270,5.1270,0.0000
146.223,99238.375000,298.7182,1.156362533569e+00,346.5443,5.1284,5.1284,0.0000
146.425,99236.046875,298.7171,1.156339883804e+00,346.5436,5.1299,5.1299,0.0000
146.628,99233.781250,298.7159,1.156318306923e+00,346.5429,5.1313,5.1313,0.0000
146.831,99231.460938,298.7147,1.156295776367e+00,346.5422,5.1328,5.1328,0.0000
147.034,99229.187500,298.7134,1.156274080276e+00,346.5416,5.1342,5.1342,0.0000
147.237,99226.921875,298.7122,1.156252145767e+00,346.5409,5.1357,5.1357,0.0000
147.441,99224.609375,298.7110,1.156229972839e+00,346.5402,5.1371,5.1371,0.0000
147.644,99222.289062,298.7099,1.156207323074e+00,346.5395,5.1386,5.1386,0.0000
147.849,99219.968750,298.7086,1.156185150146e+00,346.5388,5.1400,5.1400,0.0000
148.053,99217.648438,298.7075,1.156162738800e+00,346.5381,5.1415,5.1415,0.0000
148.258,99215.328125,298.7062,1.156140565872e+00,346.5374,5.1430,5.1430,0.0000
148.463,99213.007812,298.7050,1.156118154526e+00,346.5367,5.1444,5.1444,0.0000
148.668,99210.687500,298.7038,1.156095743179e+00,346.5360,5.1459,5.1459,0.0000
148.873,99208.312500,298.7026,1.156072854996e+00,346.5353,5.1473,5.1473,0.0000
149.079,99206.070312,298.7014,1.156051158905e+00,346.5346,5.1488,5.1488,0.0000
149.285,99203.742188,298.7002,1.156028747559e+00,346.5339,5.1503,5.1503,0.0000
149.492,99201.375000,298.6989,1.156005859375e+00,346.5332,5.1517,5.1517,0.0000
149.699,99199.023438,298.6977,1.155983328819e+00,346.5325,5.1532,5.1532,0.0000
149.906,99196.687500,298.6965,1.155960917473e+00,346.5318,5.1547,5.1547,0.0000
150.113,99194.375000,298.6953,1.155938506126e+00,346.5310,5.1561,5.1561,0.0000
150.320,99191.953125,298.6940,1.155915260315e+00,346.5303,5.1576,5.1576,0.0000
150.528,99189.640625,298.6928,1.155892848969e+00,346.5297,5.1591,5.1591,0.0000
150.736,99187.226562,298.6916,1.155869722366e+00,346.5290,5.1605,5.1605,0.0000
150.945,99185.015625,298.6904,1.155848503113e+00,346.5283,5.1620,5.1620,0.0000
151.153,99182.562500,298.6891,1.155824661255e+00,346.5275,5.1635,5.1635,0.0000
151.362,99180.242188,298.6879,1.155802369118e+00,346.5268,5.1649,5.1649,0.0000
151.572,99177.828125,298.6867,1.155779004097e+00,346.5261,5.1664,5.1664,0.0000
151.781,99175.500000,298.6854,1.155756950378e+00,346.5254,5.1679,5.1679,0.0000
151.991,99173.101562,298.6842,1.155733585358e+00,346.5247,5.1693,5.1693,0.0000
152.201,99170.632812,298.6830,1.155709624290e+00,346.5240,5.1708,5.1708,0.0000
152.412,99168.312500,298.6817,1.155687332153e+00,346.5232,5.1723,5.1723,0.0000
152.622,99165.945312,298.6805,1.155664682388e+00,346.5225,5.1738,5.1738,0.0000
152.833,99163.585938,298.6793,1.155641913414e+00,346.5218,5.1752,5.1752,0.0000
153.045,99161.171875,298.6780,1.155618548393e+00,346.5211,5.1767,5.1767,0.0000
153.256,99158.804688,298.6768,1.155595898628e+00,346.5203,5.1782,5.1782,0.0000
153.468,99156.406250,298.6755,1.155572652817e+00,346.5196,5.1797,5.1797,0.0000
153.680,99153.929688,298.6742,1.155548810959e+00,346.5189,5.1812,5.1812,0.0000
153.893,99151.578125,298.6730,1.155526041985e+00,346.5182,5.1826,5.1826,0.0000
154.106,99149.156250,298.6717,1.155502915382e+00,346.5174,5.1841,5.1841,0.0000
154.319,99146.757812,298.6705,1.155479788780e+00,346.5168,5.1856,5.1856,0.0000
154.532,99144.289062,298.6692,1.155455827713e+00,346.5160,5.1871,5.1871,0.0000
154.746,99141.890625,298.6679,1.155432701111e+00,346.5153,5.1886,5.1886,0.0000
154.960,99139.531250,298.6667,1.155410051346e+00,346.5146,5.1901,5.1901,0.0000
155.174,99137.062500,298.6654,1.155386328697e+00,346.5139,5.1915,5.1915,0.0000
155.389,99134.695312,298.6642,1.155363321304e+00,346.5132,5.1930,5.1930,0.0000
155.603,99132.203125,298.6629,1.155339241028e+00,346.5124,5.1945,5.1945,0.0000
155.819,99129.789062,298.6617,1.155315876007e+00,346.5117,5.1960,5.1960,0.0000
156.034,99127.429688,298.6604,1.155293226242e+00,346.5109,5.1975,5.1975,0.0000
156.250,99124.867188,298.6591,1.155268430710e+00,346.5102,5.1990,5.1990,0.0000
156.466,99122.507812,298.6578,1.155245900154e+00,346.5095,5.2005,5.2005,0.0000
156.682,99120.101562,298.6566,1.155222892761e+00,346.5088,5.2020,5.2020,0.0000
156.899,99117.593750,298.6553,1.155198574066e+00,346.5080,5.2034,5.2034,0.0000
157.116,99115.125000,298.6540,1.155174732208e+00,346.5072,5.2049,5.2049,0.0000
157.333,99112.671875,298.6527,1.155150890350e+00,346.5065,5.2064,5.2064,0.0000
157.550,99110.218750,298.6514,1.155127406120e+00,346.5058,5.2079,5.2079,0.0000
157.768,99107.765625,298.6501,1.155103683472e+00,346.5050,5.2094,5.2094,0.0000
157.986,99105.304688,298.6489,1.155079960823e+00,346.5043,5.2109,5.2109,0.0000
158.205,99102.796875,298.6476,1.155055880547e+00,346.5035,5.2124,5.2124,0.0000
158.424,99100.398438,298.6463,1.155032992363e+00,346.5028,5.2139,5.2139,0.0000
158.643,99097.898438,298.6450,1.155008554459e+00,346.5020,5.2154,5.2154,0.0000
158.862,99095.382812,298.6437,1.154984474182e+00,346.5013,5.2169,5.2169,0.0000
159.082,99092.921875,298.6424,1.154960870743e+00,346.5005,5.2184,5.2184,0.0000
159.302,99090.460938,298.6411,1.154936909676e+00,346.4998,5.2199,5.2199,0.0000
159.522,99087.914062,298.6398,1.154912471771e+00,346.4991,5.2214,5.2214,0.0000
159.742,99085.460938,298.6385,1.154888868332e+00,346.4983,5.2229,5.2229,0.0000
159.963,99082.953125,298.6372,1.154864549637e+00,346.4976,5.2244,5.2244,0.0000
160.184,99080.445312,298.6359,1.154840350151e+00,346.4969,5.2259,5.2259,0.0000
160.406,99077.945312,298.6346,1.154816389084e+00,346.4961,5.2274,5.2274,0.0000
160.628,99075.382812,298.6333,1.154791593552e+00,346.4953,5.2289,5.2289,0.0000
160.850,99072.929688,298.6320,1.154768109322e+00,346.4945,5.2304,5.2304,0.0000
161.072,99070.367188,298.6306,1.154743432999e+00,346.4937,5.2319,5.2319,0.0000
161.295,99067.867188,298.6293,1.154719114304e+00,346.4930,5.2334,5.2334,0.0000
161.518,99065.328125,298.6280,1.154694795609e+00,346.4923,5.2349,5.2349,0.0000
161.741,99062.867188,298.6267,1.154671072960e+00,346.4915,5.2365,5.2365,0.0000
161.965,99060.320312,298.6254,1.154646277428e+00,346.4908,5.2380,5.2380,0.0000
162.189,99057.773438,298.6241,1.154621958733e+00,346.4900,5.2395,5.2395,0.0000
162.413,99055.218750,298.6228,1.154597401619e+00,346.4893,5.2410,5.2410,0.0000
162.638,99052.812500,298.6215,1.154574155807e+00,346.4885,5.2425,5.2425,0.0000
162.863,99050.218750,298.6201,1.154549241066e+00,346.4876,5.2440,5.2440,0.0000
163.088,99047.656250,298.6188,1.154524445534e+00,346.4870,5.2455,5.2455,0.0000
163.313,99045.070312,298.6175,1.154499411583e+00,346.4861,5.2470,5.2470,0.0000
163.539,99042.523438,298.6161,1.154474973679e+00,346.4854,5.2486,5.2486,0.0000
163.765,99039.968750,298.6148,1.154450178146e+00,346.4846,5.2501,5.2501,0.0000
163.992,99037.421875,298.6135,1.154425740242e+00,346.4839,5.2516,5.2516,0.0000
164.218,99034.875000,298.6121,1.154401183128e+00,346.4831,5.2531,5.2531,0.0000
164.445,99032.257812,298.6108,1.154376029968e+00,346.4823,5.2546,5.2546,0.0000
164.673,99029.718750,298.6094,1.154351472855e+00,346.4815,5.2561,5.2561,0.0000
164.900,99027.132812,298.6081,1.154326438904e+00,346.4808,5.2577,5.2577,0.0000
165.128,99024.617188,298.6068,1.154302477837e+00,346.4800,5.2592,5.2592,0.0000
165.357,99022.031250,298.6054,1.154277563095e+00,346.4792,5.2607,5.2607,0.0000
165.585,99019.421875,298.6041,1.154252409935e+00,346.4785,5.2622,5.2622,0.0000
165.814,99016.828125,298.6027,1.154227375984e+00,346.4777,5.2638,5.2638,0.0000
166.044,99014.281250,298.6014,1.154202580452e+00,346.4769,5.2653,5.2653,0.0000
166.273,99011.648438,298.6000,1.154177069664e+00,346.4761,5.2668,5.2668,0.0000
166.503,99009.054688,298.5987,1.154152393341e+00,346.4753,5.2683,5.2683,0.0000
166.733,99006.429688,298.5973,1.154126882553e+00,346.4745,5.2699,5.2699,0.0000
166.964,99003.804688,298.5959,1.154101490974e+00,346.4738,5.2714,5.2714,0.0000
167.195,99001.296875,298.5946,1.154077529907e+00,346.4729,5.2729,5.2729,0.0000
167.426,98998.617188,298.5932,1.154051661491e+00,346.4722,5.2744,5.2744,0.0000
167.657,98996.015625,298.5919,1.154026508331e+00,346.4714,5.2760,5.2760,0.0000
167.889,98993.359375,298.5905,1.154000878334e+00,346.4706,5.2775,5.2775,0.0000
168.121,98990.773438,298.5891,1.153975963593e+00,346.4698,5.2790,5.2790,0.0000
168.354,98988.132812,298.5877,1.153950572014e+00,346.4690,5.2806,5.2806,0.0000
168.586,98985.539062,298.5864,1.153925418854e+00,346.4683,5.2821,5.2821,0.0000
168.820,98982.835938,298.5850,1.153899550438e+00,346.4674,5.2836,5.2836,0.0000
169.053,98980.250000,298.5836,1.153874397278e+00,346.4667,5.2852,5.2852,0.0000
169.287,98977.609375,298.5823,1.153849005699e+00,346.4659,5.2867,5.2867,0.0000
169.521,98974.921875,298.5809,1.153822898865e+00,346.4651,5.2882,5.2882,0.0000
169.755,98972.312500,298.5795,1.153797864914e+00,346.4643,5.2898,5.2898,0.0000
169.990,98969.625000,298.5781,1.153772115707e+00,346.4634,5.2913,5.2913,0.0000
170.225,98967.078125,298.5768,1.153747558594e+00,346.4627,5.2928,5.2928,0.0000
170.460,98964.343750,298.5753,1.153721213341e+00,346.4619,5.2944,5.2944,0.0000
170.696,98961.703125,298.5739,1.153695821762e+00,346.4611,5.2959,5.2959,0.0000
170.932,98959.046875,298.5726,1.153670191765e+00,346.4603,5.2975,5.2975,0.0000
171.168,98956.335938,298.5712,1.153643727303e+00,346.4595,5.2990,5.2990,0.0000
171.405,98953.734375,298.5698,1.153618931770e+00,346.4587,5.3005,5.3005,0.0000
171.642,98951.039062,298.5684,1.153593063354e+00,346.4579,5.3021,5.3021,0.0000
171.879,98948.398438,298.5670,1.153567433357e+00,346.4571,5.3036,5.3036,0.0000
172.117,98945.656250,298.5656,1.153540849686e+00,346.4563,5.3052,5.3052,0.0000
172.355,98942.976562,298.5642,1.153515219688e+00,346.4554,5.3067,5.3067,0.0000
172.593,98940.328125,298.5628,1.153489708900e+00,346.4547,5.3083,5.3083,0.0000
172.832,98937.578125,298.5614,1.153463125229e+00,346.4538,5.3098,5.3098,0.0000
173.071,98934.937500,298.5600,1.153437733650e+00,346.4530,5.3114,5.3114,0.0000
173.310,98932.210938,298.5586,1.153411388397e+00,346.4522,5.3129,5.3129,0.0000
173.550,98929.523438,298.5572,1.153385281563e+00,346.4514,5.3145,5.3145,0.0000
173.790,98926.742188,298.5558,1.153358459473e+00,346.4506,5.3160,5.3160,0.0000
174.030,98924.000000,298.5544,1.153332114220e+00,346.4497,5.3176,5.3176,0.0000
174.271,98921.320312,298.5529,1.153306484222e+00,346.4489,5.3191,5.3191,0.0000
174.512,98918.625000,298.5515,1.153280258179e+00,346.4481,5.3207,5.3207,0.0000
174.753,98915.890625,298.5501,1.153253912926e+00,346.4473,5.3222,5.3222,0.0000
174.994,98913.164062,298.5486,1.153227567673e+00,346.4464,5.3238,5.3238,0.0000
175.236,98910.414062,298.5472,1.153200984001e+00,346.4456,5.3253,5.3253,0.0000
175.479,98907.687500,298.5458,1.153174757957e+00,346.4448,5.3269,5.3269,0.0000
175.721,98905.000000,298.5444,1.153148889542e+00,346.4440,5.3284,5.3284,0.0000
175.964,98902.257812,298.5429,1.153122544289e+00,346.4432,5.3300,5.3300,0.0000
176.208,98899.468750,298.5415,1.153095602989e+00,346.4424,5.3316,5.3316,0.0000
176.451,98896.734375,298.5401,1.153069138527e+00,346.4415,5.3331,5.3331,0.0000
176.695,98893.914062,298.5386,1.153041958809e+00,346.4407,5.3347,5.3347,0.0000
176.939,98891.187500,298.5372,1.153015613556e+00,346.4399,5.3362,5.3362,0.0000
177.184,98888.375000,298.5358,1.152988433838e+00,346.4390,5.3378,5.3378,0.0000
177.429,98885.695312,298.5343,1.152962803841e+00,346.4382,5.3394,5.3394,0.0000
177.674,98882.929688,298.5329,1.152935862541e+00,346.4374,5.3409,5.3409,0.0000
177.920,98880.203125,298.5314,1.152909874916e+00,346.4365,5.3425,5.3425,0.0000
178.166,98877.414062,298.5300,1.152882814407e+00,346.4357,5.3440,5.3440,0.0000
178.412,98874.585938,298.5285,1.152855515480e+00,346.4349,5.3456,5.3456,0.0000
178.659,98871.750000,298.5271,1.152828097343e+00,346.4340,5.3472,5.3472,0.0000
178.906,98869.023438,298.5256,1.152801871300e+00,346.4332,5.3487,5.3487,0.0000
179.154,98866.234375,298.5242,1.152774930000e+00,346.4323,5.3503,5.3503,0.0000
179.401,98863.460938,298.5227,1.152748346329e+00,346.4315,5.3519,5.3519,0.0000
179.649,98860.671875,298.5213,1.152721524239e+00,346.4307,5.3534,5.3534,0.0000
179.898,98857.859375,298.5198,1.152694106102e+00,346.4298,5.3550,5.3550,0.0000
180.146,98855.023438,298.5183,1.152666807175e+00,346.4289,5.3566,5.3566,0.0000
180.395,98852.179688,298.5169,1.152639389038e+00,346.4281,5.3582,5.3582,0.0000
180.645,98849.414062,298.5154,1.152612566948e+00,346.4273,5.3597,5.3597,0.0000
180.895,98846.578125,298.5139,1.152585506439e+00,346.4264,5.3613,5.3613,0.0000
181.145,98843.757812,298.5125,1.152558207512e+00,346.4256,5.3629,5.3629,0.0000
181.395,98840.921875,298.5110,1.152530908585e+00,346.4247,5.3644,5.3644,0.0000
181.646,98838.109375,298.5095,1.152503728867e+00,346.4239,5.3660,5.3660,0.0000
181.897,98835.265625,298.5080,1.152476191521e+00,346.4230,5.3676,5.3676,0.0000
182.149,98832.445312,298.5065,1.152449011803e+00,346.4221,5.3692,5.3692,0.0000
182.401,98829.570312,298.5051,1.152421236038e+00,346.4213,5.3708,5.3708,0.0000
182.653,98826.734375,298.5036,1.152393937111e+00,346.4204,5.3723,5.3723,0.0000
182.905,98823.906250,298.5021,1.152366876602e+00,346.4196,5.3739,5.3739,0.0000
183.158,98821.039062,298.5006,1.152338862419e+00,346.4187,5.3755,5.3755,0.0000
183.411,98818.218750,298.4991,1.152311682701e+00,346.4179,5.3771,5.3771,0.0000
183.665,98815.335938,298.4976,1.152284145355e+00,346.4170,5.3786,5.3786,0.0000
183.919,98812.468750,298.4962,1.152256250381e+00,346.4162,5.3802,5.3802,0.0000
184.173,98809.585938,298.4947,1.152228474617e+00,346.4153,5.3818,5.3818,0.0000
184.428,98806.703125,298.4931,1.152200579643e+00,346.4144,5.3834,5.3834,0.0000
184.683,98803.843750,298.4916,1.152173280716e+00,346.4135,5.3850,5.3850,0.0000
184.938,98801.000000,298.4901,1.152145981789e+00,346.4127,5.3866,5.3866,0.0000
185.194,98798.117188,298.4886,1.152118086815e+00,346.4118,5.3882,5.3882,0.0000
185.450,98795.210938,298.4872,1.152089834213e+00,346.4109,5.3897,5.3897,0.0000
185.706,98792.281250,298.4856,1.152061700821e+00,346.4100,5.3913,5.3913,0.0000
185.963,98789.414062,298.4841,1.152034163475e+00,346.4092,5.3929,5.3929,0.0000
186.220,98786.539062,298.4826,1.152006268501e+00,346.4083,5.3945,5.3945,0.0000
186.478,98783.562500,298.4811,1.151977539062e+00,346.4074,5.3961,5.3961,0.0000
186.736,98780.687500,298.4796,1.151949882507e+00,346.4066,5.3977,5.3977,0.0000
186.994,98777.828125,298.4781,1.151922345161e+00,346.4057,5.3993,5.3993,0.0000
187.252,98774.906250,298.4765,1.151894092560e+00,346.4048,5.4009,5.4009,0.0000
187.511,98771.992188,298.4750,1.151865839958e+00,346.4040,5.4025,5.4025,0.0000
187.771,98769.062500,298.4735,1.151837706566e+00,346.4030,5.4041,5.4041,0.0000
188.030,98766.101562,298.4720,1.151808857918e+00,346.4022,5.4056,5.4056,0.0000
188.290,98763.187500,298.4704,1.151780962944e+00,346.4013,5.4072,5.4072,0.0000
188.550,98760.195312,298.4689,1.151752114296e+00,346.4004,5.4088,5.4088,0.0000
188.811,98757.296875,298.4673,1.151724100113e+00,346.3996,5.4104,5.4104,0.0000
189.072,98754.359375,298.4659,1.151695728302e+00,346.3987,5.4120,5.4120,0.0000
189.334,98751.367188,298.4643,1.151666879654e+00,346.3977,5.4136,5.4136,0.0000
189.595,98748.539062,298.4628,1.151639699936e+00,346.3969,5.4152,5.4152,0.0000
189.858,98745.460938,298.4612,1.151610016823e+00,346.3959,5.4168,5.4168,0.0000
190.120,98742.554688,298.4597,1.151582002640e+00,346.3951,5.4184,5.4184,0.0000
190.383,98739.585938,298.4581,1.151553153992e+00,346.3942,5.4200,5.4200,0.0000
190.646,98736.578125,298.4565,1.151524186134e+00,346.3933,5.4216,5.4216,0.0000
190.910,98733.703125,298.4550,1.151496648788e+00,346.3924,5.4232,5.4232,0.0000
191.174,98730.640625,298.4535,1.151466965675e+00,346.3915,5.4248,5.4248,0.0000
191.438,98727.718750,298.4519,1.151438951492e+00,346.3906,5.4264,5.4264,0.0000
191.703,98724.664062,298.4503,1.151409268379e+00,346.3897,5.4280,5.4280,0.0000
191.968,98721.750000,298.4488,1.151381134987e+00,346.3888,5.4296,5.4296,0.0000
192.233,98718.671875,298.4473,1.151351213455e+00,346.3879,5.4313,5.4313,0.0000
192.499,98715.773438,298.4457,1.151323437691e+00,346.3871,5.4329,5.4329,0.0000
192.765,98712.718750,298.4441,1.151293873787e+00,346.3861,5.4345,5.4345,0.0000
193.032,98709.742188,298.4425,1.151265144348e+00,346.3852,5.4361,5.4361,0.0000
193.299,98706.742188,298.4409,1.151236295700e+00,346.3843,5.4377,5.4377,0.0000
193.566,98703.718750,298.4394,1.151207089424e+00,346.3834,5.4393,5.4393,0.0000
193.833,98700.703125,298.4378,1.151177883148e+00,346.3825,5.4409,5.4409,0.0000
194.101,98697.656250,298.4362,1.151148438454e+00,346.3816,5.4425,5.4425,0.0000
194.370,98694.640625,298.4347,1.151119470596e+00,346.3807,5.4441,5.4441,0.0000
194.639,98691.625000,298.4331,1.151090145111e+00,346.3797,5.4457,5.4457,0.0000
194.908,98688.609375,298.4315,1.151061415672e+00,346.3788,5.4474,5.4474,0.0000
195.177,98685.554688,298.4299,1.151031851768e+00,346.3779,5.4490,5.4490,0.0000
195.447,98682.539062,298.4284,1.151002645493e+00,346.3770,5.4506,5.4506,0.0000
195.717,98679.468750,298.4268,1.150973081589e+00,346.3760,5.4522,5.4522,0.0000
195.988,98676.421875,298.4252,1.150943636894e+00,346.3752,5.4538,5.4538,0.0000
196.259,98673.312500,298.4236,1.150913596153e+00,346.3742,5.4554,5.4554,0.0000
196.530,98670.351562,298.4220,1.150885105133e+00,346.3733,5.4571,5.4571,0.0000
196.802,98667.250000,298.4204,1.150854945183e+00,346.3724,5.4587,5.4587,0.0000
197.074,98664.187500,298.4188,1.150825619698e+00,346.3715,5.4603,5.4603,0.0000
197.347,98661.140625,298.4172,1.150796055794e+00,346.3705,5.4619,5.4619,0.0000
197.619,98657.976562,298.4155,1.150765538216e+00,346.3696,5.4635,5.4635,0.0000
197.893,98655.023438,298.4140,1.150737166405e+00,346.3687,5.4652,5.4652,0.0000
198.166,98651.867188,298.4124,1.150706768036e+00,346.3677,5.4668,5.4668,0.0000
198.440,98648.867188,298.4108,1.150677561760e+00,346.3668,5.4684,5.4684,0.0000
198.715,98645.742188,298.4091,1.150647640228e+00,346.3658,5.4700,5.4700,0.0000
198.989,98642.585938,298.4075,1.150617003441e+00,346.3650,5.4717,5.4717,0.0000
199.265,98639.546875,298.4059,1.150587677956e+00,346.3640,5.4733,5.4733,0.0000
199.540,98636.390625,298.4043,1.150557398796e+00,346.3630,5.4749,5.4749,0.0000
199.816,98633.289062,298.4027,1.150527238846e+00,346.3622,5.4765,5.4765,0.0000
200.092,98630.218750,298.4011,1.150497913361e+00,346.3612,5.4782,5.4782,0.0000
200.369,98627.070312,298.3994,1.150467276573e+00,346.3603,5.4798,5.4798,0.0000
200.646,98623.960938,298.3978,1.150437235832e+00,346.3593,5.4814,5.4814,0.0000
200.923,98620.875000,298.3962,1.150407433510e+00,346.3584,5.4831,5.4831,0.0000
201.201,98617.718750,298.3945,1.150377273560e+00,346.3574,5.4847,5.4847,0.0000
201.479,98614.578125,298.3929,1.150346755981e+00,346.3566,5.4863,5.4863,0.0000
201.758,98611.414062,298.3913,1.150316119194e+00,346.3556,5.4880,5.4880,0.0000
202.037,98608.320312,298.3896,1.150286197662e+00,346.3547,5.4896,5.4896,0.0000
202.316,98605.156250,298.3880,1.150255799294e+00,346.3537,5.4912,5.4912,0.0000
202.596,98601.953125,298.3864,1.150224804878e+00,346.3528,5.4929,5.4929,0.0000
202.876,98598.859375,298.3847,1.150195121765e+00,346.3518,5.4945,5.4945,0.0000
203.157,98595.710938,298.3831,1.150164604187e+00,346.3509,5.4961,5.4961,0.0000
203.437,98592.531250,298.3814,1.150133728981e+00,346.3499,5.4978,5.4978,0.0000
203.719,98589.312500,298.3797,1.150102734566e+00,346.3489,5.4994,5.4994,0.0000
204.000,98586.218750,298.3781,1.150072932243e+00,346.3480,5.5010,5.5010,0.0000
204.282,98583.062500,298.3764,1.150042533875e+00,346.3470,5.5027,5.5027,0.0000
204.565,98579.867188,298.3748,1.150011539459e+00,346.3461,5.5043,5.5043,0.0000
204.848,98576.625000,298.3731,1.149980425835e+00,346.3451,5.5060,5.5060,0.0000
205.131,98573.476562,298.3714,1.149950027466e+00,346.3441,5.5076,5.5076,0.0000
205.415,98570.234375,298.3698,1.149918556213e+00,346.3431,5.5092,5.5092,0.0000
205.699,98567.078125,298.3681,1.149888157845e+00,346.3422,5.5109,5.5109,0.0000
205.983,98563.882812,298.3664,1.149857401848e+00,346.3412,5.5125,5.5125,0.0000
206.268,98560.742188,298.3648,1.149827122688e+00,346.3403,5.5142,5.5142,0.0000
206.553,98557.460938,298.3631,1.149795174599e+00,346.3393,5.5158,5.5158,0.0000
206.839,98554.296875,298.3614,1.149764895439e+00,346.3383,5.5175,5.5175,0.0000
207.125,98551.109375,298.3598,1.149733901024e+00,346.3374,5.5191,5.5191,0.0000
207.411,98547.765625,298.3580,1.149701833725e+00,346.3364,5.5208,5.5208,0.0000
207.698,98544.578125,298.3564,1.149670839310e+00,346.3354,5.5224,5.5224,0.0000
207.985,98541.382812,298.3547,1.149640083313e+00,346.3344,5.5241,5.5241,0.0000
208.272,98538.132812,298.3530,1.149608731270e+00,346.3334,5.5257,5.5257,0.0000
208.560,98534.867188,298.3513,1.149577021599e+00,346.3325,5.5274,5.5274,0.0000
208.849,98531.664062,298.3496,1.149545907974e+00,346.3315,5.5290,5.5290,0.0000
209.138,98528.421875,298.3479,1.149515032768e+00,346.3305,5.5307,5.5307,0.0000
209.427,98525.125000,298.3462,1.149483084679e+00,346.3296,5.5323,5.5323,0.0000
209.716,98521.875000,298.3445,1.149451494217e+00,346.3286,5.5340,5.5340,0.0000
210.006,98518.593750,298.3428,1.149419903755e+00,346.3276,5.5356,5.5356,0.0000
210.297,98515.414062,298.3411,1.149389266968e+00,346.3266,5.5373,5.5373,0.0000
210.587,98512.109375,298.3394,1.149357318878e+00,346.3256,5.5389,5.5389,0.0000
210.879,98508.789062,298.3376,1.149325370789e+00,346.3246,5.5406,5.5406,0.0000
211.170,98505.523438,298.3360,1.149293899536e+00,346.3236,5.5422,5.5422,0.0000
211.462,98502.234375,298.3343,1.149262189865e+00,346.3227,5.5439,5.5439,0.0000
211.754,98498.968750,298.3325,1.149230599403e+00,346.3217,5.5456,5.5456,0.0000
212.047,98495.664062,298.3308,1.149198651314e+00,346.3207,5.5472,5.5472,0.0000
212.340,98492.328125,298.3291,1.149166345596e+00,346.3197,5.5489,5.5489,0.0000
212.634,98489.054688,298.3274,1.149134874344e+00,346.3187,5.5505,5.5505,0.0000
212.928,98485.718750,298.3256,1.149102449417e+00,346.3177,5.5522,5.5522,0.0000
213.222,98482.476562,298.3239,1.149071216583e+00,346.3167,5.5539,5.5539,0.0000
213.517,98479.148438,298.3222,1.149039268494e+00,346.3157,5.5555,5.5555,0.0000
213.812,98475.750000,298.3205,1.149006128311e+00,346.3147,5.5572,5.5572,0.0000
214.108,98472.476562,298.3187,1.148974657059e+00,346.3137,5.5589,5.5589,0.0000
214.404,98469.132812,298.3170,1.148942589760e+00,346.3127,5.5605,5.5605,0.0000
214.701,98465.851562,298.3152,1.148910641670e+00,346.3117,5.5622,5.5622,0.0000
214.997,98462.476562,298.3135,1.148878216743e+00,346.3106,5.5639,5.5639,0.0000
215.295,98459.148438,298.3117,1.148846030235e+00,346.3097,5.5655,5.5655,0.0000
215.592,98455.796875,298.3100,1.148813605309e+00,346.3087,5.5672,5.5672,0.0000
215.890,98452.476562,298.3083,1.148781538010e+00,346.3077,5.5689,5.5689,0.0000
216.189,98449.054688,298.3065,1.148748397827e+00,346.3066,5.5705,5.5705,0.0000
216.488,98445.710938,298.3048,1.148716092110e+00,346.3057,5.5722,5.5722,0.0000
216.787,98442.375000,298.3030,1.148683905602e+00,346.3046,5.5739,5.5739,0.0000
217.087,98439.000000,298.3012,1.148651480675e+00,346.3036,5.5755,5.5755,0.0000
217.387,98435.609375,298.2995,1.148618578911e+00,346.3026,5.5772,5.5772,0.0000
217.688,98432.234375,298.2977,1.148586153984e+00,346.3016,5.5789,5.5789,0.0000
217.989,98428.851562,298.2960,1.148553371429e+00,346.3005,5.5806,5.5806,0.0000
218.290,98425.484375,298.2942,1.148520827293e+00,346.2996,5.5822,5.5822,0.0000
218.592,98422.093750,298.2924,1.148488044739e+00,346.2985,5.5839,5.5839,0.0000
218.894,98418.625000,298.2906,1.148454427719e+00,346.2975,5.5856,5.5856,0.0000
219.197,98415.304688,298.2889,1.148422360420e+00,346.2964,5.5873,5.5873,0.0000
219.500,98411.828125,298.2870,1.148388862610e+00,346.2954,5.5889,5.5889,0.0000
219.803,98408.445312,298.2853,1.148356080055e+00,346.2944,5.5906,5.5906,0.0000
220.107,98405.007812,298.2835,1.148323178291e+00,346.2934,5.5923,5.5923,0.0000
220.412,98401.593750,298.2817,1.148289918900e+00,346.2923,5.5940,5.5940,0.0000
220.716,98398.273438,298.2800,1.148257970810e+00,346.2913,5.5957,5.5957,0.0000
221.021,98394.804688,298.2782,1.148224353790e+00,346.2903,5.5973,5.5973,0.0000
221.327,98391.273438,298.2763,1.148190379143e+00,346.2892,5.5990,5.5990,0.0000
221.633,98387.851562,298.2746,1.148157238960e+00,346.2882,5.6007,5.6007,0.0000
221.940,98384.406250,298.2728,1.148124098778e+00,346.2872,5.6024,5.6024,0.0000
222.246,98380.945312,298.2709,1.148090720177e+00,346.2861,5.6041,5.6041,0.0000
222.554,98377.585938,298.2692,1.148058176041e+00,346.2851,5.6058,5.6058,0.0000
222.861,98374.054688,298.2674,1.148023962975e+00,346.2841,5.6075,5.6075,0.0000
223.170,98370.593750,298.2655,1.147990584373e+00,346.2830,5.6091,5.6091,0.0000
223.478,98367.156250,298.2638,1.147957324982e+00,346.2820,5.6108,5.6108,0.0000
223.787,98363.742188,298.2620,1.147924423218e+00,346.2809,5.6125,5.6125,0.0000
224.096,98360.218750,298.2601,1.147890448570e+00,346.2798,5.6142,5.6142,0.0000
224.406,98356.734375,298.2583,1.147856593132e+00,346.2788,5.6159,5.6159,0.0000
224.717,98353.226562,298.2565,1.147822856903e+00,346.2777,5.6176,5.6176,0.0000
225.027,98349.710938,298.2546,1.147789001465e+00,346.2767,5.6193,5.6193,0.0000
225.338,98346.289062,298.2529,1.147755742073e+00,346.2757,5.6210,5.6210,0.0000
225.650,98342.726562,298.2510,1.147721409798e+00,346.2746,5.6227,5.6227,0.0000
225.962,98339.218750,298.2492,1.147687435150e+00,346.2736,5.6243,5.6243,0.0000
226.274,98335.789062,298.2474,1.147654294968e+00,346.2725,5.6260,5.6260,0.0000
226.587,98332.265625,298.2455,1.147620320320e+00,346.2714,5.6277,5.6277,0.0000
226.901,98328.703125,298.2437,1.147585868835e+00,346.2704,5.6294,5.6294,0.0000
227.214,98325.179688,298.2419,1.147551774979e+00,346.2693,5.6311,5.6311,0.0000
227.528,98321.671875,298.2400,1.147518038750e+00,346.2682,5.6328,5.6328,0.0000
227.843,98318.109375,298.2381,1.147483587265e+00,346.2672,5.6345,5.6345,0.0000
228.158,98314.593750,298.2363,1.147449493408e+00,346.2661,5.6362,5.6362,0.0000
228.474,98311.085938,298.2344,1.147415757179e+00,346.2651,5.6379,5.6379,0.0000
228.789,98307.476562,298.2326,1.147380709648e+00,346.2640,5.6396,5.6396,0.0000
229.106,98303.968750,298.2307,1.147346854210e+00,346.2629,5.6413,5.6413,0.0000
229.423,98300.390625,298.2289,1.147312283516e+00,346.2618,5.6430,5.6430,0.0000
229.740,98296.828125,298.2270,1.147277712822e+00,346.2607,5.6447,5.6447,0.0000
230.057,98293.312500,298.2252,1.147244095802e+00,346.2597,5.6464,5.6464,0.0000
230.375,98289.710938,298.2233,1.147209167480e+00,346.2586,5.6481,5.6481,0.0000
230.694,98286.093750,298.2214,1.147174239159e+00,346.2575,5.6498,5.6498,0.0000
231.013,98282.531250,298.2195,1.147139787674e+00,346.2564,5.6515,5.6515,0.0000
231.332,98278.914062,298.2177,1.147104740143e+00,346.2553,5.6532,5.6532,0.0000
231.652,98275.375000,298.2158,1.147070527077e+00,346.2543,5.6549,5.6549,0.0000
231.973,98271.812500,298.2140,1.147036075592e+00,346.2532,5.6566,5.6566,0.0000
232.293,98268.203125,298.2121,1.147001266479e+00,346.2522,5.6584,5.6584,0.0000
232.614,98264.585938,298.2102,1.146966218948e+00,346.2511,5.6601,5.6601,0.0000
232.936,98260.929688,298.2083,1.146931052208e+00,346.2499,5.6618,5.6618,0.0000
233.258,98257.328125,298.2064,1.146896243095e+00,346.2489,5.6635,5.6635,0.0000
233.581,98253.679688,298.2045,1.146860718727e+00,346.2477,5.6652,5.6652,0.0000
233.904,98250.125000,298.2026,1.146826624870e+00,346.2466,5.6669,5.6669,0.0000
234.227,98246.507812,298.2007,1.146791577339e+00,346.2456,5.6686,5.6686,0.0000
234.551,98242.796875,298.1988,1.146755695343e+00,346.2444,5.6703,5.6703,0.0000
234.875,98239.203125,298.1969,1.146721005440e+00,346.2434,5.6720,5.6720,0.0000
235.200,98235.546875,298.1950,1.146685719490e+00,346.2423,5.6737,5.6737,0.0000
235.525,98231.937500,298.1931,1.146650791168e+00,346.2412,5.6755,5.6755,0.0000
235.851,98228.203125,298.1912,1.146614551544e+00,346.2401,5.6772,5.6772,0.0000
236.177,98224.585938,298.1893,1.146579623222e+00,346.2390,5.6789,5.6789,0.0000
236.503,98220.937500,298.1874,1.146544456482e+00,346.2379,5.6806,5.6806,0.0000
236.830,98217.226562,298.1855,1.146508574486e+00,346.2368,5.6823,5.6823,0.0000
237.158,98213.539062,298.1835,1.146472930908e+00,346.2356,5.6840,5.6840,0.0000
237.486,98209.914062,298.1816,1.146437883377e+00,346.2346,5.6858,5.6858,0.0000
237.814,98206.171875,298.1797,1.146401762962e+00,346.2334,5.6875,5.6875,0.0000
238.143,98202.484375,298.1778,1.146366119385e+00,346.2323,5.6892,5.6892,0.0000
238.472,98198.820312,298.1758,1.146330714226e+00,346.2312,5.6909,5.6909,0.0000
238.802,98195.132812,298.1740,1.146294832230e+00,346.2301,5.6926,5.6926,0.0000
239.132,98191.429688,298.1720,1.146259188652e+00,346.2290,5.6944,5.6944,0.0000
239.463,98187.679688,298.1700,1.146222949028e+00,346.2278,5.6961,5.6961,0.0000
239.794,98183.984375,298.1681,1.146187186241e+00,346.2267,5.6978,5.6978,0.0000
240.125,98180.335938,298.1662,1.146152138710e+00,346.2256,5.6995,5.6995,0.0000
240.457,98176.593750,298.1642,1.146115779877e+00,346.2245,5.7013,5.7013,0.0000
240.790,98172.796875,298.1623,1.146079182625e+00,346.2234,5.7030,5.7030,0.0000
241.123,98169.039062,298.1603,1.146042823792e+00,346.2222,5.7047,5.7047,0.0000
241.456,98165.351562,298.1584,1.146007299423e+00,346.2211,5.7064,5.7064,0.0000
241.790,98161.609375,298.1564,1.145971179008e+00,346.2199,5.7082,5.7082,0.0000
242.124,98157.820312,298.1545,1.145934104919e+00,346.2189,5.7099,5.7099,0.0000
242.459,98154.117188,298.1525,1.145898580551e+00,346.2177,5.7116,5.7116,0.0000
242.794,98150.335938,298.1505,1.145861983299e+00,346.2165,5.7134,5.7134,0.0000
243.130,98146.578125,298.1486,1.145825743675e+00,346.2154,5.7151,5.7151,0.0000
243.466,98142.781250,298.1466,1.145789027214e+00,346.2143,5.7168,5.7168,0.0000
243.803,98139.085938,298.1446,1.145753383636e+00,346.2132,5.7185,5.7185,0.0000
244.140,98135.210938,298.1426,1.145715951920e+00,346.2120,5.7203,5.7203,0.0000
244.477,98131.523438,298.1407,1.145680189133e+00,346.2109,5.7220,5.7220,0.0000
244.815,98127.671875,298.1387,1.145642995834e+00,346.2097,5.7237,5.7237,0.0000
245.154,98123.835938,298.1367,1.145606040955e+00,346.2086,5.7255,5.7255,0.0000
245.493,98120.101562,298.1347,1.145569682121e+00,346.2075,5.7272,5.7272,0.0000
245.832,98116.312500,298.1328,1.145532965660e+00,346.2063,5.7290,5.7290,0.0000
246.172,98112.468750,298.1307,1.145495891571e+00,346.2051,5.7307,5.7307,0.0000
246.513,98108.640625,298.1288,1.145458817482e+00,346.2040,5.7324,5.7324,0.0000
246.853,98104.750000,298.1267,1.145421385765e+00,346.2028,5.7342,5.7342,0.0000
247.195,98101.015625,298.1247,1.145385265350e+00,346.2017,5.7359,5.7359,0.0000
247.537,98097.187500,298.1227,1.145348191261e+00,346.2005,5.7376,5.7376,0.0000
247.879,98093.304688,298.1207,1.145310640335e+00,346.1994,5.7394,5.7394,0.0000
248.222,98089.500000,298.1187,1.145273804665e+00,346.1982,5.7411,5.7411,0.0000
248.565,98085.578125,298.1167,1.145235896111e+00,346.1971,5.7429,5.7429,0.0000
248.908,98081.781250,298.1147,1.145199179649e+00,346.1959,5.7446,5.7446,0.0000
249.253,98077.953125,298.1127,1.145161986351e+00,346.1948,5.7463,5.7463,0.0000
249.597,98074.109375,298.1107,1.145125150681e+00,346.1936,5.7481,5.7481,0.0000
249.942,98070.179688,298.1086,1.145087122917e+00,346.1924,5.7498,5.7498,0.0000
250.288,98066.265625,298.1067,1.145048856735e+00,346.1913,5.7516,5.7516,0.0000
250.634,98062.484375,298.1046,1.145012378693e+00,346.1901,5.7533,5.7533,0.0000
250.980,98058.585938,298.1026,1.144974827766e+00,346.1889,5.7551,5.7551,0.0000
251.328,98054.710938,298.1005,1.144937515259e+00,346.1877,5.7568,5.7568,0.0000
251.675,98050.781250,298.0985,1.144899368286e+00,346.1865,5.7586,5.7586,0.0000
252.023,98046.898438,298.0965,1.144861936569e+00,346.1853,5.7603,5.7603,0.0000
252.371,98042.937500,298.0944,1.144823431969e+00,346.1842,5.7621,5.7621,0.0000
252.720,98039.054688,298.0924,1.144786119461e+00,346.1830,5.7638,5.7638,0.0000
253.070,98035.132812,298.0903,1.144748091698e+00,346.1818,5.7656,5.7656,0.0000
253.420,98031.195312,298.0883,1.144710063934e+00,346.1806,5.7673,5.7673,0.0000
253.770,98027.320312,298.0862,1.144672632217e+00,346.1794,5.7691,5.7691,0.0000
254.121,98023.437500,298.0842,1.144635081291e+00,346.1783,5.7708,5.7708,0.0000
254.472,98019.515625,298.0822,1.144597172737e+00,346.1771,5.7726,5.7726,0.0000
254.824,98015.492188,298.0800,1.144558429718e+00,346.1758,5.7743,5.7743,0.0000
255.177,98011.523438,298.0780,1.144519925117e+00,346.1747,5.7761,5.7761,0.0000
255.529,98007.632812,298.0760,1.144482374191e+00,346.1735,5.7778,5.7778,0.0000
255.883,98003.671875,298.0739,1.144443631172e+00,346.1723,5.7796,5.7796,0.0000
256.236,97999.695312,298.0718,1.144405364990e+00,346.1711,5.7813,5.7813,0.0000
256.591,97995.726562,298.0697,1.144366979599e+00,346.1700,5.7831,5.7831,0.0000
256.945,97991.742188,298.0677,1.144328594208e+00,346.1688,5.7849,5.7849,0.0000
257.301,97987.734375,298.0656,1.144289612770e+00,346.1675,5.7866,5.7866,0.0000
257.657,97983.804688,298.0635,1.144251704216e+00,346.1663,5.7884,5.7884,0.0000
258.013,97979.796875,298.0614,1.144212841988e+00,346.1651,5.7901,5.7901,0.0000
258.369,97975.773438,298.0594,1.144173860550e+00,346.1639,5.7919,5.7919,0.0000
258.727,97971.796875,298.0573,1.144135594368e+00,346.1627,5.7937,5.7937,0.0000
259.084,97967.789062,298.0551,1.144096851349e+00,346.1615,5.7954,5.7954,0.0000
259.443,97963.804688,298.0531,1.144058346748e+00,346.1603,5.7972,5.7972,0.0000
259.801,97959.796875,298.0510,1.144019484520e+00,346.1591,5.7990,5.7990,0.0000
260.161,97955.726562,298.0488,1.143980264664e+00,346.1578,5.8007,5.8007,0.0000
260.520,97951.726562,298.0467,1.143941640854e+00,346.1566,5.8025,5.8025,0.0000
260.881,97947.656250,298.0446,1.143901944160e+00,346.1554,5.8042,5.8042,0.0000
261.241,97943.593750,298.0425,1.143862485886e+00,346.1542,5.8060,5.8060,0.0000
261.602,97939.570312,298.0404,1.143823742867e+00,346.1530,5.8078,5.8078,0.0000
261.964,97935.546875,298.0383,1.143784999847e+00,346.1518,5.8095,5.8095,0.0000
262.326,97931.484375,298.0362,1.143745660782e+00,346.1505,5.8113,5.8113,0.0000
262.689,97927.484375,298.0341,1.143707036972e+00,346.1493,5.8131,5.8131,0.0000
263.052,97923.320312,298.0319,1.143666982651e+00,346.1480,5.8149,5.8149,0.0000
263.416,97919.304688,298.0298,1.143627882004e+00,346.1469,5.8166,5.8166,0.0000
263.780,97915.281250,298.0277,1.143588900566e+00,346.1456,5.8184,5.8184,0.0000
264.145,97911.140625,298.0255,1.143548846245e+00,346.1444,5.8202,5.8202,0.0000
264.510,97907.015625,298.0234,1.143508911133e+00,346.1432,5.8219,5.8219,0.0000
264.876,97902.960938,298.0213,1.143469691277e+00,346.1419,5.8237,5.8237,0.0000
265.242,97898.859375,298.0191,1.143429994583e+00,346.1407,5.8255,5.8255,0.0000
265.609,97894.742188,298.0170,1.143390178680e+00,346.1394,5.8273,5.8273,0.0000
265.976,97890.632812,298.0148,1.143350362778e+00,346.1382,5.8290,5.8290,0.0000
266.344,97886.531250,298.0127,1.143310904503e+00,346.1369,5.8308,5.8308,0.0000
266.712,97882.421875,298.0105,1.143271088600e+00,346.1357,5.8326,5.8326,0.0000
267.081,97878.328125,298.0084,1.143231511116e+00,346.1345,5.8344,5.8344,0.0000
267.450,97874.203125,298.0062,1.143191695213e+00,346.1332,5.8361,5.8361,0.0000
267.820,97870.007812,298.0041,1.143150687218e+00,346.1320,5.8379,5.8379,0.0000
268.190,97865.914062,298.0019,1.143111228943e+00,346.1307,5.8397,5.8397,0.0000
268.561,97861.750000,297.9997,1.143071174622e+00,346.1294,5.8415,5.8415,0.0000
268.932,97857.546875,297.9976,1.143030166626e+00,346.1282,5.8433,5.8433,0.0000
269.304,97853.390625,297.9954,1.142989993095e+00,346.1270,5.8450,5.8450,0.0000
269.676,97849.242188,297.9932,1.142950057983e+00,346.1257,5.8468,5.8468,0.0000
270.049,97845.093750,297.9910,1.142910003662e+00,346.1244,5.8486,5.8486,0.0000
270.423,97840.843750,297.9888,1.142868757248e+00,346.1232,5.8504,5.8504,0.0000
270.797,97836.710938,297.9867,1.142828702927e+00,346.1219,5.8522,5.8522,0.0000
271.171,97832.554688,297.9844,1.142788529396e+00,346.1206,5.8539,5.8539,0.0000
271.546,97828.304688,297.9823,1.142747282982e+00,346.1194,5.8557,5.8557,0.0000
271.921,97824.109375,297.9800,1.142706751823e+00,346.1181,5.8575,5.8575,0.0000
272.297,97819.945312,297.9779,1.142666578293e+00,346.1169,5.8593,5.8593,0.0000
272.674,97815.710938,297.9757,1.142625451088e+00,346.1156,5.8611,5.8611,0.0000
273.051,97811.453125,297.9735,1.142584204674e+00,346.1143,5.8629,5.8629,0.0000
273.428,97807.210938,297.9713,1.142543196678e+00,346.1130,5.8647,5.8647,0.0000
273.806,97803.070312,297.9691,1.142503142357e+00,346.1118,5.8665,5.8665,0.0000
274.185,97798.828125,297.9669,1.142462015152e+00,346.1105,5.8682,5.8682,0.0000
274.564,97794.585938,297.9647,1.142420887947e+00,346.1092,5.8700,5.8700,0.0000
274.944,97790.343750,297.9624,1.142379879951e+00,346.1079,5.8718,5.8718,0.0000
275.324,97786.031250,297.9602,1.142338275909e+00,346.1066,5.8736,5.8736,0.0000
275.705,97781.851562,297.9580,1.142297744751e+00,346.1054,5.8754,5.8754,0.0000
276.086,97777.617188,297.9557,1.142256736755e+00,346.1041,5.8772,5.8772,0.0000
276.468,97773.328125,297.9535,1.142215251923e+00,346.1028,5.8790,5.8790,0.0000
276.850,97769.031250,297.9513,1.142173767090e+00,346.1015,5.8808,5.8808,0.0000
277.233,97764.687500,297.9490,1.142131567001e+00,346.1002,5.8826,5.8826,0.0000
277.616,97760.500000,297.9468,1.142091035843e+00,346.0989,5.8844,5.8844,0.0000
278.000,97756.164062,297.9445,1.142049074173e+00,346.0976,5.8862,5.8862,0.0000
278.384,97751.882812,297.9423,1.142007946968e+00,346.0963,5.8880,5.8880,0.0000
278.769,97747.539062,297.9401,1.141965627670e+00,346.0950,5.8898,5.8898,0.0000
279.154,97743.250000,297.9378,1.141924142838e+00,346.0937,5.8916,5.8916,0.0000
279.540,97738.968750,297.9356,1.141882777214e+00,346.0924,5.8934,5.8934,0.0000
279.927,97734.687500,297.9333,1.141841292381e+00,346.0912,5.8952,5.8952,0.0000
280.314,97730.296875,297.9310,1.141798973083e+00,346.0898,5.8970,5.8970,0.0000
280.702,97725.992188,297.9288,1.141757249832e+00,346.0885,5.8988,5.8988,0.0000
281.090,97721.632812,297.9265,1.141715049744e+00,346.0872,5.9006,5.9006,0.0000
281.478,97717.289062,297.9242,1.141672849655e+00,346.0858,5.9024,5.9024,0.0000
281.868,97712.968750,297.9219,1.141631007195e+00,346.0845,5.9042,5.9042,0.0000
282.257,97708.570312,297.9197,1.141588568687e+00,346.0832,5.9060,5.9060,0.0000
282.647,97704.257812,297.9174,1.141546845436e+00,346.0819,5.9078,5.9078,0.0000
283.038,97699.828125,297.9151,1.141503930092e+00,346.0806,5.9096,5.9096,0.0000
283.430,97695.492188,297.9128,1.141461610794e+00,346.0793,5.9114,5.9114,0.0000
283.822,97691.101562,297.9106,1.141419410706e+00,346.0780,5.9132,5.9132,0.0000
284.214,97686.726562,297.9083,1.141376972198e+00,346.0766,5.9150,5.9150,0.0000
284.607,97682.359375,297.9060,1.141334652901e+00,346.0753,5.9168,5.9168,0.0000
285.000,97677.921875,297.9037,1.141291856766e+00,346.0740,5.9186,5.9186,0.0000
285.394,97673.546875,297.9014,1.141249418259e+00,346.0727,5.9204,5.9204,0.0000
285.789,97669.179688,297.8990,1.141207098961e+00,346.0713,5.9222,5.9222,0.0000
286.184,97664.742188,297.8968,1.141164064407e+00,346.0700,5.9240,5.9240,0.0000
286.580,97660.281250,297.8944,1.141120910645e+00,346.0686,5.9259,5.9259,0.0000
286.976,97655.906250,297.8921,1.141078710556e+00,346.0673,5.9277,5.9277,0.0000
287.373,97651.445312,297.8898,1.141035437584e+00,346.0659,5.9295,5.9295,0.0000
287.770,97647.000000,297.8875,1.140992403030e+00,346.0646,5.9313,5.9313,0.0000
288.168,97642.578125,297.8851,1.140949726105e+00,346.0633,5.9331,5.9331,0.0000
288.567,97638.109375,297.8828,1.140906453133e+00,346.0620,5.9349,5.9349,0.0000
288.966,97633.648438,297.8805,1.140863060951e+00,346.0606,5.9367,5.9367,0.0000
289.365,97629.171875,297.8782,1.140819907188e+00,346.0592,5.9385,5.9385,0.0000
289.765,97624.757812,297.8759,1.140776753426e+00,346.0580,5.9404,5.9404,0.0000
290.166,97620.289062,297.8735,1.140733718872e+00,346.0565,5.9422,5.9422,0.0000
290.567,97615.804688,297.8712,1.140690445900e+00,346.0552,5.9440,5.9440,0.0000
290.969,97611.312500,297.8688,1.140646934509e+00,346.0538,5.9458,5.9458,0.0000
291.371,97606.781250,297.8665,1.140603065491e+00,346.0525,5.9476,5.9476,0.0000
291.774,97602.312500,297.8641,1.140559554100e+00,346.0511,5.9494,5.9494,0.0000
292.177,97597.804688,297.8618,1.140516042709e+00,346.0498,5.9513,5.9513,0.0000
292.581,97593.335938,297.8594,1.140472888947e+00,346.0484,5.9531,5.9531,0.0000
292.986,97588.804688,297.8571,1.140429019928e+00,346.0470,5.9549,5.9549,0.0000
293.391,97584.218750,297.8546,1.140384554863e+00,346.0457,5.9567,5.9567,0.0000
293.797,97579.703125,297.8523,1.140340685844e+00,346.0443,5.9585,5.9585,0.0000
294.203,97575.148438,297.8499,1.140296578407e+00,346.0429,5.9604,5.9604,0.0000
294.610,97570.640625,297.8476,1.140252828598e+00,346.0416,5.9622,5.9622,0.0000
295.017,97566.125000,297.8452,1.140209197998e+00,346.0402,5.9640,5.9640,0.0000
295.425,97561.554688,297.8428,1.140164971352e+00,346.0388,5.9658,5.9658,0.0000
295.833,97557.000000,297.8405,1.140120744705e+00,346.0374,5.9677,5.9677,0.0000
296.242,97552.437500,297.8380,1.140076637268e+00,346.0360,5.9695,5.9695,0.0000
296.652,97547.882812,297.8356,1.140032768250e+00,346.0347,5.9713,5.9713,0.0000
297.062,97543.320312,297.8333,1.139988303185e+00,346.0333,5.9731,5.9731,0.0000
297.473,97538.671875,297.8309,1.139943122864e+00,346.0320,5.9750,5.9750,0.0000
297.884,97534.078125,297.8284,1.139898777008e+00,346.0305,5.9768,5.9768,0.0000
298.296,97529.460938,297.8260,1.139854192734e+00,346.0291,5.9786,5.9786,0.0000
298.708,97524.906250,297.8236,1.139810085297e+00,346.0278,5.9805,5.9805,0.0000
299.121,97520.312500,297.8212,1.139765381813e+00,346.0263,5.9823,5.9823,0.0000
299.535,97515.695312,297.8188,1.139720916748e+00,346.0249,5.9841,5.9841,0.0000
299.949,97511.054688,297.8164,1.139675855637e+00,346.0235,5.9860,5.9860,0.0000
300.364,97506.445312,297.8140,1.139631152153e+00,346.0222,5.9878,5.9878,0.0000
300.779,97501.828125,297.8116,1.139586448669e+00,346.0207,5.9896,5.9896,0.0000
301.195,97497.250000,297.8091,1.139542222023e+00,346.0194,5.9915,5.9915,0.0000
301.612,97492.539062,297.8067,1.139496564865e+00,346.0180,5.9933,5.9933,0.0000
302.029,97487.890625,297.8043,1.139451503754e+00,346.0166,5.9951,5.9951,0.0000
302.446,97483.296875,297.8019,1.139406919479e+00,346.0152,5.9970,5.9970,0.0000
302.864,97478.546875,297.7994,1.139361023903e+00,346.0137,5.9988,5.9988,0.0000
303.283,97473.914062,297.7969,1.139316201210e+00,346.0123,6.0006,6.0006,0.0000
303.702,97469.265625,297.7945,1.139271020889e+00,346.0109,6.0025,6.0025,0.0000
304.122,97464.554688,297.7921,1.139225482941e+00,346.0095,6.0043,6.0043,0.0000
304.543,97459.875000,297.7896,1.139180064201e+00,346.0081,6.0061,6.0061,0.0000
304.964,97455.125000,297.7871,1.139134049416e+00,346.0067,6.0080,6.0080,0.0000
305.386,97450.484375,297.7847,1.139088988304e+00,346.0053,6.0098,6.0098,0.0000
305.808,97445.742188,297.7822,1.139043092728e+00,346.0038,6.0117,6.0117,0.0000
306.231,97441.007812,297.7798,1.138997197151e+00,346.0024,6.0135,6.0135,0.0000
306.654,97436.312500,297.7773,1.138951778412e+00,346.0010,6.0153,6.0153,0.0000
307.078,97431.625000,297.7748,1.138906478882e+00,345.9995,6.0172,6.0172,0.0000
307.503,97426.875000,297.7723,1.138860583305e+00,345.9980,6.0190,6.0190,0.0000
307.928,97422.078125,297.7699,1.138813853264e+00,345.9966,6.0209,6.0209,0.0000
308.354,97417.351562,297.7674,1.138768196106e+00,345.9952,6.0227,6.0227,0.0000
308.780,97412.671875,297.7649,1.138722777367e+00,345.9938,6.0246,6.0246,0.0000
309.207,97407.882812,297.7625,1.138676166534e+00,345.9924,6.0264,6.0264,0.0000
309.634,97403.054688,297.7599,1.138629436493e+00,345.9909,6.0283,6.0283,0.0000
310.062,97398.304688,297.7574,1.138583540916e+00,345.9894,6.0301,6.0301,0.0000
310.491,97393.578125,297.7549,1.138537645340e+00,345.9880,6.0319,6.0319,0.0000
310.920,97388.742188,297.7524,1.138491034508e+00,345.9866,6.0338,6.0338,0.0000
311.350,97383.921875,297.7499,1.138444185257e+00,345.9851,6.0356,6.0356,0.0000
311.781,97379.187500,297.7474,1.138398289680e+00,345.9837,6.0375,6.0375,0.0000
312.212,97374.445312,297.7449,1.138352274895e+00,345.9822,6.0393,6.0393,0.0000
312.644,97369.570312,297.7424,1.138305068016e+00,345.9808,6.0412,6.0412,0.0000
313.076,97364.734375,297.7399,1.138258099556e+00,345.9793,6.0430,6.0430,0.0000
313.509,97359.960938,297.7374,1.138211965561e+00,345.9779,6.0449,6.0449,0.0000
313.942,97355.125000,297.7348,1.138165235519e+00,345.9764,6.0467,6.0467,0.0000
314.376,97350.273438,297.7323,1.138118147850e+00,345.9749,6.0486,6.0486,0.0000
314.811,97345.437500,297.7297,1.138071298599e+00,345.9735,6.0505,6.0505,0.0000
315.246,97340.562500,297.7272,1.138023972511e+00,345.9720,6.0523,6.0523,0.0000
315.682,97335.687500,297.7247,1.137976646423e+00,345.9705,6.0542,6.0542,0.0000
316.119,97330.851562,297.7221,1.137929916382e+00,345.9691,6.0560,6.0560,0.0000
316.556,97326.070312,297.7196,1.137883663177e+00,345.9676,6.0579,6.0579,0.0000
316.993,97321.117188,297.7170,1.137835621834e+00,345.9661,6.0597,6.0597,0.0000
317.432,97316.234375,297.7145,1.137788295746e+00,345.9647,6.0616,6.0616,0.0000
317.870,97311.375000,297.7119,1.137741088867e+00,345.9632,6.0634,6.0634,0.0000
318.310,97306.500000,297.7094,1.137693881989e+00,345.9617,6.0653,6.0653,0.0000
318.750,97301.578125,297.7068,1.137646079063e+00,345.9602,6.0672,6.0672,0.0000
319.191,97296.601562,297.7042,1.137598037720e+00,345.9587,6.0690,6.0690,0.0000
319.632,97291.679688,297.7017,1.137550234795e+00,345.9572,6.0709,6.0709,0.0000
320.074,97286.835938,297.6990,1.137503385544e+00,345.9557,6.0727,6.0727,0.0000
320.517,97281.859375,297.6965,1.137454986572e+00,345.9543,6.0746,6.0746,0.0000
320.960,97276.953125,297.6939,1.137407302856e+00,345.9529,6.0765,6.0765,0.0000
321.404,97272.031250,297.6913,1.137359619141e+00,345.9513,6.0783,6.0783,0.0000
321.848,97267.054688,297.6887,1.137311697006e+00,345.9498,6.0802,6.0802,0.0000
322.293,97262.101562,297.6862,1.137263536453e+00,345.9483,6.0821,6.0821,0.0000
322.739,97257.148438,297.6836,1.137215375900e+00,345.9468,6.0839,6.0839,0.0000
323.185,97252.164062,297.6809,1.137167334557e+00,345.9452,6.0858,6.0858,0.0000
323.632,97247.250000,297.6783,1.137119770050e+00,345.9438,6.0876,6.0876,0.0000
324.079,97242.195312,297.6758,1.137070417404e+00,345.9423,6.0895,6.0895,0.0000
324.527,97237.242188,297.6731,1.137022495270e+00,345.9407,6.0914,6.0914,0.0000
324.976,97232.281250,297.6705,1.136974453926e+00,345.9392,6.0932,6.0932,0.0000
325.425,97227.226562,297.6679,1.136925220490e+00,345.9378,6.0951,6.0951,0.0000
325.875,97222.273438,297.6653,1.136877417564e+00,345.9362,6.0970,6.0970,0.0000
326.326,97217.265625,297.6627,1.136828780174e+00,345.9347,6.0989,6.0989,0.0000
326.777,97212.257812,297.6601,1.136780261993e+00,345.9332,6.1007,6.1007,0.0000
327.229,97207.210938,297.6574,1.136731386185e+00,345.9317,6.1026,6.1026,0.0000
327.681,97202.156250,297.6548,1.136682152748e+00,345.9301,6.1045,6.1045,0.0000
328.134,97197.179688,297.6522,1.136634111404e+00,345.9286,6.1063,6.1063,0.0000
328.588,97192.046875,297.6495,1.136584281921e+00,345.9271,6.1082,6.1082,0.0000
329.042,97187.039062,297.6469,1.136535763741e+00,345.9256,6.1101,6.1101,0.0000
329.497,97181.992188,297.6442,1.136487007141e+00,345.9240,6.1120,6.1120,0.0000
329.953,97176.890625,297.6415,1.136437416077e+00,345.9225,6.1138,6.1138,0.0000
330.409,97171.796875,297.6389,1.136387825012e+00,345.9210,6.1157,6.1157,0.0000
330.866,97166.703125,297.6362,1.136338591576e+00,345.9195,6.1176,6.1176,0.0000
331.323,97161.640625,297.6336,1.136289596558e+00,345.9179,6.1195,6.1195,0.0000
331.781,97156.546875,297.6309,1.136240243912e+00,345.9163,6.1213,6.1213,0.0000
332.240,97151.445312,297.6282,1.136191010475e+00,345.9148,6.1232,6.1232,0.0000
332.700,97146.359375,297.6256,1.136141300201e+00,345.9133,6.1251,6.1251,0.0000
333.160,97141.265625,297.6229,1.136091947556e+00,345.9117,6.1270,6.1270,0.0000
333.620,97136.132812,297.6202,1.136041998863e+00,345.9102,6.1288,6.1288,0.0000
334.081,97131.023438,297.6176,1.135992646217e+00,345.9086,6.1307,6.1307,0.0000
334.543,97125.851562,297.6148,1.135942459106e+00,345.9071,6.1326,6.1326,0.0000
335.006,97120.703125,297.6122,1.135892629623e+00,345.9055,6.1345,6.1345,0.0000
335.469,97115.617188,297.6095,1.135843157768e+00,345.9040,6.1364,6.1364,0.0000
335.933,97110.421875,297.6068,1.135792851448e+00,345.9024,6.1382,6.1382,0.0000
336.397,97105.226562,297.6040,1.135742306709e+00,345.9008,6.1401,6.1401,0.0000
336.863,97100.093750,297.6013,1.135692834854e+00,345.8992,6.1420,6.1420,0.0000
337.328,97094.867188,297.5986,1.135642170906e+00,345.8976,6.1439,6.1439,0.0000
337.795,97089.687500,297.5959,1.135591745377e+00,345.8961,6.1458,6.1458,0.0000
338.262,97084.484375,297.5932,1.135541319847e+00,345.8945,6.1477,6.1477,0.0000
338.729,97079.312500,297.5905,1.135491251945e+00,345.8929,6.1496,6.1496,0.0000
339.198,97074.039062,297.5877,1.135439991951e+00,345.8914,6.1514,6.1514,0.0000
339.667,97068.851562,297.5850,1.135389566422e+00,345.8898,6.1533,6.1533,0.0000
340.136,97063.710938,297.5823,1.135339856148e+00,345.8882,6.1552,6.1552,0.0000
340.607,97058.476562,297.5796,1.135289072990e+00,345.8867,6.1571,6.1571,0.0000
341.078,97053.250000,297.5768,1.135238289833e+00,345.8851,6.1590,6.1590,0.0000
341.549,97048.023438,297.5741,1.135187625885e+00,345.8835,6.1609,6.1609,0.0000
342.021,97042.750000,297.5714,1.135136365891e+00,345.8819,6.1628,6.1628,0.0000
342.494,97037.476562,297.5686,1.135085225105e+00,345.8803,6.1647,6.1647,0.0000
342.968,97032.289062,297.5659,1.135034918785e+00,345.8788,6.1665,6.1665,0.0000
343.442,97026.968750,297.5631,1.134983301163e+00,345.8771,6.1684,6.1684,0.0000
343.917,97021.687500,297.5603,1.134932160378e+00,345.8755,6.1703,6.1703,0.0000
344.393,97016.421875,297.5575,1.134881258011e+00,345.8739,6.1722,6.1722,0.0000
344.869,97011.148438,297.5548,1.134829998016e+00,345.8723,6.1741,6.1741,0.0000
345.346,97005.820312,297.5520,1.134778261185e+00,345.8708,6.1760,6.1760,0.0000
345.823,97000.554688,297.5492,1.134727239609e+00,345.8691,6.1779,6.1779,0.0000
346.301,96995.179688,297.5464,1.134675264359e+00,345.8675,6.1798,6.1798,0.0000
346.780,96989.921875,297.5437,1.134624123573e+00,345.8659,6.1817,6.1817,0.0000
347.259,96984.562500,297.5409,1.134571909904e+00,345.8643,6.1836,6.1836,0.0000
347.740,96979.273438,297.5381,1.134520649910e+00,345.8626,6.1855,6.1855,0.0000
348.220,96973.875000,297.5353,1.134468317032e+00,345.8611,6.1874,6.1874,0.0000
348.702,96968.562500,297.5325,1.134416699409e+00,345.8594,6.1893,6.1893,0.0000
349.184,96963.234375,297.5297,1.134365081787e+00,345.8578,6.1912,6.1912,0.0000
349.667,96957.820312,297.5269,1.134312510490e+00,345.8562,6.1931,6.1931,0.0000
350.150,96952.453125,297.5241,1.134260416031e+00,345.8546,6.1950,6.1950,0.0000
350.634,96947.109375,297.5212,1.134208679199e+00,345.8529,6.1969,6.1969,0.0000
351.119,96941.750000,297.5184,1.134156584740e+00,345.8513,6.1988,6.1988,0.0000
351.605,96936.328125,297.5156,1.134104013443e+00,345.8497,6.2007,6.2007,0.0000
352.091,96930.921875,297.5128,1.134051322937e+00,345.8481,6.2026,6.2026,0.0000
352.578,96925.562500,297.5100,1.133999586105e+00,345.8464,6.2045,6.2045,0.0000
353.065,96920.148438,297.5071,1.133946895599e+00,345.8448,6.2064,6.2064,0.0000
353.553,96914.750000,297.5043,1.133894562721e+00,345.8431,6.2083,6.2083,0.0000
354.042,96909.242188,297.5014,1.133841156960e+00,345.8415,6.2102,6.2102,0.0000
354.532,96903.851562,297.4986,1.133788585663e+00,345.8399,6.2121,6.2121,0.0000
355.022,96898.382812,297.4958,1.133735656738e+00,345.8382,6.2140,6.2140,0.0000
355.513,96892.937500,297.4929,1.133682847023e+00,345.8366,6.2159,6.2159,0.0000
356.004,96887.531250,297.4901,1.133630514145e+00,345.8349,6.2178,6.2178,0.0000
356.496,96882.039062,297.4872,1.133576989174e+00,345.8333,6.2197,6.2197,0.0000
356.989,96876.539062,297.4843,1.133523821831e+00,345.8315,6.2216,6.2216,0.0000
357.483,96871.078125,297.4814,1.133470892906e+00,345.8299,6.2235,6.2235,0.0000
357.977,96865.578125,297.4786,1.133417367935e+00,345.8282,6.2255,6.2255,0.0000
358.472,96860.156250,297.4757,1.133364677429e+00,345.8266,6.2274,6.2274,0.0000
358.968,96854.593750,297.4728,1.133310794830e+00,345.8249,6.2293,6.2293,0.0000
359.464,96849.140625,297.4699,1.133257985115e+00,345.8232,6.2312,6.2312,0.0000
359.961,96843.593750,297.4671,1.133204102516e+00,345.8216,6.2331,6.2331,0.0000
360.459,96838.117188,297.4642,1.133150696754e+00,345.8200,6.2350,6.2350,0.0000
360.957,96832.515625,297.4613,1.133096456528e+00,345.8183,6.2369,6.2369,0.0000
361.456,96827.039062,297.4583,1.133043408394e+00,345.8166,6.2388,6.2388,0.0000
361.956,96821.484375,297.4555,1.132989406586e+00,345.8149,6.2407,6.2407,0.0000
362.457,96815.968750,297.4525,1.132935881615e+00,345.8133,6.2427,6.2427,0.0000
362.958,96810.367188,297.4496,1.132881522179e+00,345.8115,6.2446,6.2446,0.0000
363.460,96804.828125,297.4467,1.132827520370e+00,345.8098,6.2465,6.2465,0.0000
363.962,96799.242188,297.4438,1.132773518562e+00,345.8082,6.2484,6.2484,0.0000
364.465,96793.695312,297.4409,1.132719755173e+00,345.8065,6.2503,6.2503,0.0000
364.969,96788.117188,297.4380,1.132665634155e+00,345.8048,6.2522,6.2522,0.0000
365.474,96782.476562,297.4350,1.132610917091e+00,345.8031,6.2542,6.2542,0.0000
365.979,96776.898438,297.4321,1.132556676865e+00,345.8014,6.2561,6.2561,0.0000
366.485,96771.273438,297.4291,1.132502079010e+00,345.7997,6.2580,6.2580,0.0000
366.992,96765.632812,297.4262,1.132447481155e+00,345.7980,6.2599,6.2599,0.0000
367.499,96760.046875,297.4233,1.132393002510e+00,345.7963,6.2618,6.2618,0.0000
368.007,96754.375000,297.4203,1.132338047028e+00,345.7946,6.2638,6.2638,0.0000
368.516,96748.765625,297.4174,1.132283449173e+00,345.7929,6.2657,6.2657,0.0000
369.026,96743.164062,297.4144,1.132229328156e+00,345.7912,6.2676,6.2676,0.0000
369.536,96737.406250,297.4114,1.132173180580e+00,345.7895,6.2695,6.2695,0.0000
370.047,96731.781250,297.4085,1.132118463516e+00,345.7878,6.2714,6.2714,0.0000
370.559,96726.109375,297.4055,1.132063508034e+00,345.7860,6.2734,6.2734,0.0000
371.071,96720.421875,297.4025,1.132008314133e+00,345.7843,6.2753,6.2753,0.0000
371.584,96714.726562,297.3996,1.131952762604e+00,345.7826,6.2772,6.2772,0.0000
372.098,96709.140625,297.3966,1.131898760796e+00,345.7809,6.2791,6.2791,0.0000
372.612,96703.375000,297.3936,1.131842732430e+00,345.7791,6.2811,6.2811,0.0000
373.127,96697.695312,297.3906,1.131787657738e+00,345.7774,6.2830,6.2830,0.0000
373.643,96692.023438,297.3876,1.131732702255e+00,345.7757,6.2849,6.2849,0.0000
374.160,96686.218750,297.3846,1.131676316261e+00,345.7739,6.2868,6.2868,0.0000
374.677,96680.554688,297.3816,1.131621241570e+00,345.7722,6.2888,6.2888,0.0000
375.195,96674.789062,297.3786,1.131565093994e+00,345.7704,6.2907,6.2907,0.0000
375.714,96669.023438,297.3756,1.131509304047e+00,345.7687,6.2926,6.2926,0.0000
376.234,96663.304688,297.3726,1.131453633308e+00,345.7670,6.2946,6.2946,0.0000
376.754,96657.507812,297.3695,1.131397247314e+00,345.7652,6.2965,6.2965,0.0000
377.275,96651.789062,297.3665,1.131341934204e+00,345.7635,6.2984,6.2984,0.0000
377.796,96645.976562,297.3635,1.131285309792e+00,345.7617,6.3003,6.3003,0.0000
378.319,96640.171875,297.3605,1.131229043007e+00,345.7600,6.3023,6.3023,0.0000
378.842,96634.453125,297.3575,1.131173491478e+00,345.7583,6.3042,6.3042,0.0000
379.366,96628.601562,297.3544,1.131116747856e+00,345.7565,6.3061,6.3061,0.0000
379.890,96622.796875,297.3513,1.131060361862e+00,345.7547,6.3081,6.3081,0.0000
380.415,96616.945312,297.3483,1.131003499031e+00,345.7529,6.3100,6.3100,0.0000
380.941,96611.179688,297.3453,1.130947589874e+00,345.7511,6.3119,6.3119,0.0000
381.468,96605.335938,297.3422,1.130890846252e+00,345.7494,6.3139,6.3139,0.0000
381.995,96599.421875,297.3391,1.130833268166e+00,345.7476,6.3158,6.3158,0.0000
382.524,96593.679688,297.3361,1.130777359009e+00,345.7459,6.3178,6.3178,0.0000
383.053,96587.773438,297.3330,1.130720257759e+00,345.7441,6.3197,6.3197,0.0000
383.582,96581.882812,297.3299,1.130663037300e+00,345.7423,6.3216,6.3216,0.0000
384.113,96576.039062,297.3268,1.130606293678e+00,345.7405,6.3236,6.3236,0.0000
384.644,96570.187500,297.3238,1.130549550056e+00,345.7387,6.3255,6.3255,0.0000
385.175,96564.296875,297.3207,1.130492091179e+00,345.7370,6.3274,6.3274,0.0000
385.708,96558.398438,297.3176,1.130434989929e+00,345.7351,6.3294,6.3294,0.0000
386.241,96552.468750,297.3145,1.130377173424e+00,345.7333,6.3313,6.3313,0.0000
386.775,96546.625000,297.3114,1.130320429802e+00,345.7316,6.3333,6.3333,0.0000
387.310,96540.679688,297.3083,1.130262732506e+00,345.7298,6.3352,6.3352,0.0000
387.846,96534.796875,297.3052,1.130205631256e+00,345.7280,6.3371,6.3371,0.0000
388.382,96528.851562,297.3021,1.130147933960e+00,345.7262,6.3391,6.3391,0.0000
388.919,96522.882812,297.2990,1.130089759827e+00,345.7244,6.3410,6.3410,0.0000
389.457,96516.929688,297.2959,1.130032062531e+00,345.7226,6.3430,6.3430,0.0000
389.995,96510.992188,297.2928,1.129974246025e+00,345.7208,6.3449,6.3449,0.0000
390.534,96505.054688,297.2896,1.129916667938e+00,345.7190,6.3469,6.3469,0.0000
391.074,96499.015625,297.2865,1.129858016968e+00,345.7172,6.3488,6.3488,0.0000
391.615,96493.031250,297.2834,1.129799723625e+00,345.7154,6.3507,6.3507,0.0000
392.156,96487.109375,297.2802,1.129742383957e+00,345.7136,6.3527,6.3527,0.0000
392.699,96481.078125,297.2771,1.129683852196e+00,345.7117,6.3546,6.3546,0.0000
393.242,96475.070312,297.2739,1.129625201225e+00,345.7099,6.3566,6.3566,0.0000
393.785,96469.078125,297.2708,1.129567027092e+00,345.7081,6.3585,6.3585,0.0000
394.330,96463.054688,297.2676,1.129508614540e+00,345.7062,6.3605,6.3605,0.0000
394.875,96457.023438,297.2644,1.129449963570e+00,345.7044,6.3624,6.3624,0.0000
395.421,96450.992188,297.2613,1.129391431808e+00,345.7026,6.3644,6.3644,0.0000
395.968,96444.929688,297.2581,1.129332304001e+00,345.7008,6.3663,6.3663,0.0000
396.515,96438.898438,297.2550,1.129273772240e+00,345.6989,6.3683,6.3683,0.0000
397.063,96432.843750,297.2518,1.129214882851e+00,345.6971,6.3702,6.3702,0.0000
397.612,96426.820312,297.2486,1.129156351089e+00,345.6953,6.3722,6.3722,0.0000
398.162,96420.695312,297.2454,1.129096746445e+00,345.6934,6.3741,6.3741,0.0000
398.713,96414.671875,297.2422,1.129038214684e+00,345.6916,6.3761,6.3761,0.0000
399.264,96408.507812,297.2390,1.128978490829e+00,345.6897,6.3780,6.3780,0.0000
399.816,96402.406250,297.2358,1.128919124603e+00,345.6879,6.3800,6.3800,0.0000
400.369,96396.328125,297.2326,1.128860116005e+00,345.6860,6.3819,6.3819,0.0000
400.922,96390.210938,297.2295,1.128800511360e+00,345.6842,6.3839,6.3839,0.0000
401.477,96384.023438,297.2262,1.128740191460e+00,345.6823,6.3859,6.3859,0.0000
402.032,96377.945312,297.2230,1.128681421280e+00,345.6804,6.3878,6.3878,0.0000
402.588,96371.757812,297.2197,1.128621220589e+00,345.6786,6.3898,6.3898,0.0000
403.144,96365.632812,297.2165,1.128561854362e+00,345.6767,6.3917,6.3917,0.0000
403.702,96359.484375,297.2133,1.128501892090e+00,345.6749,6.3937,6.3937,0.0000
404.260,96353.382812,297.2101,1.128442525864e+00,345.6730,6.3956,6.3956,0.0000
404.819,96347.203125,297.2069,1.128382563591e+00,345.6711,6.3976,6.3976,0.0000
405.379,96340.968750,297.2036,1.128321886063e+00,345.6693,6.3996,6.3996,0.0000
405.939,96334.851562,297.2004,1.128262400627e+00,345.6674,6.4015,6.4015,0.0000
406.500,96328.554688,297.1971,1.128201246262e+00,345.6654,6.4035,6.4035,0.0000
407.062,96322.398438,297.1939,1.128141403198e+00,345.6636,6.4054,6.4054,0.0000
407.625,96316.203125,297.1906,1.128081202507e+00,345.6617,6.4074,6.4074,0.0000
408.189,96309.906250,297.1873,1.128019809723e+00,345.6598,6.4094,6.4094,0.0000
408.753,96303.757812,297.1841,1.127960205078e+00,345.6579,6.4113,6.4113,0.0000
409.318,96297.507812,297.1808,1.127899408340e+00,345.6560,6.4133,6.4133,0.0000
409.884,96291.218750,297.1776,1.127838015556e+00,345.6542,6.4153,6.4153,0.0000
410.451,96284.984375,297.1742,1.127777814865e+00,345.6522,6.4172,6.4172,0.0000
411.019,96278.726562,297.1710,1.127717018127e+00,345.6504,6.4192,6.4192,0.0000
411.587,96272.437500,297.1677,1.127655744553e+00,345.6484,6.4211,6.4211,0.0000
412.156,96266.148438,297.1644,1.127594709396e+00,345.6465,6.4231,6.4231,0.0000
412.726,96259.851562,297.1611,1.127533555031e+00,345.6446,6.4251,6.4251,0.0000
413.296,96253.570312,297.1578,1.127472400665e+00,345.6427,6.4270,6.4270,0.0000
413.868,96247.257812,297.1544,1.127410531044e+00,345.6408,6.4290,6.4290,0.0000
414.440,96241.007812,297.1512,1.127350091934e+00,345.6389,6.4310,6.4310,0.0000
415.013,96234.671875,297.1479,1.127288341522e+00,345.6370,6.4329,6.4329,0.0000
415.587,96228.296875,297.1445,1.127226471901e+00,345.6351,6.4349,6.4349,0.0000
416.162,96221.960938,297.1412,1.127164840698e+00,345.6331,6.4369,6.4369,0.0000
416.737,96215.632812,297.1378,1.127103447914e+00,345.6312,6.4389,6.4389,0.0000
417.313,96209.250000,297.1346,1.127041101456e+00,345.6293,6.4408,6.4408,0.0000
417.890,96202.906250,297.1312,1.126979827881e+00,345.6273,6.4428,6.4428,0.0000
418.468,96196.500000,297.1278,1.126917243004e+00,345.6254,6.4448,6.4448,0.0000
419.047,96190.164062,297.1245,1.126855611801e+00,345.6235,6.4467,6.4467,0.0000
419.626,96183.781250,297.1212,1.126793622971e+00,345.6216,6.4487,6.4487,0.0000
420.206,96177.343750,297.1178,1.126731038094e+00,345.6196,6.4507,6.4507,0.0000
420.787,96170.945312,297.1144,1.126668810844e+00,345.6176,6.4527,6.4527,0.0000
421.369,96164.531250,297.1111,1.126606464386e+00,345.6157,6.4546,6.4546,0.0000
421.951,96158.125000,297.1077,1.126543998718e+00,345.6138,6.4566,6.4566,0.0000
422.535,96151.632812,297.1043,1.126481175423e+00,345.6118,6.4586,6.4586,0.0000
423.119,96145.179688,297.1009,1.126418113708e+00,345.6098,6.4606,6.4606,0.0000
423.704,96138.804688,297.0976,1.126356244087e+00,345.6078,6.4625,6.4625,0.0000
424.290,96132.398438,297.0941,1.126294016838e+00,345.6059,6.4645,6.4645,0.0000
424.877,96125.890625,297.0908,1.126230597496e+00,345.6039,6.4665,6.4665,0.0000
425.464,96119.421875,297.0874,1.126167654991e+00,345.6020,6.4685,6.4685,0.0000
426.052,96112.867188,297.0839,1.126104116440e+00,345.6000,6.4704,6.4704,0.0000
426.641,96106.406250,297.0806,1.126040935516e+00,345.5981,6.4724,6.4724,0.0000
427.231,96099.945312,297.0771,1.125978231430e+00,345.5961,6.4744,6.4744,0.0000
427.822,96093.453125,297.0737,1.125915050507e+00,345.5941,6.4764,6.4764,0.0000
428.414,96086.921875,297.0703,1.125851631165e+00,345.5921,6.4784,6.4784,0.0000
429.006,96080.382812,297.0669,1.125787734985e+00,345.5901,6.4803,6.4803,0.0000
429.599,96073.835938,297.0634,1.125724315643e+00,345.5882,6.4823,6.4823,0.0000
430.193,96067.281250,297.0600,1.125660419464e+00,345.5862,6.4843,6.4843,0.0000
430.788,96060.734375,297.0566,1.125596642494e+00,345.5841,6.4863,6.4863,0.0000
431.383,96054.234375,297.0531,1.125533461571e+00,345.5822,6.4883,6.4883,0.0000
431.980,96047.593750,297.0497,1.125468850136e+00,345.5802,6.4902,6.4902,0.0000
432.577,96041.039062,297.0462,1.125405192375e+00,345.5782,6.4922,6.4922,0.0000
433.175,96034.437500,297.0428,1.125340819359e+00,345.5761,6.4942,6.4942,0.0000
433.774,96027.898438,297.0394,1.125277161598e+00,345.5742,6.4962,6.4962,0.0000
434.374,96021.218750,297.0358,1.125212311745e+00,345.5722,6.4982,6.4982,0.0000
434.975,96014.609375,297.0324,1.125148177147e+00,345.5702,6.5002,6.5002,0.0000
435.576,96007.937500,297.0289,1.125083088875e+00,345.5681,6.5022,6.5022,0.0000
436.178,96001.335938,297.0254,1.125018835068e+00,345.5661,6.5041,6.5041,0.0000
436.781,95994.703125,297.0219,1.124954104424e+00,345.5641,6.5061,6.5061,0.0000
437.385,95988.117188,297.0185,1.124890208244e+00,345.5621,6.5081,6.5081,0.0000
437.990,95981.382812,297.0150,1.124824643135e+00,345.5601,6.5101,6.5101,0.0000
438.596,95974.796875,297.0115,1.124760508537e+00,345.5580,6.5121,6.5121,0.0000
439.202,95968.062500,297.0080,1.124694824219e+00,345.5560,6.5141,6.5141,0.0000
439.809,95961.421875,297.0045,1.124630570412e+00,345.5540,6.5161,6.5161,0.0000
440.417,95954.695312,297.0009,1.124564886093e+00,345.5519,6.5181,6.5181,0.0000
441.026,95948.015625,296.9974,1.124500036240e+00,345.5499,6.5201,6.5201,0.0000
441.636,95941.312500,296.9939,1.124434590340e+00,345.5479,6.5220,6.5220,0.0000
442.247,95934.562500,296.9904,1.124369025230e+00,345.5458,6.5240,6.5240,0.0000
442.858,95927.835938,296.9868,1.124303698540e+00,345.5438,6.5260,6.5260,0.0000
443.470,95921.109375,296.9833,1.124238133430e+00,345.5417,6.5280,6.5280,0.0000
444.084,95914.351562,296.9797,1.124172329903e+00,345.5397,6.5300,6.5300,0.0000
444.698,95907.593750,296.9762,1.124106526375e+00,345.5377,6.5320,6.5320,0.0000
445.312,95900.835938,296.9727,1.124040722847e+00,345.5356,6.5340,6.5340,0.0000
445.928,95894.101562,296.9691,1.123975157738e+00,345.5335,6.5360,6.5360,0.0000
446.545,95887.296875,296.9655,1.123908877373e+00,345.5315,6.5380,6.5380,0.0000
447.162,95880.515625,296.9619,1.123843073845e+00,345.5294,6.5400,6.5400,0.0000
447.780,95873.656250,296.9584,1.123776078224e+00,345.5273,6.5420,6.5420,0.0000
448.400,95866.929688,296.9548,1.123710751534e+00,345.5253,6.5440,6.5440,0.0000
449.020,95859.984375,296.9512,1.123643159866e+00,345.5232,6.5460,6.5460,0.0000
449.640,95853.234375,296.9476,1.123577356339e+00,345.5211,6.5480,6.5480,0.0000
450.262,95846.414062,296.9441,1.123510956764e+00,345.5190,6.5500,6.5500,0.0000
450.885,95839.562500,296.9405,1.123444318771e+00,345.5169,6.5520,6.5520,0.0000
451.508,95832.710938,296.9369,1.123377323151e+00,345.5149,6.5540,6.5540,0.0000
452.132,95825.843750,296.9333,1.123310565948e+00,345.5128,6.5560,6.5560,0.0000
452.757,95818.937500,296.9296,1.123243808746e+00,345.5107,6.5580,6.5580,0.0000
453.383,95812.093750,296.9260,1.123176932335e+00,345.5086,6.5600,6.5600,0.0000
454.010,95805.187500,296.9224,1.123109817505e+00,345.5065,6.5620,6.5620,0.0000
454.638,95798.296875,296.9188,1.123042583466e+00,345.5044,6.5640,6.5640,0.0000
455.267,95791.421875,296.9152,1.122975468636e+00,345.5023,6.5660,6.5660,0.0000
455.896,95784.468750,296.9116,1.122907876968e+00,345.5002,6.5680,6.5680,0.0000
456.526,95777.523438,296.9079,1.122840285301e+00,345.4981,6.5700,6.5700,0.0000
457.158,95770.664062,296.9043,1.122773528099e+00,345.4960,6.5720,6.5720,0.0000
457.790,95763.625000,296.9006,1.122704982758e+00,345.4939,6.5740,6.5740,0.0000
458.423,95756.703125,296.8970,1.122637510300e+00,345.4918,6.5760,6.5760,0.0000
459.057,95749.710938,296.8933,1.122569561005e+00,345.4897,6.5780,6.5780,0.0000
459.691,95742.828125,296.8896,1.122502446175e+00,345.4875,6.5800,6.5800,0.0000
460.327,95735.828125,296.8860,1.122434258461e+00,345.4854,6.5820,6.5820,0.0000
460.963,95728.757812,296.8823,1.122365355492e+00,345.4833,6.5840,6.5840,0.0000
461.601,95721.820312,296.8786,1.122297644615e+00,345.4812,6.5860,6.5860,0.0000
462.239,95714.789062,296.8749,1.122229337692e+00,345.4790,6.5880,6.5880,0.0000
462.878,95707.710938,296.8712,1.122160434723e+00,345.4769,6.5900,6.5900,0.0000
463.518,95700.828125,296.8676,1.122093558311e+00,345.4748,6.5921,6.5921,0.0000
464.159,95693.703125,296.8638,1.122024178505e+00,345.4726,6.5941,6.5941,0.0000
464.801,95686.640625,296.8601,1.121955275536e+00,345.4705,6.5961,6.5961,0.0000
465.443,95679.617188,296.8564,1.121886730194e+00,345.4684,6.5981,6.5981,0.0000
466.087,95672.484375,296.8527,1.121817350388e+00,345.4662,6.6001,6.6001,0.0000
466.731,95665.460938,296.8490,1.121748924255e+00,345.4641,6.6021,6.6021,0.0000
467.377,95658.367188,296.8453,1.121679663658e+00,345.4619,6.6041,6.6041,0.0000
468.023,95651.281250,296.8416,1.121610641479e+00,345.4597,6.6061,6.6061,0.0000
468.670,95644.171875,296.8378,1.121541500092e+00,345.4575,6.6081,6.6081,0.0000
469.318,95637.054688,296.8341,1.121472120285e+00,345.4554,6.6102,6.6102,0.0000
469.967,95629.984375,296.8304,1.121403217316e+00,345.4532,6.6122,6.6122,0.0000
470.617,95622.812500,296.8266,1.121333599091e+00,345.4510,6.6142,6.6142,0.0000
471.267,95615.671875,296.8228,1.121263742447e+00,345.4489,6.6162,6.6162,0.0000
471.919,95608.523438,296.8191,1.121194005013e+00,345.4467,6.6182,6.6182,0.0000
472.571,95601.351562,296.8153,1.121124386787e+00,345.4445,6.6202,6.6202,0.0000
473.225,95594.187500,296.8116,1.121054649353e+00,345.4424,6.6222,6.6222,0.0000
473.879,95587.031250,296.8078,1.120984911919e+00,345.4402,6.6243,6.6243,0.0000
474.534,95579.843750,296.8040,1.120914816856e+00,345.4380,6.6263,6.6263,0.0000
475.190,95572.625000,296.8003,1.120844483376e+00,345.4358,6.6283,6.6283,0.0000
475.847,95565.343750,296.7964,1.120773434639e+00,345.4336,6.6303,6.6303,0.0000
476.505,95558.187500,296.7927,1.120703697205e+00,345.4314,6.6323,6.6323,0.0000
477.164,95550.992188,296.7889,1.120633721352e+00,345.4292,6.6344,6.6344,0.0000
477.824,95543.742188,296.7851,1.120563149452e+00,345.4270,6.6364,6.6364,0.0000
478.485,95536.460938,296.7812,1.120492100716e+00,345.4248,6.6384,6.6384,0.0000
479.146,95529.312500,296.7774,1.120422601700e+00,345.4226,6.6404,6.6404,0.0000
479.809,95521.976562,296.7736,1.120350956917e+00,345.4204,6.6424,6.6424,0.0000
480.472,95514.687500,296.7698,1.120279908180e+00,345.4182,6.6445,6.6445,0.0000
481.136,95507.445312,296.7660,1.120209217072e+00,345.4160,6.6465,6.6465,0.0000
481.802,95500.195312,296.7622,1.120138764381e+00,345.4138,6.6485,6.6485,0.0000
482.468,95492.835938,296.7583,1.120067000389e+00,345.4115,6.6505,6.6505,0.0000
483.135,95485.492188,296.7544,1.119995594025e+00,345.4093,6.6525,6.6525,0.0000
483.803,95478.210938,296.7506,1.119924664497e+00,345.4071,6.6546,6.6546,0.0000
484.472,95470.890625,296.7468,1.119853138924e+00,345.4049,6.6566,6.6566,0.0000
485.142,95463.500000,296.7429,1.119781136513e+00,345.4026,6.6586,6.6586,0.0000
485.812,95456.117188,296.7390,1.119709134102e+00,345.4004,6.6606,6.6606,0.0000
486.484,95448.843750,296.7352,1.119638323784e+00,345.3981,6.6627,6.6627,0.0000
487.157,95441.429688,296.7313,1.119566082954e+00,345.3959,6.6647,6.6647,0.0000
487.830,95434.070312,296.7274,1.119494318962e+00,345.3936,6.6667,6.6667,0.0000
488.505,95426.679688,296.7235,1.119422316551e+00,345.3914,6.6688,6.6688,0.0000
489.180,95419.226562,296.7196,1.119349360466e+00,345.3891,6.6708,6.6708,0.0000
489.857,95411.898438,296.7158,1.119278073311e+00,345.3869,6.6728,6.6728,0.0000
490.534,95404.398438,296.7118,1.119204998016e+00,345.3846,6.6748,6.6748,0.0000
491.212,95397.070312,296.7079,1.119133710861e+00,345.3824,6.6769,6.6769,0.0000
491.891,95389.617188,296.7040,1.119060993195e+00,345.3801,6.6789,6.6789,0.0000
492.571,95382.109375,296.7001,1.118987679482e+00,345.3778,6.6809,6.6809,0.0000
493.253,95374.640625,296.6962,1.118915081024e+00,345.3756,6.6830,6.6830,0.0000
493.935,95367.195312,296.6922,1.118842482567e+00,345.3733,6.6850,6.6850,0.0000
494.617,95359.726562,296.6883,1.118769764900e+00,345.3710,6.6870,6.6870,0.0000
495.301,95352.265625,296.6844,1.118696928024e+00,345.3687,6.6890,6.6890,0.0000
495.986,95344.734375,296.6804,1.118623495102e+00,345.3664,6.6911,6.6911,0.0000
496.672,95337.187500,296.6765,1.118549704552e+00,345.3641,6.6931,6.6931,0.0000
497.359,95329.726562,296.6725,1.118477106094e+00,345.3618,6.6951,6.6951,0.0000
498.046,95322.132812,296.6685,1.118403077126e+00,345.3595,6.6972,6.6972,0.0000
498.735,95314.679688,296.6646,1.118330359459e+00,345.3572,6.6992,6.6992,0.0000
499.425,95307.148438,296.6606,1.118257045746e+00,345.3549,6.7013,6.7013,0.0000
500.115,95299.554688,296.6567,1.118182897568e+00,345.3527,6.7033,6.7033,0.0000
500.807,95292.007812,296.6527,1.118109464645e+00,345.3504,6.7053,6.7053,0.0000
501.499,95284.414062,296.6487,1.118035435677e+00,345.3481,6.7074,6.7074,0.0000
502.192,95276.882812,296.6447,1.117962002754e+00,345.3457,6.7094,6.7094,0.0000
502.887,95269.250000,296.6407,1.117887377739e+00,345.3435,6.7114,6.7114,0.0000
503.582,95261.625000,296.6367,1.117812871933e+00,345.3411,6.7135,6.7135,0.0000
504.278,95254.015625,296.6327,1.117738962173e+00,345.3388,6.7155,6.7155,0.0000
504.976,95246.351562,296.6287,1.117664098740e+00,345.3364,6.7175,6.7175,0.0000
505.674,95238.687500,296.6247,1.117589116096e+00,345.3341,6.7196,6.7196,0.0000
506.373,95231.140625,296.6207,1.117515683174e+00,345.3318,6.7216,6.7216,0.0000
507.073,95223.460938,296.6166,1.117440938950e+00,345.3295,6.7237,6.7237,0.0000
507.774,95215.796875,296.6126,1.117366313934e+00,345.3271,6.7257,6.7257,0.0000
508.476,95208.117188,296.6086,1.117291331291e+00,345.3248,6.7277,6.7277,0.0000
509.179,95200.398438,296.6045,1.117216110229e+00,345.3225,6.7298,6.7298,0.0000
509.883,95192.679688,296.6004,1.117140650749e+00,345.3201,6.7318,6.7318,0.0000
510.588,95185.007812,296.5964,1.117065668106e+00,345.3177,6.7339,6.7339,0.0000
511.294,95177.289062,296.5923,1.116990566254e+00,345.3154,6.7359,6.7359,0.0000
512.001,95169.578125,296.5883,1.116915106773e+00,345.3130,6.7380,6.7380,0.0000
512.709,95161.820312,296.5842,1.116839528084e+00,345.3107,6.7400,6.7400,0.0000
513.418,95154.101562,296.5801,1.116764307022e+00,345.3083,6.7420,6.7420,0.0000
514.128,95146.367188,296.5761,1.116688609123e+00,345.3060,6.7441,6.7441,0.0000
514.839,95138.585938,296.5720,1.116612911224e+00,345.3036,6.7461,6.7461,0.0000
515.551,95130.734375,296.5678,1.116536378860e+00,345.3012,6.7482,6.7482,0.0000
516.263,95122.984375,296.5638,1.116460800171e+00,345.2988,6.7502,6.7502,0.0000
516.977,95115.187500,296.5597,1.116384744644e+00,345.2965,6.7523,6.7523,0.0000
517.692,95107.328125,296.5555,1.116308093071e+00,345.2941,6.7543,6.7543,0.0000
518.408,95099.546875,296.5515,1.116232037544e+00,345.2917,6.7564,6.7564,0.0000
519.125,95091.703125,296.5473,1.116155505180e+00,345.2893,6.7584,6.7584,0.0000
519.842,95083.898438,296.5432,1.116079449654e+00,345.2870,6.7605,6.7605,0.0000
520.561,95076.046875,296.5391,1.116002917290e+00,345.2846,6.7625,6.7625,0.0000
521.281,95068.156250,296.5349,1.115925908089e+00,345.2821,6.7646,6.7646,0.0000
522.002,95060.273438,296.5308,1.115849018097e+00,345.2797,6.7666,6.7666,0.0000
522.723,95052.398438,296.5266,1.115772008896e+00,345.2773,6.7687,6.7687,0.0000
523.446,95044.601562,296.5225,1.115695953369e+00,345.2750,6.7707,6.7707,0.0000
524.170,95036.679688,296.5183,1.115618586540e+00,345.2725,6.7728,6.7728,0.0000
524.894,95028.726562,296.5142,1.115540981293e+00,345.2701,6.7748,6.7748,0.0000
525.620,95020.804688,296.5100,1.115463852882e+00,345.2677,6.7769,6.7769,0.0000
526.347,95012.882812,296.5058,1.115386486053e+00,345.2653,6.7789,6.7789,0.0000
527.075,95004.945312,296.5016,1.115309119225e+00,345.2628,6.7810,6.7810,0.0000
527.803,94996.968750,296.4974,1.115231275558e+00,345.2604,6.7830,6.7830,0.0000
528.533,94989.000000,296.4933,1.115153193474e+00,345.2580,6.7851,6.7851,0.0000
529.264,94981.039062,296.4890,1.115075588226e+00,345.2556,6.7871,6.7871,0.0000
529.996,94973.062500,296.4849,1.114997863770e+00,345.2531,6.7892,6.7892,0.0000
530.729,94965.054688,296.4806,1.114919781685e+00,345.2507,6.7912,6.7912,0.0000
531.462,94957.078125,296.4764,1.114841818810e+00,345.2483,6.7933,6.7933,0.0000
532.197,94949.015625,296.4722,1.114763140678e+00,345.2458,6.7954,6.7954,0.0000
532.933,94941.015625,296.4680,1.114684939384e+00,345.2433,6.7974,6.7974,0.0000
533.670,94932.906250,296.4637,1.114605784416e+00,345.2409,6.7995,6.7995,0.0000
534.408,94924.890625,296.4595,1.114527463913e+00,345.2385,6.8015,6.8015,0.0000
535.147,94916.835938,296.4552,1.114449024200e+00,345.2360,6.8036,6.8036,0.0000
535.887,94908.765625,296.4510,1.114370346069e+00,345.2336,6.8056,6.8056,0.0000
536.628,94900.718750,296.4467,1.114291667938e+00,345.2311,6.8077,6.8077,0.0000
537.370,94892.570312,296.4425,1.114212036133e+00,345.2286,6.8098,6.8098,0.0000
538.113,94884.476562,296.4382,1.114133119583e+00,345.2261,6.8118,6.8118,0.0000
538.857,94876.335938,296.4339,1.114053606987e+00,345.2236,6.8139,6.8139,0.0000
539.602,94868.234375,296.4297,1.113974571228e+00,345.2212,6.8159,6.8159,0.0000
540.348,94860.093750,296.4254,1.113895058632e+00,345.2187,6.8180,6.8180,0.0000
541.095,94852.007812,296.4211,1.113816022873e+00,345.2162,6.8201,6.8201,0.0000
541.843,94843.820312,296.4168,1.113736152649e+00,345.2137,6.8221,6.8221,0.0000
542.592,94835.710938,296.4125,1.113657116890e+00,345.2112,6.8242,6.8242,0.0000
543.342,94827.531250,296.4082,1.113577246666e+00,345.2087,6.8262,6.8262,0.0000
544.094,94819.312500,296.4039,1.113496780396e+00,345.2062,6.8283,6.8283,0.0000
544.846,94811.117188,296.3996,1.113416910172e+00,345.2038,6.8304,6.8304,0.0000
545.599,94802.929688,296.3953,1.113336920738e+00,345.2013,6.8324,6.8324,0.0000
546.354,94794.664062,296.3909,1.113256096840e+00,345.1987,6.8345,6.8345,0.0000
547.109,94786.500000,296.3866,1.113176226616e+00,345.1963,6.8366,6.8366,0.0000
547.865,94778.210938,296.3822,1.113095521927e+00,345.1938,6.8386,6.8386,0.0000
548.623,94769.945312,296.3779,1.113014698029e+00,345.1912,6.8407,6.8407,0.0000
549.381,94761.679688,296.3736,1.112933874130e+00,345.1887,6.8428,6.8428,0.0000
550.141,94753.359375,296.3692,1.112852573395e+00,345.1861,6.8448,6.8448,0.0000
550.902,94745.093750,296.3648,1.112771868706e+00,345.1836,6.8469,6.8469,0.0000
551.663,94736.867188,296.3604,1.112691879272e+00,345.1811,6.8490,6.8490,0.0000
552.426,94728.601562,296.3561,1.112611055374e+00,345.1785,6.8510,6.8510,0.0000
553.190,94720.250000,296.3517,1.112529397011e+00,345.1760,6.8531,6.8531,0.0000
553.955,94711.937500,296.3473,1.112448334694e+00,345.1735,6.8552,6.8552,0.0000
554.721,94703.578125,296.3429,1.112366676331e+00,345.1709,6.8572,6.8572,0.0000
555.488,94695.171875,296.3385,1.112284421921e+00,345.1683,6.8593,6.8593,0.0000
556.256,94686.929688,296.3341,1.112203955650e+00,345.1658,6.8614,6.8614,0.0000
557.025,94678.531250,296.3297,1.112121820450e+00,345.1633,6.8634,6.8634,0.0000
557.795,94670.070312,296.3253,1.112039089203e+00,345.1607,6.8655,6.8655,0.0000
558.566,94661.640625,296.3208,1.111956834793e+00,345.1581,6.8676,6.8676,0.0000
559.339,94653.296875,296.3164,1.111875176430e+00,345.1556,6.8697,6.8697,0.0000
560.112,94644.851562,296.3120,1.111792802811e+00,345.1530,6.8717,6.8717,0.0000
560.886,94636.460938,296.3075,1.111711144447e+00,345.1504,6.8738,6.8738,0.0000
561.662,94628.070312,296.3031,1.111628890038e+00,345.1478,6.8759,6.8759,0.0000
562.438,94619.617188,296.2986,1.111546397209e+00,345.1453,6.8780,6.8780,0.0000
563.216,94611.140625,296.2942,1.111463785172e+00,345.1427,6.8800,6.8800,0.0000
563.995,94602.625000,296.2897,1.111380338669e+00,345.1401,6.8821,6.8821,0.0000
564.775,94594.140625,296.2852,1.111297249794e+00,345.1375,6.8842,6.8842,0.0000
565.556,94585.695312,296.2808,1.111215114594e+00,345.1349,6.8863,6.8863,0.0000
566.337,94577.179688,296.2763,1.111131668091e+00,345.1323,6.8883,6.8883,0.0000
567.121,94568.703125,296.2718,1.111049056053e+00,345.1297,6.8904,6.8904,0.0000
567.905,94560.125000,296.2673,1.110965013504e+00,345.1271,6.8925,6.8925,0.0000
568.690,94551.562500,296.2628,1.110881447792e+00,345.1245,6.8946,6.8946,0.0000
569.476,94543.039062,296.2583,1.110798001289e+00,345.1219,6.8966,6.8966,0.0000
570.264,94534.523438,296.2538,1.110715031624e+00,345.1193,6.8987,6.8987,0.0000
571.052,94525.867188,296.2493,1.110630273819e+00,345.1167,6.9008,6.9008,0.0000
571.842,94517.351562,296.2448,1.110547065735e+00,345.1140,6.9029,6.9029,0.0000
572.632,94508.695312,296.2402,1.110462188721e+00,345.1115,6.9049,6.9049,0.0000
573.424,94500.187500,296.2357,1.110379338264e+00,345.1088,6.9070,6.9070,0.0000
574.217,94491.484375,296.2311,1.110294103622e+00,345.1061,6.9091,6.9091,0.0000
575.011,94482.921875,296.2266,1.110210537910e+00,345.1035,6.9112,6.9112,0.0000
575.806,94474.273438,296.2220,1.110126137733e+00,345.1009,6.9133,6.9133,0.0000
576.602,94465.632812,296.2175,1.110041379929e+00,345.0982,6.9154,6.9154,0.0000
577.399,94456.929688,296.2129,1.109956622124e+00,345.0956,6.9174,6.9174,0.0000
578.197,94448.289062,296.2083,1.109871983528e+00,345.0930,6.9195,6.9195,0.0000
578.997,94439.554688,296.2037,1.109786629677e+00,345.0902,6.9216,6.9216,0.0000
579.797,94430.945312,296.1992,1.109702587128e+00,345.0876,6.9237,6.9237,0.0000
580.599,94422.164062,296.1946,1.109616637230e+00,345.0849,6.9258,6.9258,0.0000
581.402,94413.460938,296.1900,1.109531521797e+00,345.0823,6.9278,6.9278,0.0000
582.206,94404.781250,296.1854,1.109447002411e+00,345.0796,6.9299,6.9299,0.0000
583.011,94395.953125,296.1808,1.109360575676e+00,345.0769,6.9320,6.9320,0.0000
583.817,94387.226562,296.1761,1.109275102615e+00,345.0742,6.9341,6.9341,0.0000
584.624,94378.539062,296.1715,1.109190225601e+00,345.0716,6.9362,6.9362,0.0000
585.432,94369.710938,296.1669,1.109104037285e+00,345.0689,6.9383,6.9383,0.0000
586.242,94360.914062,296.1623,1.109017848969e+00,345.0662,6.9404,6.9404,0.0000
587.052,94352.078125,296.1576,1.108931422234e+00,345.0635,6.9424,6.9424,0.0000
587.864,94343.312500,296.1530,1.108845829964e+00,345.0608,6.9445,6.9445,0.0000
588.677,94334.539062,296.1483,1.108760356903e+00,345.0581,6.9466,6.9466,0.0000
589.491,94325.679688,296.1436,1.108673334122e+00,345.0555,6.9487,6.9487,0.0000
590.306,94316.820312,296.1390,1.108586668968e+00,345.0527,6.9508,6.9508,0.0000
591.122,94307.960938,296.1343,1.108499884605e+00,345.0500,6.9529,6.9529,0.0000
591.939,94299.101562,296.1297,1.108413219452e+00,345.0474,6.9550,6.9550,0.0000
592.758,94290.250000,296.1250,1.108326673508e+00,345.0446,6.9571,6.9571,0.0000
593.577,94281.289062,296.1203,1.108239293098e+00,345.0418,6.9592,6.9592,0.0000
594.398,94272.390625,296.1156,1.108152270317e+00,345.0392,6.9612,6.9612,0.0000
595.220,94263.500000,296.1109,1.108065009117e+00,345.0364,6.9633,6.9633,0.0000
596.043,94254.601562,296.1062,1.107978105545e+00,345.0338,6.9654,6.9654,0.0000
596.867,94245.664062,296.1015,1.107890605927e+00,345.0310,6.9675,6.9675,0.0000
597.692,94236.718750,296.0967,1.107803344727e+00,345.0282,6.9696,6.9696,0.0000
598.519,94227.757812,296.0920,1.107715606689e+00,345.0255,6.9717,6.9717,0.0000
599.346,94218.828125,296.0873,1.107628226280e+00,345.0228,6.9738,6.9738,0.0000
600.175,94209.796875,296.0826,1.107540011406e+00,345.0200,6.9759,6.9759,0.0000
601.005,94200.828125,296.0778,1.107452154160e+00,345.0172,6.9780,6.9780,0.0000
601.836,94191.820312,296.0730,1.107364177704e+00,345.0145,6.9801,6.9801,0.0000
602.668,94182.804688,296.0683,1.107275962830e+00,345.0117,6.9822,6.9822,0.0000
603.501,94173.789062,296.0635,1.107187747955e+00,345.0090,6.9843,6.9843,0.0000
604.336,94164.703125,296.0587,1.107098817825e+00,345.0062,6.9864,6.9864,0.0000
605.171,94155.687500,296.0540,1.107010483742e+00,345.0035,6.9885,6.9885,0.0000
606.008,94146.609375,296.0492,1.106921792030e+00,345.0006,6.9906,6.9906,0.0000
606.846,94137.539062,296.0444,1.106833338737e+00,344.9979,6.9927,6.9927,0.0000
607.685,94128.437500,296.0396,1.106743931770e+00,344.9951,6.9948,6.9948,0.0000
608.525,94119.320312,296.0348,1.106654763222e+00,344.9923,6.9968,6.9968,0.0000
609.366,94110.250000,296.0300,1.106566071510e+00,344.9895,6.9989,6.9989,0.0000
610.209,94101.156250,296.0251,1.106477141380e+00,344.9867,7.0010,7.0010,0.0000
611.053,94091.937500,296.0203,1.106386899948e+00,344.9839,7.0031,7.0031,0.0000
611.897,94082.859375,296.0155,1.106297969818e+00,344.9811,7.0052,7.0052,0.0000
612.744,94073.656250,296.0107,1.106207966805e+00,344.9783,7.0073,7.0073,0.0000
613.591,94064.500000,296.0058,1.106118321419e+00,344.9755,7.0094,7.0094,0.0000
614.439,94055.351562,296.0010,1.106028914452e+00,344.9727,7.0115,7.0115,0.0000
615.289,94046.101562,295.9961,1.105938434601e+00,344.9699,7.0136,7.0136,0.0000
616.139,94036.914062,295.9912,1.105848431587e+00,344.9671,7.0157,7.0157,0.0000
616.991,94027.671875,295.9864,1.105757832527e+00,344.9643,7.0178,7.0178,0.0000
617.844,94018.484375,295.9815,1.105668067932e+00,344.9615,7.0199,7.0199,0.0000
618.699,94009.210938,295.9766,1.105577349663e+00,344.9586,7.0221,7.0221,0.0000
619.554,93999.976562,295.9717,1.105486869812e+00,344.9557,7.0242,7.0242,0.0000
620.411,93990.687500,295.9668,1.105396032333e+00,344.9529,7.0263,7.0263,0.0000
621.268,93981.414062,295.9619,1.105305075645e+00,344.9501,7.0284,7.0284,0.0000
622.127,93972.148438,295.9570,1.105214476585e+00,344.9472,7.0305,7.0305,0.0000
622.988,93962.828125,295.9521,1.105123043060e+00,344.9444,7.0326,7.0326,0.0000
623.849,93953.554688,295.9472,1.105032801628e+00,344.9416,7.0347,7.0347,0.0000
624.712,93944.171875,295.9423,1.104940652847e+00,344.9387,7.0368,7.0368,0.0000
625.575,93934.828125,295.9373,1.104849100113e+00,344.9359,7.0389,7.0389,0.0000
626.440,93925.468750,295.9324,1.104757428169e+00,344.9330,7.0410,7.0410,0.0000
627.306,93916.140625,295.9275,1.104666352272e+00,344.9301,7.0431,7.0431,0.0000
628.174,93906.742188,295.9225,1.104574203491e+00,344.9272,7.0452,7.0452,0.0000
629.042,93897.335938,295.9176,1.104481816292e+00,344.9243,7.0473,7.0473,0.0000
629.912,93887.945312,295.9126,1.104390144348e+00,344.9214,7.0494,7.0494,0.0000
630.783,93878.562500,295.9076,1.104298233986e+00,344.9185,7.0515,7.0515,0.0000
631.655,93869.125000,295.9026,1.104206085205e+00,344.9156,7.0536,7.0536,0.0000
632.529,93859.695312,295.8976,1.104113578796e+00,344.9128,7.0557,7.0557,0.0000
633.403,93850.210938,295.8926,1.104020833969e+00,344.9099,7.0579,7.0579,0.0000
634.279,93840.773438,295.8877,1.103928208351e+00,344.9070,7.0600,7.0600,0.0000
635.156,93831.281250,295.8826,1.103835344315e+00,344.9041,7.0621,7.0621,0.0000
636.034,93821.796875,295.8776,1.103742361069e+00,344.9012,7.0642,7.0642,0.0000
636.913,93812.343750,295.8726,1.103649854660e+00,344.8983,7.0663,7.0663,0.0000
637.794,93802.828125,295.8676,1.103556752205e+00,344.8954,7.0684,7.0684,0.0000
638.676,93793.250000,295.8625,1.103462696075e+00,344.8925,7.0705,7.0705,0.0000
639.559,93783.734375,295.8575,1.103369712830e+00,344.8895,7.0726,7.0726,0.0000
640.443,93774.164062,295.8525,1.103275895119e+00,344.8866,7.0747,7.0747,0.0000
641.329,93764.632812,295.8474,1.103182554245e+00,344.8837,7.0769,7.0769,0.0000
642.215,93755.062500,295.8423,1.103088974953e+00,344.8807,7.0790,7.0790,0.0000
643.103,93745.507812,295.8373,1.102995276451e+00,344.8778,7.0811,7.0811,0.0000
643.993,93735.890625,295.8322,1.102901101112e+00,344.8748,7.0832,7.0832,0.0000
644.883,93726.289062,295.8271,1.102807044983e+00,344.8719,7.0853,7.0853,0.0000
645.775,93716.617188,295.8220,1.102712273598e+00,344.8690,7.0874,7.0874,0.0000
646.668,93706.976562,295.8169,1.102617859840e+00,344.8660,7.0895,7.0895,0.0000
647.562,93697.421875,295.8118,1.102524280548e+00,344.8630,7.0917,7.0917,0.0000
648.457,93687.765625,295.8068,1.102429628372e+00,344.8601,7.0938,7.0938,0.0000
649.354,93678.078125,295.8016,1.102334856987e+00,344.8572,7.0959,7.0959,0.0000
650.251,93668.320312,295.7965,1.102239012718e+00,344.8541,7.0980,7.0980,0.0000
651.150,93658.640625,295.7914,1.102144241333e+00,344.8512,7.1001,7.1001,0.0000
652.051,93649.000000,295.7863,1.102049708366e+00,344.8483,7.1022,7.1022,0.0000
652.952,93639.179688,295.7811,1.101953506470e+00,344.8452,7.1044,7.1044,0.0000
653.855,93629.484375,295.7759,1.101858615875e+00,344.8422,7.1065,7.1065,0.0000
654.759,93619.796875,295.7708,1.101763725281e+00,344.8393,7.1086,7.1086,0.0000
655.664,93609.976562,295.7657,1.101667404175e+00,344.8363,7.1107,7.1107,0.0000
656.571,93600.210938,295.7605,1.101571679115e+00,344.8333,7.1128,7.1128,0.0000
657.479,93590.390625,295.7553,1.101475477219e+00,344.8302,7.1150,7.1150,0.0000
658.388,93580.609375,295.7501,1.101379871368e+00,344.8272,7.1171,7.1171,0.0000
659.298,93570.789062,295.7449,1.101283550262e+00,344.8242,7.1192,7.1192,0.0000
660.210,93561.023438,295.7397,1.101187944412e+00,344.8212,7.1213,7.1213,0.0000
661.123,93551.125000,295.7345,1.101090788841e+00,344.8182,7.1234,7.1234,0.0000
662.037,93541.359375,295.7293,1.100995063782e+00,344.8152,7.1256,7.1256,0.0000
662.952,93531.406250,295.7241,1.100897550583e+00,344.8122,7.1277,7.1277,0.0000
663.869,93521.601562,295.7188,1.100801587105e+00,344.8091,7.1298,7.1298,0.0000
664.787,93511.703125,295.7136,1.100704431534e+00,344.8061,7.1319,7.1319,0.0000
665.706,93501.757812,295.7084,1.100606918335e+00,344.8031,7.1340,7.1340,0.0000
666.626,93491.898438,295.7032,1.100510358810e+00,344.8000,7.1362,7.1362,0.0000
667.548,93481.953125,295.6979,1.100412845612e+00,344.7970,7.1383,7.1383,0.0000
668.471,93472.023438,295.6927,1.100315570831e+00,344.7939,7.1404,7.1404,0.0000
669.395,93462.046875,295.6874,1.100217580795e+00,344.7909,7.1425,7.1425,0.0000
670.321,93452.101562,295.6821,1.100120067596e+00,344.7878,7.1447,7.1447,0.0000
671.248,93442.109375,295.6768,1.100022315979e+00,344.7847,7.1468,7.1468,0.0000
672.176,93432.085938,295.6715,1.099923849106e+00,344.7816,7.1489,7.1489,0.0000
673.105,93422.101562,295.6662,1.099826097488e+00,344.7786,7.1510,7.1510,0.0000
674.036,93412.085938,295.6609,1.099727869034e+00,344.7755,7.1532,7.1532,0.0000
674.968,93402.117188,295.6556,1.099629998207e+00,344.7724,7.1553,7.1553,0.0000
675.901,93392.046875,295.6503,1.099531412125e+00,344.7693,7.1574,7.1574,0.0000
676.835,93381.976562,295.6450,1.099432587624e+00,344.7663,7.1596,7.1596,0.0000
677.771,93371.937500,295.6397,1.099334120750e+00,344.7632,7.1617,7.1617,0.0000
678.708,93361.812500,295.6343,1.099234819412e+00,344.7601,7.1638,7.1638,0.0000
679.647,93351.703125,295.6290,1.099135637283e+00,344.7570,7.1659,7.1659,0.0000
680.586,93341.664062,295.6237,1.099037170410e+00,344.7539,7.1681,7.1681,0.0000
681.527,93331.492188,295.6183,1.098937511444e+00,344.7507,7.1702,7.1702,0.0000
682.470,93321.359375,295.6129,1.098837971687e+00,344.7477,7.1723,7.1723,0.0000
683.413,93311.265625,295.6075,1.098739147186e+00,344.7445,7.1745,7.1745,0.0000
684.358,93301.070312,295.6022,1.098639130592e+00,344.7414,7.1766,7.1766,0.0000
685.305,93290.929688,295.5968,1.098539590836e+00,344.7383,7.1787,7.1787,0.0000
686.252,93280.687500,295.5914,1.098439097404e+00,344.7351,7.1809,7.1809,0.0000
687.201,93270.515625,295.5860,1.098339557648e+00,344.7320,7.1830,7.1830,0.0000
688.151,93260.312500,295.5806,1.098239541054e+00,344.7289,7.1851,7.1851,0.0000
689.103,93250.085938,295.5752,1.098139047623e+00,344.7258,7.1873,7.1873,0.0000
690.055,93239.828125,295.5697,1.098038554192e+00,344.7226,7.1894,7.1894,0.0000
691.009,93229.562500,295.5643,1.097937703133e+00,344.7195,7.1915,7.1915,0.0000
691.965,93219.320312,295.5589,1.097837448120e+00,344.7163,7.1937,7.1937,0.0000
692.922,93209.031250,295.5534,1.097736239433e+00,344.7132,7.1958,7.1958,0.0000
693.880,93198.703125,295.5480,1.097635030746e+00,344.7100,7.1979,7.1979,0.0000
694.839,93188.445312,295.5425,1.097534656525e+00,344.7068,7.2001,7.2001,0.0000
695.800,93178.140625,295.5370,1.097433328629e+00,344.7036,7.2022,7.2022,0.0000
696.762,93167.796875,295.5316,1.097331762314e+00,344.7005,7.2043,7.2043,0.0000
697.725,93157.429688,295.5261,1.097230315208e+00,344.6972,7.2065,7.2065,0.0000
698.690,93147.132812,295.5206,1.097129106522e+00,344.6942,7.2086,7.2086,0.0000
699.656,93136.687500,295.5151,1.097026586533e+00,344.6909,7.2107,7.2107,0.0000
700.623,93126.335938,295.5096,1.096925139427e+00,344.6877,7.2129,7.2129,0.0000
701.592,93115.953125,295.5041,1.096823215485e+00,344.6845,7.2150,7.2150,0.0000
702.562,93105.515625,295.4986,1.096720814705e+00,344.6813,7.2172,7.2172,0.0000
703.533,93095.101562,295.4931,1.096618413925e+00,344.6781,7.2193,7.2193,0.0000
704.506,93084.648438,295.4875,1.096515893936e+00,344.6750,7.2214,7.2214,0.0000
705.480,93074.210938,295.4820,1.096413493156e+00,344.6717,7.2236,7.2236,0.0000
706.456,93063.742188,295.4764,1.096310973167e+00,344.6685,7.2257,7.2257,0.0000
707.432,93053.273438,295.4709,1.096208095551e+00,344.6653,7.2278,7.2278,0.0000
708.411,93042.757812,295.4653,1.096104860306e+00,344.6620,7.2300,7.2300,0.0000
709.390,93032.250000,295.4598,1.096001505852e+00,344.6588,7.2321,7.2321,0.0000
710.371,93021.789062,295.4542,1.095899105072e+00,344.6556,7.2343,7.2343,0.0000
711.353,93011.179688,295.4486,1.095794796944e+00,344.6523,7.2364,7.2364,0.0000
712.337,93000.617188,295.4430,1.095691204071e+00,344.6490,7.2386,7.2386,0.0000
713.322,92990.078125,295.4374,1.095587730408e+00,344.6458,7.2407,7.2407,0.0000
714.308,92979.476562,295.4318,1.095483422279e+00,344.6426,7.2428,7.2428,0.0000
715.295,92968.921875,295.4262,1.095379948616e+00,344.6393,7.2450,7.2450,0.0000
716.284,92958.382812,295.4206,1.095276713371e+00,344.6360,7.2471,7.2471,0.0000
717.275,92947.742188,295.4149,1.095172166824e+00,344.6328,7.2493,7.2493,0.0000
718.267,92937.101562,295.4093,1.095067858696e+00,344.6295,7.2514,7.2514,0.0000
719.260,92926.468750,295.4037,1.094963431358e+00,344.6263,7.2536,7.2536,0.0000
720.254,92915.781250,295.3980,1.094858407974e+00,344.6230,7.2557,7.2557,0.0000
721.250,92905.101562,295.3924,1.094753623009e+00,344.6196,7.2578,7.2578,0.0000
722.247,92894.453125,295.3867,1.094648838043e+00,344.6164,7.2600,7.2600,0.0000
723.246,92883.765625,295.3810,1.094543933868e+00,344.6131,7.2621,7.2621,0.0000
724.246,92873.054688,295.3754,1.094438672066e+00,344.6098,7.2643,7.2643,0.0000
725.247,92862.328125,295.3697,1.094333410263e+00,344.6066,7.2664,7.2664,0.0000
726.250,92851.562500,295.3640,1.094227671623e+00,344.6032,7.2686,7.2686,0.0000
727.254,92840.867188,295.3583,1.094122886658e+00,344.5999,7.2707,7.2707,0.0000
728.260,92830.039062,295.3526,1.094016432762e+00,344.5966,7.2729,7.2729,0.0000
729.267,92819.289062,295.3469,1.093910813332e+00,344.5933,7.2750,7.2750,0.0000
730.275,92808.492188,295.3412,1.093804597855e+00,344.5900,7.2772,7.2772,0.0000
731.285,92797.648438,295.3354,1.093698263168e+00,344.5866,7.2793,7.2793,0.0000
732.296,92786.859375,295.3297,1.093592286110e+00,344.5833,7.2815,7.2815,0.0000
733.308,92776.070312,295.3239,1.093486309052e+00,344.5800,7.2836,7.2836,0.0000
734.322,92765.179688,295.3182,1.093379616737e+00,344.5766,7.2858,7.2858,0.0000
735.337,92754.335938,295.3124,1.093273043633e+00,344.5733,7.2879,7.2879,0.0000
736.354,92743.460938,295.3066,1.093166232109e+00,344.5699,7.2901,7.2901,0.0000
737.372,92732.539062,295.3009,1.093058824539e+00,344.5666,7.2922,7.2922,0.0000
738.392,92721.664062,295.2950,1.092952251434e+00,344.5632,7.2944,7.2944,0.0000
739.413,92710.796875,295.2893,1.092845320702e+00,344.5598,7.2965,7.2965,0.0000
740.435,92699.828125,295.2835,1.092737436295e+00,344.5565,7.2987,7.2987,0.0000
741.459,92688.820312,295.2776,1.092629432678e+00,344.5531,7.3008,7.3008,0.0000
742.484,92677.914062,295.2718,1.092522263527e+00,344.5497,7.3030,7.3030,0.0000
743.511,92666.906250,295.2660,1.092414021492e+00,344.5464,7.3051,7.3051,0.0000
744.539,92655.890625,295.2602,1.092305660248e+00,344.5429,7.3073,7.3073,0.0000
745.568,92644.898438,295.2543,1.092197775841e+00,344.5396,7.3094,7.3094,0.0000
746.599,92633.906250,295.2485,1.092089772224e+00,344.5362,7.3116,7.3116,0.0000
747.631,92622.867188,295.2426,1.091981291771e+00,344.5328,7.3137,7.3137,0.0000
748.665,92611.820312,295.2368,1.091872811317e+00,344.5294,7.3159,7.3159,0.0000
749.700,92600.773438,295.2309,1.091764450073e+00,344.5259,7.3180,7.3180,0.0000
750.737,92589.648438,295.2250,1.091654777527e+00,344.5226,7.3202,7.3202,0.0000
751.775,92578.625000,295.2191,1.091546416283e+00,344.5191,7.3224,7.3224,0.0000
752.814,92567.539062,295.2132,1.091437697411e+00,344.5157,7.3245,7.3245,0.0000
753.855,92556.367188,295.2073,1.091327548027e+00,344.5123,7.3267,7.3267,0.0000
754.897,92545.257812,295.2014,1.091218590736e+00,344.5089,7.3288,7.3288,0.0000
755.941,92534.132812,295.1955,1.091109275818e+00,344.5054,7.3310,7.3310,0.0000
756.986,92522.968750,295.1896,1.090999603271e+00,344.5020,7.3331,7.3331,0.0000
758.033,92511.804688,295.1837,1.090889573097e+00,344.4985,7.3353,7.3353,0.0000
759.081,92500.554688,295.1777,1.090779185295e+00,344.4951,7.3375,7.3375,0.0000
760.130,92489.398438,295.1718,1.090669512749e+00,344.4916,7.3396,7.3396,0.0000
761.181,92478.171875,295.1658,1.090559124947e+00,344.4882,7.3418,7.3418,0.0000
762.234,92466.914062,295.1598,1.090448617935e+00,344.4846,7.3439,7.3439,0.0000
763.288,92455.656250,295.1539,1.090337872505e+00,344.4812,7.3461,7.3461,0.0000
764.343,92444.421875,295.1479,1.090227484703e+00,344.4777,7.3483,7.3483,0.0000
765.400,92433.132812,295.1419,1.090116620064e+00,344.4743,7.3504,7.3504,0.0000
766.458,92421.867188,295.1359,1.090005636215e+00,344.4708,7.3526,7.3526,0.0000
767.518,92410.578125,295.1299,1.089894652367e+00,344.4673,7.3547,7.3547,0.0000
768.579,92399.203125,295.1239,1.089782714844e+00,344.4638,7.3569,7.3569,0.0000
769.642,92387.929688,295.1179,1.089672088623e+00,344.4603,7.3591,7.3591,0.0000
770.706,92376.554688,295.1118,1.089560270309e+00,344.4568,7.3612,7.3612,0.0000
771.772,92365.195312,295.1058,1.089448451996e+00,344.4533,7.3634,7.3634,0.0000
772.839,92353.851562,295.0998,1.089336872101e+00,344.4499,7.3655,7.3655,0.0000
773.907,92342.429688,295.0937,1.089224576950e+00,344.4463,7.3677,7.3677,0.0000
774.977,92331.031250,295.0876,1.089112520218e+00,344.4428,7.3699,7.3699,0.0000
776.049,92319.625000,295.0816,1.089000344276e+00,344.4393,7.3720,7.3720,0.0000
777.122,92308.132812,295.0755,1.088887095451e+00,344.4357,7.3742,7.3742,0.0000
778.196,92296.695312,295.0694,1.088774681091e+00,344.4322,7.3764,7.3764,0.0000
779.272,92285.289062,295.0633,1.088662505150e+00,344.4286,7.3785,7.3785,0.0000
780.350,92273.757812,295.0572,1.088549256325e+00,344.4251,7.3807,7.3807,0.0000
781.429,92262.328125,295.0511,1.088436961174e+00,344.4215,7.3829,7.3829,0.0000
782.509,92250.789062,295.0450,1.088323473930e+00,344.4180,7.3850,7.3850,0.0000
783.591,92239.226562,295.0388,1.088209748268e+00,344.4144,7.3872,7.3872,0.0000
784.674,92227.742188,295.0327,1.088096499443e+00,344.4109,7.3894,7.3894,0.0000
785.759,92216.171875,295.0266,1.087982892990e+00,344.4073,7.3915,7.3915,0.0000
786.846,92204.609375,295.0204,1.087869167328e+00,344.4037,7.3937,7.3937,0.0000
787.934,92193.007812,295.0143,1.087754964828e+00,344.4002,7.3959,7.3959,0.0000
789.023,92181.421875,295.0081,1.087640881538e+00,344.3966,7.3980,7.3980,0.0000
790.114,92169.851562,295.0019,1.087527275085e+00,344.3930,7.4002,7.4002,0.0000
791.206,92158.203125,294.9958,1.087412476540e+00,344.3894,7.4024,7.4024,0.0000
792.300,92146.507812,294.9895,1.087297439575e+00,344.3858,7.4045,7.4045,0.0000
793.396,92134.914062,294.9833,1.087183475494e+00,344.3822,7.4067,7.4067,0.0000
794.493,92123.218750,294.9771,1.087068319321e+00,344.3786,7.4089,7.4089,0.0000
795.591,92111.546875,294.9709,1.086953401566e+00,344.3750,7.4110,7.4110,0.0000
796.691,92099.859375,294.9647,1.086838483810e+00,344.3714,7.4132,7.4132,0.0000
797.793,92088.132812,294.9585,1.086722970009e+00,344.3678,7.4154,7.4154,0.0000
798.896,92076.421875,294.9522,1.086607694626e+00,344.3642,7.4175,7.4175,0.0000
800.001,92064.656250,294.9460,1.086491942406e+00,344.3605,7.4197,7.4197,0.0000
801.107,92052.890625,294.9397,1.086376309395e+00,344.3569,7.4219,7.4219,0.0000
802.214,92041.117188,294.9335,1.086260318756e+00,344.3532,7.4241,7.4241,0.0000
803.324,92029.312500,294.9272,1.086144089699e+00,344.3496,7.4262,7.4262,0.0000
804.434,92017.515625,294.9209,1.086027979851e+00,344.3459,7.4284,7.4284,0.0000
805.546,92005.710938,294.9146,1.085911989212e+00,344.3423,7.4306,7.4306,0.0000
806.660,91993.859375,294.9083,1.085795164108e+00,344.3386,7.4327,7.4327,0.0000
807.776,91982.023438,294.9020,1.085678696632e+00,344.3350,7.4349,7.4349,0.0000
808.892,91970.132812,294.8957,1.085561752319e+00,344.3312,7.4371,7.4371,0.0000
810.011,91958.250000,294.8894,1.085444688797e+00,344.3276,7.4393,7.4393,0.0000
811.131,91946.414062,294.8831,1.085327982903e+00,344.3239,7.4414,7.4414,0.0000
812.252,91934.492188,294.8767,1.085210800171e+00,344.3203,7.4436,7.4436,0.0000
813.375,91922.570312,294.8703,1.085093379021e+00,344.3165,7.4458,7.4458,0.0000
814.500,91910.648438,294.8640,1.084976077080e+00,344.3129,7.4480,7.4480,0.0000
815.626,91898.640625,294.8576,1.084857583046e+00,344.3092,7.4501,7.4501,0.0000
816.754,91886.679688,294.8513,1.084740042686e+00,344.3055,7.4523,7.4523,0.0000
817.883,91874.710938,294.8449,1.084622025490e+00,344.3018,7.4545,7.4545,0.0000
819.014,91862.718750,294.8385,1.084504127502e+00,344.2980,7.4567,7.4567,0.0000
820.146,91850.648438,294.8321,1.084385275841e+00,344.2943,7.4588,7.4588,0.0000
821.280,91838.656250,294.8257,1.084267258644e+00,344.2906,7.4610,7.4610,0.0000
822.416,91826.578125,294.8193,1.084148168564e+00,344.2868,7.4632,7.4632,0.0000
823.553,91814.539062,294.8128,1.084029555321e+00,344.2831,7.4654,7.4654,0.0000
824.692,91802.460938,294.8064,1.083910703659e+00,344.2794,7.4676,7.4676,0.0000
825.832,91790.375000,294.8000,1.083791732788e+00,344.2757,7.4697,7.4697,0.0000
826.974,91778.250000,294.7935,1.083672165871e+00,344.2719,7.4719,7.4719,0.0000
828.117,91766.132812,294.7870,1.083552956581e+00,344.2682,7.4741,7.4741,0.0000
829.262,91754.023438,294.7806,1.083433628082e+00,344.2644,7.4763,7.4763,0.0000
830.409,91741.859375,294.7741,1.083313941956e+00,344.2606,7.4785,7.4785,0.0000
831.557,91729.640625,294.7676,1.083193302155e+00,344.2569,7.4806,7.4806,0.0000
832.707,91717.539062,294.7612,1.083073973656e+00,344.2531,7.4828,7.4828,0.0000
833.858,91705.242188,294.7546,1.082952976227e+00,344.2493,7.4850,7.4850,0.0000
835.011,91693.031250,294.7481,1.082832813263e+00,344.2455,7.4872,7.4872,0.0000
836.165,91680.851562,294.7416,1.082712650299e+00,344.2418,7.4894,7.4894,0.0000
837.322,91668.554688,294.7351,1.082591652870e+00,344.2379,7.4915,7.4915,0.0000
838.479,91656.273438,294.7285,1.082470536232e+00,344.2342,7.4937,7.4937,0.0000
839.639,91644.000000,294.7220,1.082349658012e+00,344.2303,7.4959,7.4959,0.0000
840.800,91631.718750,294.7154,1.082228660583e+00,344.2265,7.4981,7.4981,0.0000
841.962,91619.453125,294.7089,1.082108020782e+00,344.2227,7.5003,7.5003,0.0000
843.126,91607.132812,294.7023,1.081986427307e+00,344.2189,7.5025,7.5025,0.0000
844.292,91594.765625,294.6957,1.081864476204e+00,344.2151,7.5046,7.5046,0.0000
845.459,91582.406250,294.6891,1.081742882729e+00,344.2112,7.5068,7.5068,0.0000
846.628,91570.046875,294.6825,1.081621050835e+00,344.2074,7.5090,7.5090,0.0000
847.799,91557.648438,294.6759,1.081498861313e+00,344.2036,7.5112,7.5112,0.0000
848.971,91545.242188,294.6693,1.081376552582e+00,344.1997,7.5134,7.5134,0.0000
850.145,91532.820312,294.6627,1.081254124641e+00,344.1959,7.5156,7.5156,0.0000
851.320,91520.375000,294.6560,1.081131577492e+00,344.1920,7.5177,7.5177,0.0000
852.497,91507.921875,294.6494,1.081008791924e+00,344.1881,7.5199,7.5199,0.0000
853.676,91495.507812,294.6428,1.080886244774e+00,344.1844,7.5221,7.5221,0.0000
854.856,91482.929688,294.6361,1.080762267113e+00,344.1805,7.5243,7.5243,0.0000
856.038,91470.460938,294.6295,1.080639481544e+00,344.1765,7.5265,7.5265,0.0000
857.222,91457.984375,294.6228,1.080516457558e+00,344.1727,7.5287,7.5287,0.0000
858.407,91445.484375,294.6161,1.080392956734e+00,344.1688,7.5309,7.5309,0.0000
859.594,91432.875000,294.6094,1.080268979073e+00,344.1649,7.5331,7.5331,0.0000
860.783,91420.328125,294.6027,1.080145239830e+00,344.1611,7.5352,7.5352,0.0000
861.973,91407.757812,294.5960,1.080021142960e+00,344.1572,7.5374,7.5374,0.0000
863.165,91395.132812,294.5893,1.079896688461e+00,344.1532,7.5396,7.5396,0.0000
864.358,91382.523438,294.5825,1.079772472382e+00,344.1493,7.5418,7.5418,0.0000
865.553,91369.937500,294.5758,1.079648256302e+00,344.1454,7.5440,7.5440,0.0000
866.750,91357.203125,294.5690,1.079522848129e+00,344.1414,7.5462,7.5462,0.0000
867.948,91344.632812,294.5623,1.079398751259e+00,344.1376,7.5484,7.5484,0.0000
869.148,91331.906250,294.5555,1.079273223877e+00,344.1336,7.5506,7.5506,0.0000
870.350,91319.289062,294.5488,1.079148888588e+00,344.1297,7.5528,7.5528,0.0000
871.553,91306.531250,294.5420,1.079023122787e+00,344.1258,7.5550,7.5550,0.0000
872.759,91293.820312,294.5352,1.078897595406e+00,344.1218,7.5571,7.5571,0.0000
873.965,91281.109375,294.5284,1.078772187233e+00,344.1179,7.5593,7.5593,0.0000
875.174,91268.304688,294.5216,1.078646063805e+00,344.1139,7.5615,7.5615,0.0000
876.384,91255.601562,294.5147,1.078520894051e+00,344.1099,7.5637,7.5637,0.0000
877.595,91242.757812,294.5079,1.078394055367e+00,344.1059,7.5659,7.5659,0.0000
878.809,91229.921875,294.5011,1.078267335892e+00,344.1020,7.5681,7.5681,0.0000
880.024,91217.132812,294.4943,1.078141212463e+00,344.0980,7.5703,7.5703,0.0000
881.241,91204.265625,294.4874,1.078014373779e+00,344.0940,7.5725,7.5725,0.0000
882.459,91191.476562,294.4805,1.077888369560e+00,344.0900,7.5747,7.5747,0.0000
883.679,91178.585938,294.4736,1.077761054039e+00,344.0860,7.5769,7.5769,0.0000
884.901,91165.703125,294.4668,1.077633857727e+00,344.0820,7.5791,7.5791,0.0000
886.125,91152.796875,294.4599,1.077506661415e+00,344.0780,7.5813,7.5813,0.0000
887.350,91139.882812,294.4530,1.077379107475e+00,344.0740,7.5835,7.5835,0.0000
888.577,91126.929688,294.4461,1.077251315117e+00,344.0700,7.5857,7.5857,0.0000
889.805,91113.984375,294.4392,1.077123522758e+00,344.0660,7.5879,7.5879,0.0000
891.035,91101.039062,294.4323,1.076995849609e+00,344.0620,7.5900,7.5900,0.0000
892.267,91088.046875,294.4253,1.076867699623e+00,344.0579,7.5922,7.5922,0.0000
893.501,91075.062500,294.4183,1.076739549637e+00,344.0539,7.5944,7.5944,0.0000
894.737,91062.031250,294.4113,1.076611042023e+00,344.0498,7.5966,7.5966,0.0000
895.974,91049.015625,294.4044,1.076482415199e+00,344.0457,7.5988,7.5988,0.0000
897.212,91035.945312,294.3975,1.076353430748e+00,344.0417,7.6010,7.6010,0.0000
898.453,91022.843750,294.3905,1.076224088669e+00,344.0376,7.6032,7.6032,0.0000
899.695,91009.765625,294.3835,1.076095223427e+00,344.0336,7.6054,7.6054,0.0000
900.939,90996.710938,294.3765,1.075966238976e+00,344.0295,7.6076,7.6076,0.0000
902.185,90983.562500,294.3694,1.075836420059e+00,344.0254,7.6098,7.6098,0.0000
903.432,90970.453125,294.3624,1.075707197189e+00,344.0213,7.6120,7.6120,0.0000
904.681,90957.328125,294.3554,1.075577497482e+00,344.0173,7.6142,7.6142,0.0000
905.932,90944.140625,294.3484,1.075447201729e+00,344.0132,7.6164,7.6164,0.0000
907.185,90930.992188,294.3414,1.075317502022e+00,344.0091,7.6186,7.6186,0.0000
908.439,90917.742188,294.3342,1.075186729431e+00,344.0050,7.6208,7.6208,0.0000
909.695,90904.601562,294.3272,1.075057029724e+00,344.0009,7.6230,7.6230,0.0000
910.953,90891.289062,294.3201,1.074925541878e+00,343.9968,7.6252,7.6252,0.0000
912.212,90878.070312,294.3130,1.074794888496e+00,343.9926,7.6274,7.6274,0.0000
913.474,90864.828125,294.3060,1.074664115906e+00,343.9885,7.6296,7.6296,0.0000
914.737,90851.500000,294.2988,1.074532747269e+00,343.9843,7.6318,7.6318,0.0000
916.002,90838.210938,294.2917,1.074401378632e+00,343.9802,7.6340,7.6340,0.0000
917.268,90824.867188,294.2846,1.074269771576e+00,343.9761,7.6362,7.6362,0.0000
918.536,90811.578125,294.2775,1.074138522148e+00,343.9720,7.6384,7.6384,0.0000
919.806,90798.226562,294.2703,1.074006676674e+00,343.9678,7.6406,7.6406,0.0000
921.078,90784.867188,294.2632,1.073874711990e+00,343.9636,7.6428,7.6428,0.0000
922.352,90771.539062,294.2560,1.073742985725e+00,343.9595,7.6450,7.6450,0.0000
923.627,90758.125000,294.2488,1.073610544205e+00,343.9553,7.6472,7.6472,0.0000
924.904,90744.695312,294.2417,1.073478102684e+00,343.9511,7.6495,7.6495,0.0000
926.183,90731.234375,294.2345,1.073345065117e+00,343.9469,7.6517,7.6517,0.0000
927.463,90717.796875,294.2273,1.073211908340e+00,343.9428,7.6539,7.6539,0.0000
928.746,90704.343750,294.2201,1.073079347610e+00,343.9385,7.6561,7.6561,0.0000
930.030,90690.851562,294.2129,1.072946071625e+00,343.9344,7.6583,7.6583,0.0000
931.316,90677.351562,294.2057,1.072812557220e+00,343.9302,7.6605,7.6605,0.0000
932.603,90663.820312,294.1984,1.072679042816e+00,343.9260,7.6627,7.6627,0.0000
933.893,90650.289062,294.1912,1.072545170784e+00,343.9218,7.6649,7.6649,0.0000
935.184,90636.765625,294.1839,1.072411775589e+00,343.9175,7.6671,7.6671,0.0000
936.477,90623.195312,294.1766,1.072277784348e+00,343.9133,7.6693,7.6693,0.0000
937.772,90609.578125,294.1693,1.072143077850e+00,343.9091,7.6715,7.6715,0.0000
939.068,90595.984375,294.1621,1.072008609772e+00,343.9048,7.6737,7.6737,0.0000
940.367,90582.367188,294.1548,1.071874141693e+00,343.9006,7.6759,7.6759,0.0000
941.667,90568.718750,294.1475,1.071739315987e+00,343.8964,7.6781,7.6781,0.0000
942.969,90555.109375,294.1402,1.071604967117e+00,343.8921,7.6803,7.6803,0.0000
944.273,90541.382812,294.1328,1.071469187737e+00,343.8878,7.6825,7.6825,0.0000
945.578,90527.757812,294.1255,1.071334362030e+00,343.8836,7.6848,7.6848,0.0000
946.886,90514.054688,294.1182,1.071199178696e+00,343.8793,7.6870,7.6870,0.0000
948.195,90500.289062,294.1108,1.071063160896e+00,343.8750,7.6892,7.6892,0.0000
949.506,90486.570312,294.1035,1.070927500725e+00,343.8708,7.6914,7.6914,0.0000
950.819,90472.812500,294.0961,1.070791482925e+00,343.8665,7.6936,7.6936,0.0000
952.134,90459.031250,294.0887,1.070655345917e+00,343.8622,7.6958,7.6958,0.0000
953.450,90445.250000,294.0813,1.070518970490e+00,343.8578,7.6980,7.6980,0.0000
954.768,90431.453125,294.0739,1.070382595062e+00,343.8536,7.7002,7.7002,0.0000
956.088,90417.617188,294.0665,1.070245742798e+00,343.8493,7.7024,7.7024,0.0000
957.410,90403.765625,294.0591,1.070109009743e+00,343.8449,7.7046,7.7046,0.0000
958.734,90389.937500,294.0517,1.069972276688e+00,343.8406,7.7069,7.7069,0.0000
960.060,90376.000000,294.0442,1.069834232330e+00,343.8363,7.7091,7.7091,0.0000
961.387,90362.093750,294.0367,1.069696784019e+00,343.8319,7.7113,7.7113,0.0000
962.716,90348.210938,294.0293,1.069559574127e+00,343.8276,7.7135,7.7135,0.0000
964.047,90334.320312,294.0218,1.069422364235e+00,343.8233,7.7157,7.7157,0.0000
965.380,90320.382812,294.0144,1.069284439087e+00,343.8189,7.7179,7.7179,0.0000
966.715,90306.351562,294.0069,1.069145679474e+00,343.8146,7.7201,7.7201,0.0000
968.052,90292.351562,293.9994,1.069007158279e+00,343.8102,7.7224,7.7224,0.0000
969.390,90278.375000,293.9919,1.068868875504e+00,343.8059,7.7246,7.7246,0.0000
970.731,90264.335938,293.9843,1.068730115891e+00,343.8015,7.7268,7.7268,0.0000
972.073,90250.304688,293.9768,1.068591356277e+00,343.7971,7.7290,7.7290,0.0000
973.417,90236.242188,293.9693,1.068452119827e+00,343.7927,7.7312,7.7312,0.0000
974.763,90222.218750,293.9617,1.068313598633e+00,343.7883,7.7334,7.7334,0.0000
976.110,90208.140625,293.9542,1.068174362183e+00,343.7839,7.7356,7.7356,0.0000
977.460,90194.000000,293.9466,1.068034172058e+00,343.7795,7.7379,7.7379,0.0000
978.812,90179.890625,293.9390,1.067894935608e+00,343.7751,7.7401,7.7401,0.0000
980.165,90165.742188,293.9314,1.067754983902e+00,343.7706,7.7423,7.7423,0.0000
981.520,90151.640625,293.9238,1.067615509033e+00,343.7662,7.7445,7.7445,0.0000
982.877,90137.343750,293.9162,1.067474126816e+00,343.7617,7.7467,7.7467,0.0000
984.236,90123.203125,293.9086,1.067334294319e+00,343.7574,7.7489,7.7489,0.0000
985.597,90109.000000,293.9010,1.067193627357e+00,343.7530,7.7512,7.7512,0.0000
986.960,90094.812500,293.8934,1.067053318024e+00,343.7485,7.7534,7.7534,0.0000
988.324,90080.515625,293.8857,1.066911697388e+00,343.7441,7.7556,7.7556,0.0000
989.691,90066.296875,293.8781,1.066771030426e+00,343.7396,7.7578,7.7578,0.0000
991.059,90051.960938,293.8704,1.066629052162e+00,343.7351,7.7600,7.7600,0.0000
992.430,90037.726562,293.8627,1.066488504410e+00,343.7307,7.7622,7.7622,0.0000
993.802,90023.351562,293.8550,1.066346049309e+00,343.7262,7.7645,7.7645,0.0000
995.176,90009.015625,293.8473,1.066204190254e+00,343.7217,7.7667,7.7667,0.0000
996.552,89994.648438,293.8396,1.066062092781e+00,343.7172,7.7689,7.7689,0.0000
997.930,89980.320312,293.8318,1.065920352936e+00,343.7127,7.7711,7.7711,0.0000
999.309,89965.890625,293.8241,1.065777659416e+00,343.7082,7.7733,7.7733,0.0000
1000.691,89951.476562,293.8164,1.065634608269e+00,343.7037,7.0717,7.0722,0.0000
1002.075,89937.117188,293.8087,1.065492749214e+00,343.6992,7.0730,7.0744,0.0000
1003.460,89922.625000,293.8009,1.065348982811e+00,343.6947,7.0744,7.0767,0.0000
1004.848,89908.125000,293.7931,1.065205574036e+00,343.6902,7.0757,7.0789,0.0000
1006.237,89893.687500,293.7853,1.065062761307e+00,343.6856,7.0770,7.0812,0.0000
1007.628,89879.156250,293.7775,1.064918994904e+00,343.6811,7.0783,7.0834,0.0000
1009.021,89864.671875,293.7697,1.064775466919e+00,343.6765,7.0796,7.0857,0.0000
1010.417,89850.156250,293.7619,1.064631700516e+00,343.6720,7.0809,7.0880,0.0000
1011.814,89835.570312,293.7541,1.064487457275e+00,343.6674,7.0823,7.0902,0.0000
1013.213,89821.015625,293.7463,1.064343214035e+00,343.6629,7.0836,7.0925,0.0000
1014.613,89806.445312,293.7384,1.064198851585e+00,343.6583,7.0849,7.0948,0.0000
1016.016,89791.859375,293.7306,1.064054369926e+00,343.6538,7.0863,7.0971,0.0000
1017.421,89777.179688,293.7227,1.063909053802e+00,343.6492,7.0876,7.0993,0.0000
1018.828,89762.523438,293.7148,1.063763856888e+00,343.6446,7.0889,7.1016,0.0000
1020.237,89747.890625,293.7070,1.063618898392e+00,343.6400,7.0902,7.1039,0.0000
1021.647,89733.210938,293.6991,1.063473582268e+00,343.6354,7.0916,7.1062,0.0000
1023.060,89718.546875,293.6912,1.063328266144e+00,343.6308,7.0929,7.1085,0.0000
1024.474,89703.781250,293.6832,1.063182234764e+00,343.6262,7.0943,7.1108,0.0000
1025.891,89689.078125,293.6753,1.063036680222e+00,343.6216,7.0956,7.1131,0.0000
1027.309,89674.320312,293.6674,1.062890291214e+00,343.6170,7.0969,7.1154,0.0000
1028.730,89659.515625,293.6594,1.062743663788e+00,343.6123,7.0983,7.1177,0.0000
1030.152,89644.773438,293.6515,1.062597632408e+00,343.6077,7.0996,7.1200,0.0000
1031.576,89629.945312,293.6435,1.062450766563e+00,343.6031,7.1010,7.1223,0.0000
1033.003,89615.101562,293.6355,1.062303900719e+00,343.5984,7.1023,7.1247,0.0000
1034.431,89600.242188,293.6275,1.062156558037e+00,343.5938,7.1037,7.1270,0.0000
1035.861,89585.437500,293.6195,1.062009811401e+00,343.5891,7.1050,7.1293,0.0000
1037.293,89570.554688,293.6115,1.061862230301e+00,343.5845,7.1064,7.1316,0.0000
1038.728,89555.656250,293.6035,1.061714649200e+00,343.5798,7.1077,7.1340,0.0000
1040.164,89540.750000,293.5955,1.061567187309e+00,343.5751,7.1091,7.1363,0.0000
1041.602,89525.765625,293.5874,1.061418414116e+00,343.5704,7.1104,7.1386,0.0000
1043.042,89510.812500,293.5794,1.061270356178e+00,343.5658,7.1118,7.1410,0.0000
1044.484,89495.851562,293.5713,1.061122179031e+00,343.5610,7.1131,7.1433,0.0000
1045.928,89480.867188,293.5632,1.060973525047e+00,343.5563,7.1145,7.1457,0.0000
1047.375,89465.867188,293.5552,1.060824871063e+00,343.5517,7.1159,7.1480,0.0000
1048.823,89450.742188,293.5471,1.060674905777e+00,343.5469,7.1172,7.1504,0.0000
1050.273,89435.781250,293.5389,1.060526609421e+00,343.5422,7.1186,7.1528,0.0000
1051.725,89420.726562,293.5309,1.060377478600e+00,343.5375,7.1200,7.1551,0.0000
1053.179,89405.593750,293.5227,1.060227632523e+00,343.5327,7.1213,7.1575,0.0000
1054.635,89390.507812,293.5146,1.060078024864e+00,343.5280,7.1227,7.1599,0.0000
1056.094,89375.367188,293.5064,1.059927940369e+00,343.5233,7.1241,7.1622,0.0000
1057.554,89360.242188,293.4983,1.059777855873e+00,343.5185,7.1255,7.1646,0.0000
1059.016,89345.070312,293.4901,1.059627413750e+00,343.5138,7.1268,7.1670,0.0000
1060.480,89329.914062,293.4819,1.059477329254e+00,343.5090,7.1282,7.1694,0.0000
1061.946,89314.664062,293.4737,1.059326052666e+00,343.5042,7.1296,7.1718,0.0000
1063.415,89299.453125,293.4655,1.059175252914e+00,343.4995,7.1310,7.1742,0.0000
1064.885,89284.257812,293.4573,1.059024572372e+00,343.4947,7.1324,7.1765,0.0000
1066.357,89268.960938,293.4491,1.058872938156e+00,343.4898,7.1337,7.1789,0.0000
1067.832,89253.687500,293.4409,1.058721423149e+00,343.4850,7.1351,7.1814,0.0000
1069.308,89238.421875,293.4326,1.058570146561e+00,343.4803,7.1365,7.1838,0.0000
1070.787,89223.109375,293.4243,1.058418154716e+00,343.4754,7.1379,7.1862,0.0000
1072.267,89207.789062,293.4161,1.058266162872e+00,343.4706,7.1393,7.1886,0.0000
1073.750,89192.429688,293.4078,1.058113932610e+00,343.4658,7.1407,7.1910,0.0000
1075.234,89177.117188,293.3995,1.057962059975e+00,343.4610,7.1421,7.1934,0.0000
1076.721,89161.640625,293.3912,1.057808518410e+00,343.4561,7.1435,7.1958,0.0000
1078.210,89146.210938,293.3829,1.057655334473e+00,343.4513,7.1449,7.1983,0.0000
1079.701,89130.859375,293.3745,1.057503223419e+00,343.4464,7.1463,7.2007,0.0000
1081.193,89115.359375,293.3662,1.057349443436e+00,343.4416,7.1477,7.2031,0.0000
1082.688,89099.945312,293.3579,1.057196497917e+00,343.4367,7.1491,7.2056,0.0000
1084.185,89084.421875,293.3495,1.057042360306e+00,343.4319,7.1505,7.2080,0.0000
1085.684,89068.976562,293.3412,1.056889176369e+00,343.4270,7.1519,7.2105,0.0000
1087.185,89053.429688,293.3328,1.056735157967e+00,343.4221,7.1533,7.2129,0.0000
1088.689,89037.890625,293.3244,1.056580662727e+00,343.4172,7.1547,7.2154,0.0000
1090.194,89022.257812,293.3160,1.056425690651e+00,343.4123,7.1561,7.2178,0.0000
1091.701,89006.726562,293.3076,1.056271553040e+00,343.4074,7.1575,7.2203,0.0000
1093.211,88991.109375,293.2992,1.056116580963e+00,343.4025,7.1589,7.2227,0.0000
1094.722,88975.453125,293.2907,1.055961012840e+00,343.3976,7.1603,7.2252,0.0000
1096.236,88959.835938,293.2823,1.055806159973e+00,343.3927,7.1618,7.2277,0.0000
1097.752,88944.218750,293.2738,1.055651426315e+00,343.3878,7.1632,7.2302,0.0000
1099.269,88928.539062,293.2654,1.055495619774e+00,343.3828,7.1646,7.2326,0.0000
1100.789,88912.851562,293.2569,1.055340051651e+00,343.3779,7.1660,7.2351,0.0000
1102.311,88897.125000,293.2484,1.055184006691e+00,343.3730,7.1674,7.2376,0.0000
1103.835,88881.398438,293.2399,1.055027723312e+00,343.3680,7.1689,7.2401,0.0000
1105.362,88865.593750,293.2314,1.054870724678e+00,343.3630,7.1703,7.2426,0.0000
1106.890,88849.820312,293.2229,1.054714441299e+00,343.3581,7.1717,7.2451,0.0000
1108.420,88834.070312,293.2143,1.054557919502e+00,343.3531,7.1732,7.2476,0.0000
1109.953,88818.273438,293.2058,1.054401159286e+00,343.3481,7.1746,7.2501,0.0000
1111.488,88802.398438,293.1972,1.054243326187e+00,343.3431,7.1760,7.2526,0.0000
1113.024,88786.593750,293.1887,1.054086446762e+00,343.3382,7.1774,7.2551,0.0000
1114.563,88770.632812,293.1801,1.053928017616e+00,343.3331,7.1789,7.2576,0.0000
1116.104,88754.820312,293.1715,1.053771018982e+00,343.3281,7.1803,7.2601,0.0000
1117.647,88738.859375,293.1629,1.053612232208e+00,343.3231,7.1818,7.2627,0.0000
1119.193,88722.976562,293.1543,1.053454995155e+00,343.3180,7.1832,7.2652,0.0000
1120.740,88706.984375,293.1457,1.053296089172e+00,343.3130,7.1846,7.2677,0.0000
1122.290,88691.054688,293.1370,1.053137898445e+00,343.3080,7.1861,7.2702,0.0000
1123.842,88675.031250,293.1284,1.052978634834e+00,343.3030,7.1875,7.2728,0.0000
1125.395,88659.101562,293.1197,1.052820444107e+00,343.2980,7.1890,7.2753,0.0000
1126.951,88643.015625,293.1110,1.052660703659e+00,343.2929,7.1904,7.2779,0.0000
1128.510,88626.968750,293.1024,1.052501201630e+00,343.2878,7.1919,7.2804,0.0000
1130.070,88610.906250,293.0937,1.052341580391e+00,343.2827,7.1933,7.2830,0.0000
1131.632,88594.804688,293.0850,1.052181839943e+00,343.2777,7.1948,7.2855,0.0000
1133.197,88578.671875,293.0762,1.052021622658e+00,343.2726,7.1962,7.2881,0.0000
1134.764,88562.585938,293.0675,1.051861763000e+00,343.2675,7.1977,7.2906,0.0000
1136.333,88546.445312,293.0588,1.051701545715e+00,343.2625,7.1992,7.2932,0.0000
1137.904,88530.335938,293.0500,1.051541209221e+00,343.2574,7.2006,7.2958,0.0000
1139.477,88514.117188,293.0413,1.051380276680e+00,343.2522,7.2021,7.2984,0.0000
1141.053,88497.906250,293.0325,1.051218986511e+00,343.2471,7.2036,7.3009,0.0000
1142.630,88481.703125,293.0237,1.051058292389e+00,343.2420,7.2050,7.3035,0.0000
1144.210,88465.390625,293.0149,1.050895929337e+00,343.2369,7.2065,7.3061,0.0000
1145.792,88449.109375,293.0061,1.050734162331e+00,343.2317,7.2080,7.3087,0.0000
1147.377,88432.851562,292.9973,1.050572633743e+00,343.2266,7.2094,7.3113,0.0000
1148.963,88416.546875,292.9884,1.050410747528e+00,343.2214,7.2109,7.3139,0.0000
1150.552,88400.187500,292.9796,1.050247907639e+00,343.2163,7.2124,7.3165,0.0000
1152.142,88383.882812,292.9708,1.050086140633e+00,343.2111,7.2139,7.3191,0.0000
1153.735,88367.523438,292.9619,1.049923539162e+00,343.2060,7.2153,7.3217,0.0000
1155.331,88351.093750,292.9530,1.049760222435e+00,343.2008,7.2168,7.3243,0.0000
1156.928,88334.710938,292.9441,1.049597144127e+00,343.1956,7.2183,7.3269,0.0000
1158.528,88318.289062,292.9352,1.049434065819e+00,343.1904,7.2198,7.3296,0.0000
1160.129,88301.859375,292.9263,1.049270629883e+00,343.1852,7.2213,7.3322,0.0000
1161.733,88285.359375,292.9173,1.049106717110e+00,343.1800,7.2227,7.3348,0.0000
1163.340,88268.898438,292.9084,1.048943042755e+00,343.1748,7.2242,7.3375,0.0000
1164.948,88252.406250,292.8995,1.048779010773e+00,343.1696,7.2257,7.3401,0.0000
1166.559,88235.828125,292.8905,1.048614025116e+00,343.1644,7.2272,7.3427,0.0000
1168.172,88219.328125,292.8816,1.048449993134e+00,343.1591,7.2287,7.3454,0.0000
1169.787,88202.710938,292.8726,1.048285007477e+00,343.1539,7.2302,7.3480,0.0000
1171.404,88186.132812,292.8636,1.048120141029e+00,343.1486,7.2317,7.3507,0.0000
1173.024,88169.531250,292.8546,1.047954916954e+00,343.1434,7.2332,7.3533,0.0000
1174.646,88152.890625,292.8456,1.047789454460e+00,343.1381,7.2347,7.3560,0.0000
1176.270,88136.257812,292.8365,1.047623872757e+00,343.1329,7.2362,7.3587,0.0000
1177.896,88119.578125,292.8275,1.047458052635e+00,343.1276,7.2377,7.3613,0.0000
1179.525,88102.882812,292.8184,1.047291874886e+00,343.1223,7.2392,7.3640,0.0000
1181.156,88086.171875,292.8094,1.047125697136e+00,343.1171,7.2407,7.3667,0.0000
1182.789,88069.453125,292.8003,1.046959400177e+00,343.1117,7.2422,7.3694,0.0000
1184.424,88052.703125,292.7912,1.046792864799e+00,343.1064,7.2437,7.3720,0.0000
1186.062,88035.929688,292.7821,1.046625971794e+00,343.1011,7.2452,7.3747,0.0000
1187.702,88019.148438,292.7729,1.046459197998e+00,343.0958,7.2468,7.3774,0.0000
1189.344,88002.320312,292.7638,1.046291828156e+00,343.0905,7.2483,7.3801,0.0000
1190.989,87985.445312,292.7547,1.046123862267e+00,343.0852,7.2498,7.3828,0.0000
1192.635,87968.625000,292.7455,1.045956611633e+00,343.0798,7.2513,7.3855,0.0000
1194.284,87951.765625,292.7363,1.045788884163e+00,343.0745,7.2528,7.3882,0.0000
1195.936,87934.867188,292.7272,1.045620679855e+00,343.0691,7.2544,7.3910,0.0000
1197.589,87917.921875,292.7180,1.045452117920e+00,343.0637,7.2559,7.3937,0.0000
1199.245,87900.992188,292.7088,1.045283555984e+00,343.0584,7.2574,7.3964,0.0000
1200.903,87884.101562,292.6996,1.045115470886e+00,343.0530,7.2589,7.3991,0.0000
1202.563,87867.054688,292.6904,1.044945716858e+00,343.0476,7.2605,7.4018,0.0000
1204.226,87850.132812,292.6812,1.044777274132e+00,343.0423,7.2620,7.4046,0.0000
1205.891,87833.070312,292.6719,1.044607639313e+00,343.0368,7.2635,7.4073,0.0000
1207.559,87816.062500,292.6626,1.044438481331e+00,343.0314,7.2651,7.4101,0.0000
1209.228,87799.000000,292.6534,1.044268488884e+00,343.0260,7.2666,7.4128,0.0000
1210.900,87781.906250,292.6441,1.044098258018e+00,343.0206,7.2681,7.4155,0.0000
1212.574,87764.789062,292.6348,1.043927907944e+00,343.0152,7.2697,7.4183,0.0000
1214.251,87747.648438,292.6254,1.043757200241e+00,343.0098,7.2712,7.4211,0.0000
1215.930,87730.492188,292.6161,1.043586373329e+00,343.0044,7.2728,7.4238,0.0000
1217.611,87713.343750,292.6068,1.043415665627e+00,342.9989,7.2743,7.4266,0.0000
1219.294,87696.148438,292.5974,1.043244481087e+00,342.9934,7.2759,7.4294,0.0000
1220.980,87678.960938,292.5881,1.043073415756e+00,342.9880,7.2774,7.4321,0.0000
1222.669,87661.726562,292.5787,1.042901992798e+00,342.9825,7.2789,7.4349,0.0000
1224.359,87644.515625,292.5693,1.042730569839e+00,342.9770,7.2805,7.4377,0.0000
1226.052,87627.171875,292.5599,1.042557716370e+00,342.9715,7.2821,7.4405,0.0000
1227.747,87609.921875,292.5505,1.042386054993e+00,342.9660,7.2836,7.4433,0.0000
1229.445,87592.578125,292.5411,1.042213201523e+00,342.9605,7.2852,7.4461,0.0000
1231.145,87575.296875,292.5316,1.042041063309e+00,342.9551,7.2867,7.4489,0.0000
1232.847,87557.968750,292.5222,1.041868448257e+00,342.9496,7.2883,7.4517,0.0000
1234.551,87540.531250,292.5128,1.041694521904e+00,342.9441,7.2898,7.4545,0.0000
1236.258,87523.156250,292.5033,1.041521549225e+00,342.9385,7.2914,7.4573,0.0000
1237.968,87505.710938,292.4938,1.041347980499e+00,342.9330,7.2930,7.4601,0.0000
1239.679,87488.320312,292.4843,1.041174888611e+00,342.9274,7.2945,7.4629,0.0000
1241.393,87470.828125,292.4748,1.041000366211e+00,342.9219,7.2961,7.4657,0.0000
1243.110,87453.351562,292.4653,1.040826320648e+00,342.9163,7.2977,7.4686,0.0000
1244.828,87435.843750,292.4557,1.040651798248e+00,342.9108,7.2993,7.4714,0.0000
1246.550,87418.343750,292.4462,1.040477514267e+00,342.9052,7.3008,7.4742,0.0000
1248.273,87400.789062,292.4366,1.040302753448e+00,342.8996,7.3024,7.4771,0.0000
1249.999,87383.218750,292.4271,1.040127515793e+00,342.8940,7.3040,7.4799,0.0000
1251.727,87365.632812,292.4174,1.039952278137e+00,342.8885,7.3056,7.4828,0.0000
1253.458,87348.007812,292.4079,1.039776682854e+00,342.8828,7.3071,7.4856,0.0000
1255.191,87330.351562,292.3983,1.039600610733e+00,342.8772,7.3087,7.4885,0.0000
1256.927,87312.726562,292.3886,1.039425015450e+00,342.8716,7.3103,7.4913,0.0000
1258.665,87295.039062,292.3790,1.039248704910e+00,342.8660,7.3119,7.4942,0.0000
1260.405,87277.398438,292.3694,1.039072751999e+00,342.8604,7.3135,7.4971,0.0000
1262.147,87259.625000,292.3597,1.038895606995e+00,342.8548,7.3151,7.5000,0.0000
1263.893,87241.898438,292.3500,1.038718819618e+00,342.8491,7.3167,7.5028,0.0000
1265.640,87224.148438,292.3403,1.038542032242e+00,342.8435,7.3183,7.5057,0.0000
1267.390,87206.382812,292.3307,1.038364887238e+00,342.8378,7.3199,7.5086,0.0000
1269.142,87188.632812,292.3209,1.038188219070e+00,342.8321,7.3215,7.5115,0.0000
1270.897,87170.726562,292.3112,1.038009285927e+00,342.8264,7.3231,7.5144,0.0000
1272.654,87152.921875,292.3015,1.037832021713e+00,342.8208,7.3247,7.5173,0.0000
1274.414,87135.062500,292.2917,1.037653923035e+00,342.8151,7.3263,7.5202,0.0000
1276.176,87117.195312,292.2819,1.037475705147e+00,342.8094,7.3279,7.5231,0.0000
1277.941,87099.250000,292.2722,1.037296772003e+00,342.8036,7.3295,7.5260,0.0000
1279.707,87081.304688,292.2624,1.037117838860e+00,342.7979,7.3311,7.5289,0.0000
1281.477,87063.367188,292.2526,1.036939024925e+00,342.7922,7.3327,7.5319,0.0000
1283.249,87045.414062,292.2428,1.036759734154e+00,342.7866,7.3343,7.5348,0.0000
1285.023,87027.382812,292.2329,1.036580085754e+00,342.7808,7.3359,7.5377,0.0000
1286.800,87009.414062,292.2231,1.036400794983e+00,342.7750,7.3375,7.5407,0.0000
1288.579,86991.328125,292.2133,1.036220550537e+00,342.7693,7.3392,7.5436,0.0000
1290.361,86973.250000,292.2033,1.036040186882e+00,342.7635,7.3408,7.5465,0.0000
1292.145,86955.210938,292.1935,1.035860180855e+00,342.7577,7.3424,7.5495,0.0000
1293.931,86937.093750,292.1836,1.035679459572e+00,342.7520,7.3440,7.5524,0.0000
1295.720,86918.929688,292.1737,1.035498261452e+00,342.7461,7.3456,7.5554,0.0000
1297.512,86900.820312,292.1638,1.035317659378e+00,342.7404,7.3473,7.5584,0.0000
1299.306,86882.648438,292.1538,1.035136103630e+00,342.7346,7.3489,7.5613,0.0000
1301.102,86864.414062,292.1439,1.034954309464e+00,342.7288,7.3505,7.5643,0.0000
1302.901,86846.226562,292.1339,1.034772872925e+00,342.7230,7.3522,7.5673,0.0000
1304.703,86828.007812,292.1240,1.034591078758e+00,342.7172,7.3538,7.5703,0.0000
1306.507,86809.710938,292.1140,1.034408330917e+00,342.7113,7.3554,7.5732,0.0000
1308.313,86791.460938,292.1040,1.034226417542e+00,342.7055,7.3571,7.5762,0.0000
1310.122,86773.179688,292.0940,1.034043788910e+00,342.6996,7.3587,7.5792,0.0000
1311.933,86754.796875,292.0839,1.033860445023e+00,342.6937,7.3603,7.5822,0.0000
1313.747,86736.484375,292.0739,1.033677697182e+00,342.6879,7.3620,7.5852,0.0000
1315.564,86718.109375,292.0639,1.033494234085e+00,342.6821,7.3636,7.5882,0.0000
1317.383,86699.718750,292.0538,1.033310770988e+00,342.6762,7.3653,7.5912,0.0000
1319.204,86681.296875,292.0437,1.033126711845e+00,342.6703,7.3669,7.5943,0.0000
1321.028,86662.898438,292.0336,1.032943129539e+00,342.6644,7.3686,7.5973,0.0000
1322.855,86644.375000,292.0235,1.032758235931e+00,342.6585,7.3702,7.6003,0.0000
1324.684,86625.914062,292.0134,1.032573938370e+00,342.6526,7.3719,7.6033,0.0000
1326.515,86607.406250,292.0033,1.032389044762e+00,342.6467,7.3735,7.6064,0.0000
1328.349,86588.945312,291.9931,1.032204866409e+00,342.6408,7.3752,7.6094,0.0000
1330.186,86570.375000,291.9829,1.032019495964e+00,342.6348,7.3768,7.6124,0.0000
1332.025,86551.773438,291.9728,1.031833529472e+00,342.6289,7.3785,7.6155,0.0000
1333.867,86533.226562,291.9626,1.031648635864e+00,342.6230,7.3802,7.6185,0.0000
1335.711,86514.585938,291.9524,1.031462311745e+00,342.6170,7.3818,7.6216,0.0000
1337.558,86495.929688,291.9422,1.031275868416e+00,342.6110,7.3835,7.6247,0.0000
1339.407,86477.312500,291.9320,1.031089901924e+00,342.6051,7.3852,7.6277,0.0000
1341.259,86458.617188,291.9217,1.030903458595e+00,342.5991,7.3868,7.6308,0.0000
1343.114,86439.898438,291.9114,1.030716538429e+00,342.5930,7.3885,7.6339,0.0000
1344.971,86421.156250,291.9012,1.030529260635e+00,342.5871,7.3902,7.6370,0.0000
1346.830,86402.437500,291.8909,1.030342102051e+00,342.5811,7.3919,7.6400,0.0000
1348.693,86383.703125,291.8806,1.030154943466e+00,342.5751,7.3935,7.6431,0.0000
1350.557,86364.921875,291.8704,1.029967308044e+00,342.5690,7.3952,7.6462,0.0000
1352.425,86346.062500,291.8600,1.029779076576e+00,342.5630,7.3969,7.6493,0.0000
1354.295,86327.195312,291.8496,1.029590606689e+00,342.5569,7.3986,7.6524,0.0000
1356.167,86308.351562,291.8393,1.029402256012e+00,342.5509,7.4003,7.6555,0.0000
1358.042,86289.507812,291.8289,1.029213905334e+00,342.5448,7.4019,7.6586,0.0000
1359.920,86270.546875,291.8186,1.029024481773e+00,342.5388,7.4036,7.6618,0.0000
1361.800,86251.656250,291.8082,1.028835892677e+00,342.5327,7.4053,7.6649,0.0000
1363.683,86232.656250,291.7978,1.028645753860e+00,342.5266,7.4070,7.6680,0.0000
1365.569,86213.695312,291.7874,1.028456330299e+00,342.5206,7.4087,7.6711,0.0000
1367.457,86194.671875,291.7769,1.028266191483e+00,342.5145,7.4104,7.6743,0.0000
1369.347,86175.734375,291.7665,1.028077006340e+00,342.5084,7.4121,7.6774,0.0000
1371.241,86156.671875,291.7560,1.027886390686e+00,342.5023,7.4138,7.6806,0.0000
1373.137,86137.648438,291.7456,1.027696371078e+00,342.4962,7.4155,7.6837,0.0000
1375.035,86118.554688,291.7351,1.027505278587e+00,342.4900,7.4172,7.6869,0.0000
1376.936,86099.421875,291.7246,1.027314066887e+00,342.4839,7.4189,7.6900,0.0000
1378.840,86080.242188,291.7141,1.027122378349e+00,342.4778,7.4206,7.6932,0.0000
1380.747,86061.085938,291.7036,1.026930689812e+00,342.4716,7.4223,7.6963,0.0000
1382.656,86041.882812,291.6930,1.026738762856e+00,342.4655,7.4240,7.6995,0.0000
1384.567,86022.718750,291.6824,1.026547312737e+00,342.4593,7.4257,7.7027,0.0000
1386.482,86003.445312,291.6718,1.026354551315e+00,342.4531,7.4275,7.7059,0.0000
1388.399,85984.242188,291.6613,1.026162505150e+00,342.4469,7.4292,7.7091,0.0000
1390.319,85964.984375,291.6507,1.025969862938e+00,342.4407,7.4309,7.7123,0.0000
1392.241,85945.718750,291.6401,1.025777220726e+00,342.4345,7.4326,7.7155,0.0000
1394.166,85926.390625,291.6295,1.025583863258e+00,342.4283,7.4343,7.7187,0.0000
1396.093,85906.992188,291.6188,1.025390028954e+00,342.4221,7.4360,7.7219,0.0000
1398.024,85887.664062,291.6081,1.025196790695e+00,342.4159,7.4378,7.7251,0.0000
1399.957,85868.289062,291.5975,1.025003075600e+00,342.4096,7.4395,7.7283,0.0000
1401.892,85848.843750,291.5868,1.024808287621e+00,342.4034,7.4412,7.7315,0.0000
1403.831,85829.398438,291.5761,1.024613857269e+00,342.3971,7.4430,7.7347,0.0000
1405.772,85809.968750,291.5654,1.024419546127e+00,342.3909,7.4447,7.7380,0.0000
1407.715,85790.523438,291.5547,1.024225234985e+00,342.3846,7.4464,7.7412,0.0000
1409.662,85770.976562,291.5439,1.024029612541e+00,342.3783,7.4482,7.7445,0.0000
1411.611,85751.437500,291.5332,1.023833870888e+00,342.3721,7.4499,7.7477,0.0000
1413.563,85731.929688,291.5224,1.023638725281e+00,342.3657,7.4516,7.7509,0.0000
1415.517,85712.320312,291.5116,1.023442387581e+00,342.3594,7.4534,7.7542,0.0000
1417.474,85692.734375,291.5008,1.023246645927e+00,342.3531,7.4551,7.7575,0.0000
1419.434,85673.125000,291.4900,1.023050308228e+00,342.3468,7.4569,7.7607,0.0000
1421.397,85653.523438,291.4792,1.022854208946e+00,342.3405,7.4586,7.7640,0.0000
1423.362,85633.835938,291.4684,1.022657036781e+00,342.3342,7.4604,7.7673,0.0000
1425.330,85614.148438,291.4576,1.022459983826e+00,342.3279,7.4621,7.7706,0.0000
1427.301,85594.429688,291.4467,1.022262811661e+00,342.3214,7.4639,7.7738,0.0000
1429.274,85574.718750,291.4358,1.022065520287e+00,342.3151,7.4656,7.7771,0.0000
1431.250,85554.937500,291.4249,1.021867513657e+00,342.3087,7.4674,7.7804,0.0000
1433.229,85535.148438,291.4140,1.021669387817e+00,342.3023,7.4691,7.7837,0.0000
1435.211,85515.375000,291.4030,1.021471381187e+00,342.2960,7.4709,7.7870,0.0000
1437.195,85495.570312,291.3921,1.021272897720e+00,342.2896,7.4727,7.7903,0.0000
1439.182,85475.625000,291.3812,1.021073222160e+00,342.2832,7.4744,7.7936,0.0000
1441.172,85455.773438,291.3702,1.020874738693e+00,342.2767,7.4762,7.7970,0.0000
1443.165,85435.898438,291.3592,1.020675778389e+00,342.2703,7.4780,7.8003,0.0000
1445.160,85415.945312,291.3482,1.020475864410e+00,342.2639,7.4797,7.8036,0.0000
1447.158,85395.992188,291.3372,1.020275950432e+00,342.2574,7.4815,7.8070,0.0000
1449.159,85376.039062,291.3261,1.020076155663e+00,342.2511,7.4833,7.8103,0.0000
1451.163,85356.039062,291.3151,1.019875884056e+00,342.2446,7.4850,7.8136,0.0000
1453.169,85336.062500,291.3040,1.019675970078e+00,342.2381,7.4868,7.8170,0.0000
1455.179,85316.000000,291.2930,1.019475102425e+00,342.2316,7.4886,7.8203,0.0000
1457.191,85295.914062,291.2819,1.019273757935e+00,342.2252,7.4904,7.8237,0.0000
1459.205,85275.812500,291.2708,1.019072532654e+00,342.2186,7.4922,7.8271,0.0000
1461.223,85255.695312,291.2597,1.018870830536e+00,342.2122,7.4939,7.8304,0.0000
1463.243,85235.578125,291.2485,1.018669366837e+00,342.2056,7.4957,7.8338,0.0000
1465.266,85215.414062,291.2374,1.018467426300e+00,342.1991,7.4975,7.8372,0.0000
1467.292,85195.226562,291.2262,1.018265247345e+00,342.1926,7.4993,7.8406,0.0000
1469.321,85175.039062,291.2151,1.018062710762e+00,342.1861,7.5011,7.8440,0.0000
1471.353,85154.859375,291.2039,1.017860531807e+00,342.1796,7.5029,7.8474,0.0000
1473.387,85134.523438,291.1927,1.017656803131e+00,342.1730,7.5047,7.8508,0.0000
1475.424,85114.226562,291.1814,1.017453432083e+00,342.1664,7.5065,7.8542,0.0000
1477.464,85093.937500,291.1702,1.017250061035e+00,342.1599,7.5083,7.8576,0.0000
1479.507,85073.640625,291.1590,1.017046809196e+00,342.1533,7.5101,7.8610,0.0000
1481.553,85053.273438,291.1477,1.016842722893e+00,342.1466,7.5119,7.8644,0.0000
1483.601,85032.882812,291.1364,1.016638159752e+00,342.1401,7.5137,7.8678,0.0000
1485.652,85012.453125,291.1251,1.016433477402e+00,342.1335,7.5155,7.8713,0.0000
1487.706,84992.070312,291.1138,1.016229033470e+00,342.1269,7.5173,7.8747,0.0000
1489.763,84971.632812,291.1025,1.016024351120e+00,342.1202,7.5191,7.8781,0.0000
1491.823,84951.187500,291.0912,1.015819311142e+00,342.1136,7.5209,7.8816,0.0000
1493.886,84930.687500,291.0798,1.015613794327e+00,342.1070,7.5228,7.8850,0.0000
1495.951,84910.125000,291.0684,1.015407800674e+00,342.1003,7.5246,7.8885,0.0000
1498.020,84889.593750,291.0570,1.015201926231e+00,342.0937,7.5264,7.8920,0.0000
1500.091,84869.039062,291.0457,1.014995813370e+00,342.0870,7.5282,7.8954,0.0000
1502.165,84848.429688,291.0343,1.014788985252e+00,342.0803,7.5300,7.8989,0.0000
1504.242,84827.773438,291.0228,1.014581918716e+00,342.0737,7.5319,7.9024,0.0000
1506.322,84807.171875,291.0114,1.014375448227e+00,342.0669,7.5337,7.9059,0.0000
1508.405,84786.476562,290.9999,1.014167666435e+00,342.0602,7.5355,7.9094,0.0000
1510.490,84765.835938,290.9884,1.013960838318e+00,342.0535,7.5373,7.9128,0.0000
1512.579,84745.101562,290.9770,1.013752818108e+00,342.0468,7.5392,7.9163,0.0000
1514.670,84724.367188,290.9655,1.013544678688e+00,342.0401,7.5410,7.9199,0.0000
1516.764,84703.570312,290.9539,1.013336181641e+00,342.0333,7.5428,7.9234,0.0000
1518.861,84682.765625,290.9424,1.013127446175e+00,342.0266,7.5447,7.9269,0.0000
1520.961,84661.968750,290.9308,1.012918829918e+00,342.0198,7.5465,7.9304,0.0000
1523.064,84641.140625,290.9193,1.012709736824e+00,342.0131,7.5484,7.9339,0.0000
1525.170,84620.273438,290.9077,1.012500643730e+00,342.0063,7.5502,7.9375,0.0000
1527.279,84599.335938,290.8961,1.012290477753e+00,341.9995,7.5521,7.9410,0.0000
1529.391,84578.484375,290.8845,1.012081265450e+00,341.9927,7.5539,7.9445,0.0000
1531.505,84557.515625,290.8729,1.011870861053e+00,341.9859,7.5558,7.9481,0.0000
1533.623,84536.632812,290.8612,1.011661529541e+00,341.9791,7.5576,7.9516,0.0000
1535.743,84515.593750,290.8495,1.011450171471e+00,341.9722,7.5595,7.9552,0.0000
1537.867,84494.554688,290.8379,1.011239171028e+00,341.9654,7.5613,7.9588,0.0000
1539.993,84473.523438,290.8262,1.011028170586e+00,341.9586,7.5632,7.9623,0.0000
1542.122,84452.500000,290.8145,1.010817050934e+00,341.9517,7.5650,7.9659,0.0000
1544.254,84431.406250,290.8027,1.010605335236e+00,341.9449,7.5669,7.9695,0.0000
1546.390,84410.320312,290.7910,1.010393500328e+00,341.9380,7.5688,7.9731,0.0000
1548.528,84389.234375,290.7793,1.010182023048e+00,341.9311,7.5706,7.9766,0.0000
1550.669,84368.023438,290.7675,1.009968996048e+00,341.9243,7.5725,7.9802,0.0000
1552.813,84346.820312,290.7557,1.009756207466e+00,341.9173,7.5744,7.9838,0.0000
1554.960,84325.593750,290.7439,1.009543180466e+00,341.9105,7.5762,7.9874,0.0000
1557.110,84304.367188,290.7321,1.009329915047e+00,341.9035,7.5781,7.9911,0.0000
1559.263,84283.140625,290.7203,1.009116649628e+00,341.8966,7.5800,7.9947,0.0000
1561.419,84261.882812,290.7084,1.008903384209e+00,341.8897,7.5818,7.9983,0.0000
1563.577,84240.554688,290.6966,1.008689165115e+00,341.8827,7.5837,8.0019,0.0000
1565.739,84219.226562,290.6847,1.008474946022e+00,341.8758,7.5856,8.0056,0.0000
1567.904,84197.859375,290.6728,1.008260488510e+00,341.8688,7.5875,8.0092,0.0000
1570.072,84176.468750,290.6609,1.008045554161e+00,341.8618,7.5894,8.0128,0.0000
1572.243,84155.078125,290.6490,1.007830739021e+00,341.8549,7.5913,8.0165,0.0000
1574.417,84133.640625,290.6370,1.007615447044e+00,341.8479,7.5931,8.0202,0.0000
1576.594,84112.187500,290.6250,1.007400155067e+00,341.8409,7.5950,8.0238,0.0000
1578.774,84090.687500,290.6131,1.007183909416e+00,341.8338,7.5969,8.0275,0.0000
1580.956,84069.164062,290.6011,1.006967782974e+00,341.8268,7.5988,8.0312,0.0000
1583.142,84047.632812,290.5891,1.006751418114e+00,341.8198,7.6007,8.0348,0.0000
1585.331,84026.117188,290.5771,1.006535410881e+00,341.8127,7.6026,8.0385,0.0000
1587.523,84004.562500,290.5650,1.006318926811e+00,341.8058,7.6045,8.0422,0.0000
1589.718,83982.945312,290.5530,1.006101608276e+00,341.7987,7.6064,8.0459,0.0000
1591.916,83961.250000,290.5409,1.005883336067e+00,341.7916,7.6083,8.0496,0.0000
1594.117,83939.585938,290.5288,1.005665659904e+00,341.7845,7.6102,8.0533,0.0000
1596.321,83917.929688,290.5167,1.005448102951e+00,341.7774,7.6121,8.0570,0.0000
1598.528,83896.203125,290.5046,1.005229830742e+00,341.7703,7.6140,8.0607,0.0000
1600.739,83874.523438,290.4925,1.005011916161e+00,341.7632,7.6159,8.0645,0.0000
1602.952,83852.734375,290.4803,1.004792928696e+00,341.7561,7.6179,8.0682,0.0000
1605.168,83830.984375,290.4682,1.004574418068e+00,341.7491,7.6198,8.0719,0.0000
1607.388,83809.117188,290.4560,1.004354476929e+00,341.7419,7.6217,8.0757,0.0000
1609.610,83787.328125,290.4438,1.004135489464e+00,341.7347,7.6236,8.0794,0.0000
1611.836,83765.445312,290.4316,1.003915548325e+00,341.7276,7.6255,8.0832,0.0000
1614.064,83743.570312,290.4193,1.003695607185e+00,341.7204,7.6275,8.0869,0.0000
1616.296,83721.640625,290.4071,1.003475070000e+00,341.7132,7.6294,8.0907,0.0000
1618.531,83699.726562,290.3948,1.003254652023e+00,341.7061,7.6313,8.0944,0.0000
1620.768,83677.765625,290.3825,1.003033995628e+00,341.6989,7.6332,8.0982,0.0000
1623.009,83655.781250,290.3702,1.002813100815e+00,341.6916,7.6352,8.1020,0.0000
1625.253,83633.726562,290.3579,1.002591252327e+00,341.6844,7.6371,8.1058,0.0000
1627.501,83611.687500,290.3456,1.002369403839e+00,341.6772,7.6390,8.1096,0.0000
1629.751,83589.640625,290.3333,1.002147912979e+00,341.6700,7.6410,8.1134,0.0000
1632.004,83567.562500,290.3209,1.001925706863e+00,341.6627,7.6429,8.1172,0.0000
1634.261,83545.437500,290.3085,1.001703381538e+00,341.6555,7.6448,8.1210,0.0000
1636.520,83523.289062,290.2961,1.001480340958e+00,341.6482,7.6468,8.1248,0.0000
1638.783,83501.117188,290.2837,1.001257300377e+00,341.6410,7.6487,8.1286,0.0000
1641.049,83478.945312,290.2713,1.001034379005e+00,341.6337,7.6507,8.1324,0.0000
1643.318,83456.742188,290.2588,1.000810980797e+00,341.6264,7.6526,8.1363,0.0000
1645.590,83434.460938,290.2464,1.000586628914e+00,341.6191,7.6546,8.1401,0.0000
1647.865,83412.226562,290.2339,1.000362992287e+00,341.6118,7.6565,8.1439,0.0000
1650.144,83389.906250,290.2214,1.000138640404e+00,341.6044,7.6585,8.1478,0.0000
1652.425,83367.609375,290.2089,9.999141097069e-01,341.5971,7.6604,8.1516,0.0000
1654.710,83345.226562,290.1964,9.996888041496e-01,341.5898,7.6624,8.1555,0.0000
1656.998,83322.851562,290.1838,9.994637966156e-01,341.5824,7.6644,8.1594,0.0000
1659.289,83300.492188,290.1713,9.992387890816e-01,341.5751,7.6663,8.1632,0.0000
1661.583,83278.046875,290.1587,9.990128278732e-01,341.5677,7.6683,8.1671,0.0000
1663.880,83255.578125,290.1461,9.987867474556e-01,341.5603,7.6702,8.1710,0.0000
1666.181,83233.156250,290.1335,9.985610246658e-01,341.5529,7.6722,8.1749,0.0000
1668.485,83210.648438,290.1209,9.983343482018e-01,341.5456,7.6742,8.1788,0.0000
1670.792,83188.070312,290.1082,9.981069564819e-01,341.5381,7.6762,8.1827,0.0000
1673.102,83165.539062,290.0955,9.978804588318e-01,341.5307,7.6781,8.1866,0.0000
1675.415,83142.953125,290.0829,9.976527690887e-01,341.5233,7.6801,8.1905,0.0000
1677.732,83120.390625,290.0702,9.974257946014e-01,341.5159,7.6821,8.1944,0.0000
1680.051,83097.726562,290.0574,9.971975684166e-01,341.5084,7.6841,8.1984,0.0000
1682.374,83075.023438,290.0447,9.969689249992e-01,341.5009,7.6860,8.2023,0.0000
1684.700,83052.406250,290.0320,9.967412352562e-01,341.4934,7.6880,8.2062,0.0000
1687.030,83029.640625,290.0192,9.965118169785e-01,341.4860,7.6900,8.2102,0.0000
1689.362,83006.929688,290.0064,9.962831735611e-01,341.4785,7.6920,8.2141,0.0000
1691.698,82984.117188,289.9936,9.960534572601e-01,341.4710,7.6940,8.2181,0.0000
1694.037,82961.414062,289.9808,9.958249926567e-01,341.4635,7.6960,8.2220,0.0000
1696.379,82938.562500,289.9680,9.955945014954e-01,341.4560,7.6980,8.2260,0.0000
1698.725,82915.734375,289.9551,9.953648447990e-01,341.4484,7.7000,8.2300,0.0000
1701.073,82892.843750,289.9423,9.951341152191e-01,341.4409,7.7020,8.2340,0.0000
1703.425,82869.953125,289.9294,9.949035644531e-01,341.4333,7.7040,8.2379,0.0000
1705.781,82847.046875,289.9165,9.946727156639e-01,341.4258,7.7060,8.2419,0.0000
1708.139,82824.109375,289.9036,9.944415688515e-01,341.4182,7.7080,8.2459,0.0000
1710.501,82801.117188,289.8906,9.942099452019e-01,341.4106,7.7100,8.2499,0.0000
1712.866,82778.132812,289.8777,9.939785599709e-01,341.4030,7.7120,8.2539,0.0000
1715.234,82755.093750,289.8647,9.937462806702e-01,341.3954,7.7140,8.2580,0.0000
1717.606,82732.054688,289.8517,9.935140609741e-01,341.3878,7.7160,8.2620,0.0000
1719.981,82708.984375,289.8387,9.932814836502e-01,341.3802,7.7180,8.2660,0.0000
1722.359,82685.867188,289.8257,9.930486083031e-01,341.3726,7.7200,8.2701,0.0000
1724.740,82662.718750,289.8126,9.928153753281e-01,341.3649,7.7220,8.2741,0.0000
1727.125,82639.585938,289.7996,9.925822615623e-01,341.3573,7.7241,8.2781,0.0000
1729.513,82616.382812,289.7865,9.923482537270e-01,341.3496,7.7261,8.2822,0.0000
1731.904,82593.195312,289.7734,9.921144843102e-01,341.3419,7.7281,8.2862,0.0000
1734.299,82569.953125,289.7603,9.918801784515e-01,341.3343,7.7301,8.2903,0.0000
1736.697,82546.648438,289.7472,9.916452765465e-01,341.3265,7.7322,8.2944,0.0000
1739.098,82523.398438,289.7340,9.914108514786e-01,341.3188,7.7342,8.2985,0.0000
1741.502,82500.054688,289.7209,9.911756515503e-01,341.3111,7.7362,8.3025,0.0000
1743.910,82476.695312,289.7077,9.909397959709e-01,341.3034,7.7382,8.3066,0.0000
1746.322,82453.328125,289.6945,9.907042384148e-01,341.2956,7.7403,8.3107,0.0000
1748.736,82429.953125,289.6813,9.904685020447e-01,341.2879,7.7423,8.3148,0.0000
1751.154,82406.531250,289.6680,9.902322888374e-01,341.2802,7.7444,8.3189,0.0000
1753.575,82383.062500,289.6548,9.899955987930e-01,341.2724,7.7464,8.3231,0.0000
1756.000,82359.570312,289.6415,9.897589087486e-01,341.2646,7.7484,8.3272,0.0000
1758.428,82336.062500,289.6282,9.895215034485e-01,341.2568,7.7505,8.3313,0.0000
1760.859,82312.585938,289.6149,9.892848730087e-01,341.2490,7.7525,8.3354,0.0000
1763.294,82288.968750,289.6016,9.890465140343e-01,341.2411,7.7546,8.3396,0.0000
1765.732,82265.421875,289.5883,9.888091087341e-01,341.2333,7.7566,8.3437,0.0000
1768.173,82241.812500,289.5749,9.885709285736e-01,341.2255,7.7587,8.3479,0.0000
1770.618,82218.164062,289.5615,9.883324503899e-01,341.2177,7.7607,8.3520,0.0000
1773.066,82194.492188,289.5481,9.880934357643e-01,341.2098,7.7628,8.3562,0.0000
1775.517,82170.820312,289.5347,9.878546595573e-01,341.2019,7.7649,8.3604,0.0000
1777.972,82147.039062,289.5213,9.876146316528e-01,341.1941,7.7669,8.3646,0.0000
1780.431,82123.304688,289.5078,9.873750209808e-01,341.1862,7.7690,8.3687,0.0000
1782.892,82099.585938,289.4944,9.871357679367e-01,341.1783,7.7710,8.3729,0.0000
1785.357,82075.734375,289.4809,9.868952035904e-01,341.1703,7.7731,8.3771,0.0000
1787.826,82051.945312,289.4674,9.866549372673e-01,341.1624,7.7752,8.3813,0.0000
1790.298,82028.046875,289.4539,9.864135980606e-01,341.1545,7.7772,8.3855,0.0000
1792.773,82004.148438,289.4403,9.861724972725e-01,341.1466,7.7793,8.3898,0.0000
1795.252,81980.250000,289.4268,9.859313368797e-01,341.1386,7.7814,8.3940,0.0000
1797.734,81956.335938,289.4132,9.856898784637e-01,341.1307,7.7835,8.3982,0.0000
1800.220,81932.351562,289.3996,9.854475855827e-01,341.1227,7.7855,8.4024,0.0000
1802.709,81908.367188,289.3860,9.852053523064e-01,341.1147,7.7876,8.4067,0.0000
1805.201,81884.382812,289.3724,9.849633574486e-01,341.1067,7.7897,8.4109,0.0000
1807.697,81860.296875,289.3587,9.847201108932e-01,341.0987,7.7918,8.4152,0.0000
1810.197,81836.265625,289.3451,9.844774603844e-01,341.0906,7.7939,8.4195,0.0000
1812.700,81812.156250,289.3314,9.842339158058e-01,341.0826,7.7960,8.4237,0.0000
1815.206,81788.007812,289.3177,9.839900135994e-01,341.0746,7.7981,8.4280,0.0000
1817.716,81763.875000,289.3040,9.837463498116e-01,341.0666,7.8001,8.4323,0.0000
1820.229,81739.625000,289.2902,9.835014343262e-01,341.0585,7.8022,8.4366,0.0000
1822.746,81715.460938,289.2764,9.832574129105e-01,341.0504,7.8043,8.4409,0.0000
1825.266,81691.218750,289.2627,9.830126166344e-01,341.0423,7.8064,8.4452,0.0000
1827.790,81666.945312,289.2489,9.827675819397e-01,341.0342,7.8085,8.4495,0.0000
1830.317,81642.664062,289.2350,9.825220108032e-01,341.0261,7.8106,8.4538,0.0000
1832.847,81618.335938,289.2212,9.822763204575e-01,341.0180,7.8127,8.4581,0.0000
1835.382,81593.968750,289.2074,9.820302128792e-01,341.0098,7.8148,8.4624,0.0000
1837.919,81569.625000,289.1935,9.817841053009e-01,341.0017,7.8169,8.4668,0.0000
1840.460,81545.195312,289.1796,9.815373420715e-01,340.9936,7.8191,8.4711,0.0000
1843.005,81520.789062,289.1657,9.812906384468e-01,340.9854,7.8212,8.4755,0.0000
1845.553,81496.289062,289.1518,9.810431599617e-01,340.9772,7.8233,8.4798,0.0000
1848.105,81471.828125,289.1378,9.807958602905e-01,340.9690,7.8254,8.4842,0.0000
1850.660,81447.312500,289.1239,9.805481433868e-01,340.9608,7.8275,8.4885,0.0000
1853.219,81422.750000,289.1099,9.802999496460e-01,340.9526,7.8296,8.4929,0.0000
1855.782,81398.187500,289.0959,9.800516963005e-01,340.9444,7.8318,8.4973,0.0000
1858.347,81373.617188,289.0818,9.798033833504e-01,340.9362,7.8339,8.5017,0.0000
1860.917,81348.992188,289.0678,9.795543551445e-01,340.9279,7.8360,8.5061,0.0000
1863.490,81324.359375,289.0538,9.793053865433e-01,340.9197,7.8381,8.5105,0.0000
1866.066,81299.656250,289.0397,9.790556430817e-01,340.9114,7.8403,8.5149,0.0000
1868.647,81274.929688,289.0255,9.788057804108e-01,340.9031,7.8424,8.5193,0.0000
1871.230,81250.210938,289.0115,9.785557389259e-01,340.8949,7.8445,8.5237,0.0000
1873.817,81225.460938,288.9973,9.783055186272e-01,340.8866,7.8467,8.5281,0.0000
1876.408,81200.679688,288.9832,9.780548214912e-01,340.8782,7.8488,8.5326,0.0000
1879.003,81175.781250,288.9690,9.778028130531e-01,340.8699,7.8509,8.5370,0.0000
1881.601,81150.968750,288.9548,9.775521755219e-01,340.8616,7.8531,8.5415,0.0000
1884.202,81126.093750,288.9406,9.773005843163e-01,340.8532,7.8552,8.5459,0.0000
1886.807,81101.179688,288.9264,9.770485162735e-01,340.8449,7.8574,8.5504,0.0000
1889.416,81076.257812,288.9121,9.767964482307e-01,340.8365,7.8595,8.5549,0.0000
1892.029,81051.367188,288.8979,9.765446186066e-01,340.8282,7.8617,8.5593,0.0000
1894.645,81026.312500,288.8836,9.762910008430e-01,340.8198,7.8638,8.5638,0.0000
1897.264,81001.281250,288.8693,9.760378599167e-01,340.8113,7.8660,8.5683,0.0000
1899.887,80976.289062,288.8549,9.757851362228e-01,340.8029,7.8681,8.5728,0.0000
1902.514,80951.250000,288.8406,9.755316376686e-01,340.7946,7.8703,8.5773,0.0000
1905.145,80926.093750,288.8262,9.752770662308e-01,340.7861,7.8724,8.5818,0.0000
1907.779,80900.968750,288.8118,9.750229120255e-01,340.7776,7.8746,8.5863,0.0000
1910.417,80875.828125,288.7975,9.747684001923e-01,340.7692,7.8768,8.5908,0.0000
1913.058,80850.632812,288.7830,9.745137095451e-01,340.7607,7.8789,8.5954,0.0000
1915.703,80825.437500,288.7686,9.742584228516e-01,340.7522,7.8811,8.5999,0.0000
1918.352,80800.179688,288.7541,9.740029573441e-01,340.7437,7.8833,8.6045,0.0000
1921.004,80774.921875,288.7396,9.737473130226e-01,340.7352,7.8854,8.6090,0.0000
1923.660,80749.585938,288.7251,9.734908342361e-01,340.7267,7.8876,8.6136,0.0000
1926.320,80724.281250,288.7106,9.732345938683e-01,340.7181,7.8898,8.6181,0.0000
1928.984,80698.960938,288.6960,9.729783535004e-01,340.7096,7.8920,8.6227,0.0000
1931.651,80673.570312,288.6815,9.727213382721e-01,340.7010,7.8941,8.6273,0.0000
1934.321,80648.203125,288.6669,9.724644422531e-01,340.6925,7.8963,8.6319,0.0000
1936.996,80622.695312,288.6523,9.722060561180e-01,340.6839,7.8985,8.6365,0.0000
1939.674,80597.242188,288.6377,9.719483256340e-01,340.6754,7.9007,8.6411,0.0000
1942.356,80571.726562,288.6230,9.716899394989e-01,340.6667,7.9029,8.6457,0.0000
1945.042,80546.218750,288.6084,9.714317321777e-01,340.6581,7.9051,8.6503,0.0000
1947.731,80520.687500,288.5937,9.711732268333e-01,340.6495,7.9073,8.6549,0.0000
1950.424,80495.109375,288.5790,9.709141254425e-01,340.6409,7.9094,8.6595,0.0000
1953.121,80469.484375,288.5643,9.706545472145e-01,340.6322,7.9116,8.6642,0.0000
1955.821,80443.851562,288.5496,9.703949689865e-01,340.6235,7.9138,8.6688,0.0000
1958.525,80418.203125,288.5348,9.701350331306e-01,340.6149,7.9160,8.6735,0.0000
1961.233,80392.468750,288.5200,9.698745012283e-01,340.6062,7.9182,8.6781,0.0000
1963.945,80366.796875,288.5052,9.696143865585e-01,340.5975,7.9204,8.6828,0.0000
1966.660,80341.039062,288.4904,9.693533778191e-01,340.5888,7.9226,8.6875,0.0000
1969.380,80315.226562,288.4756,9.690918922424e-01,340.5801,7.9249,8.6921,0.0000
1972.103,80289.414062,288.4607,9.688303470612e-01,340.5714,7.9271,8.6968,0.0000
1974.829,80263.585938,288.4458,9.685685038567e-01,340.5626,7.9293,8.7015,0.0000
1977.560,80237.757812,288.4309,9.683067202568e-01,340.5539,7.9315,8.7062,0.0000
1980.294,80211.820312,288.4160,9.680440425873e-01,340.5451,7.9337,8.7109,0.0000
1983.032,80185.921875,288.4011,9.677816629410e-01,340.5363,7.9359,8.7156,0.0000
1985.774,80159.921875,288.3861,9.675178527832e-01,340.5275,7.9381,8.7204,0.0000
1988.519,80133.976562,288.3712,9.672549962997e-01,340.5187,7.9404,8.7251,0.0000
1991.269,80107.960938,288.3561,9.669913053513e-01,340.5099,7.9426,8.7298,0.0000
1994.022,80081.882812,288.3411,9.667268395424e-01,340.5010,7.9448,8.7346,0.0000
1996.779,80055.828125,288.3261,9.664628505707e-01,340.4922,7.9470,8.7393,0.0000
1999.540,80029.726562,288.3110,9.661982059479e-01,340.4833,7.9493,8.7441,0.0000
2002.305,80003.632812,288.2959,9.659336209297e-01,340.4745,7.9515,8.7489,0.0000
2005.073,79977.476562,288.2808,9.656683206558e-01,340.4656,7.9537,8.7536,0.0000
2007.845,79951.304688,288.2657,9.654030799866e-01,340.4567,7.9559,8.7584,0.0000
2010.622,79925.093750,288.2505,9.651371240616e-01,340.4478,7.9582,8.7632,0.0000
2013.402,79898.875000,288.2354,9.648714661598e-01,340.4389,7.9604,8.7680,0.0000
2016.185,79872.554688,288.2202,9.646044373512e-01,340.4299,7.9627,8.7728,0.0000
2018.973,79846.265625,288.2050,9.643377661705e-01,340.4210,7.9649,8.7776,0.0000
2021.765,79819.929688,288.1898,9.640706181526e-01,340.4120,7.9671,8.7824,0.0000
2024.560,79793.562500,288.1746,9.638031125069e-01,340.4031,7.9694,8.7872,0.0000
2027.359,79767.203125,288.1593,9.635356664658e-01,340.3941,7.9716,8.7921,0.0000
2030.162,79740.773438,288.1440,9.632676243782e-01,340.3851,7.9739,8.7969,0.0000
2032.969,79714.312500,288.1286,9.629992246628e-01,340.3761,7.9761,8.8018,0.0000
2035.780,79687.867188,288.1133,9.627308845520e-01,340.3671,7.9784,8.8066,0.0000
2038.595,79661.335938,288.0980,9.624616503716e-01,340.3581,7.9807,8.8115,0.0000
2041.414,79634.835938,288.0826,9.621928334236e-01,340.3491,7.9829,8.8163,0.0000
2044.236,79608.296875,288.0672,9.619234800339e-01,340.3400,7.9852,8.8212,0.0000
2047.063,79581.648438,288.0518,9.616531133652e-01,340.3309,7.9874,8.8261,0.0000
2049.893,79555.046875,288.0363,9.613831639290e-01,340.3218,7.9897,8.8310,0.0000
2052.727,79528.375000,288.0209,9.611126184464e-01,340.3127,7.9920,8.8359,0.0000
2055.565,79501.726562,288.0054,9.608419537544e-01,340.3036,7.9942,8.8408,0.0000
2058.407,79475.000000,287.9899,9.605708122253e-01,340.2945,7.9965,8.8457,0.0000
2061.254,79448.296875,287.9744,9.602996706963e-01,340.2854,7.9988,8.8506,0.0000
2064.104,79421.468750,287.9589,9.600271582603e-01,340.2762,8.0010,8.8556,0.0000
2066.957,79394.695312,287.9433,9.597556591034e-01,340.2671,8.0033,8.8605,0.0000
2069.815,79367.867188,287.9277,9.594831466675e-01,340.2579,8.0056,8.8655,0.0000
2072.677,79341.039062,287.9121,9.592108130455e-01,340.2487,8.0079,8.8704,0.0000
2075.543,79314.101562,287.8965,9.589372277260e-01,340.2395,8.0102,8.8754,0.0000
2078.413,79287.187500,287.8808,9.586638808250e-01,340.2303,8.0124,8.8803,0.0000
2081.286,79260.265625,287.8651,9.583905935287e-01,340.2211,8.0147,8.8853,0.0000
2084.164,79233.296875,287.8495,9.581166505814e-01,340.2119,8.0170,8.8903,0.0000
2087.046,79206.296875,287.8338,9.578422904015e-01,340.2027,8.0193,8.8953,0.0000
2089.931,79179.242188,287.8180,9.575675725937e-01,340.1934,8.0216,8.9003,0.0000
2092.821,79152.179688,287.8023,9.572927951813e-01,340.1841,8.0239,8.9053,0.0000
2095.715,79125.117188,287.7865,9.570178389549e-01,340.1748,8.0262,8.9103,0.0000
2098.612,79098.000000,287.7707,9.567424058914e-01,340.1656,8.0285,8.9153,0.0000
2101.514,79070.882812,287.7549,9.564669728279e-01,340.1562,8.0308,8.9204,0.0000
2104.419,79043.664062,287.7390,9.561903476715e-01,340.1469,8.0331,8.9254,0.0000
2107.329,79016.453125,287.7232,9.559138417244e-01,340.1376,8.0354,8.9304,0.0000
2110.243,78989.218750,287.7073,9.556371569633e-01,340.1282,8.0377,8.9355,0.0000
2113.161,78961.914062,287.6913,9.553597569466e-01,340.1188,8.0400,8.9406,0.0000
2116.082,78934.625000,287.6754,9.550823569298e-01,340.1095,8.0423,8.9456,0.0000
2119.008,78907.343750,287.6595,9.548050165176e-01,340.1001,8.0446,8.9507,0.0000
2121.938,78879.914062,287.6435,9.545263648033e-01,340.0907,8.0469,8.9558,0.0000
2124.872,78852.539062,287.6275,9.542481303215e-01,340.0813,8.0492,8.9609,0.0000
2127.810,78825.093750,287.6115,9.539691209793e-01,340.0719,8.0515,8.9660,0.0000
2130.752,78797.664062,287.5955,9.536902308464e-01,340.0625,8.0539,8.9711,0.0000
2133.698,78770.242188,287.5794,9.534115791321e-01,340.0530,8.0562,8.9762,0.0000
2136.648,78742.710938,287.5634,9.531317353249e-01,340.0435,8.0585,8.9813,0.0000
2139.602,78715.156250,287.5472,9.528515338898e-01,340.0340,8.0608,8.9865,0.0000
2142.560,78687.578125,287.5311,9.525710940361e-01,340.0245,8.0631,8.9916,0.0000
2145.523,78660.046875,287.5150,9.522913098335e-01,340.0150,8.0655,8.9967,0.0000
2148.489,78632.351562,287.4988,9.520096778870e-01,340.0055,8.0678,9.0019,0.0000
2151.460,78604.742188,287.4826,9.517288804054e-01,339.9960,8.0701,9.0071,0.0000
2154.435,78577.039062,287.4664,9.514471292496e-01,339.9864,8.0725,9.0122,0.0000
2157.414,78549.281250,287.4502,9.511646628380e-01,339.9769,8.0748,9.0174,0.0000
2160.396,78521.570312,287.4339,9.508829712868e-01,339.9673,8.0771,9.0226,0.0000
2163.384,78493.757812,287.4176,9.505999684334e-01,339.9578,8.0795,9.0278,0.0000
2166.375,78465.984375,287.4013,9.503175616264e-01,339.9481,8.0818,9.0330,0.0000
2169.370,78438.117188,287.3850,9.500340819359e-01,339.9385,8.0842,9.0382,0.0000
2172.369,78410.289062,287.3687,9.497510194778e-01,339.9288,8.0865,9.0434,0.0000
2175.373,78382.375000,287.3523,9.494670033455e-01,339.9192,8.0889,9.0487,0.0000
2178.381,78354.437500,287.3358,9.491826295853e-01,339.9096,8.0912,9.0539,0.0000
2181.393,78326.476562,287.3194,9.488982558250e-01,339.8999,8.0936,9.0591,0.0000
2184.409,78298.523438,287.3030,9.486137628555e-01,339.8902,8.0959,9.0644,0.0000
2187.429,78270.484375,287.2866,9.483283758163e-01,339.8806,8.0983,9.0697,0.0000
2190.454,78242.398438,287.2701,9.480426311493e-01,339.8708,8.1006,9.0749,0.0000
2193.482,78214.328125,287.2536,9.477570056915e-01,339.8611,8.1030,9.0802,0.0000
2196.515,78186.234375,287.2371,9.474709630013e-01,339.8514,8.1053,9.0855,0.0000
2199.552,78158.101562,287.2205,9.471846818924e-01,339.8416,8.1077,9.0908,0.0000
2202.593,78129.898438,287.2039,9.468975067139e-01,339.8318,8.1101,9.0961,0.0000
2205.639,78101.710938,287.1873,9.466104507446e-01,339.8221,8.1124,9.1014,0.0000
2208.688,78073.468750,287.1707,9.463230967522e-01,339.8123,8.1148,9.1067,0.0000
2211.742,78045.226562,287.1541,9.460355639458e-01,339.8025,8.1172,9.1120,0.0000
2214.800,78016.914062,287.1374,9.457472562790e-01,339.7927,8.1195,9.1174,0.0000
2217.862,77988.609375,287.1207,9.454589486122e-01,339.7828,8.1219,9.1227,0.0000
2220.929,77960.265625,287.1040,9.451705217361e-01,339.7730,8.1243,9.1280,0.0000
2224.000,77931.875000,287.0872,9.448813796043e-01,339.7632,8.1267,9.1334,0.0000
2227.075,77903.445312,287.0705,9.445918798447e-01,339.7533,8.1290,9.1388,0.0000
2230.154,77875.007812,287.0537,9.443022012711e-01,339.7434,8.1314,9.1442,0.0000
2233.237,77846.492188,287.0369,9.440116882324e-01,339.7335,8.1338,9.1495,0.0000
2236.325,77818.023438,287.0201,9.437216520309e-01,339.7236,8.1362,9.1549,0.0000
2239.417,77789.476562,287.0032,9.434309005737e-01,339.7136,8.1386,9.1603,0.0000
2242.514,77760.898438,286.9864,9.431399106979e-01,339.7037,8.1410,9.1657,0.0000
2245.614,77732.273438,286.9694,9.428483247757e-01,339.6937,8.1434,9.1712,0.0000
2248.719,77703.703125,286.9525,9.425572156906e-01,339.6838,8.1457,9.1766,0.0000
2251.828,77675.000000,286.9356,9.422646760941e-01,339.6737,8.1481,9.1820,0.0000
2254.942,77646.351562,286.9186,9.419726133347e-01,339.6638,8.1505,9.1875,0.0000
2258.059,77617.609375,286.9016,9.416798949242e-01,339.6537,8.1529,9.1929,0.0000
2261.182,77588.859375,286.8846,9.413869380951e-01,339.6437,8.1553,9.1984,0.0000
2264.308,77560.078125,286.8676,9.410936832428e-01,339.6337,8.1577,9.2038,0.0000
2267.439,77531.234375,286.8505,9.407995343208e-01,339.6237,8.1601,9.2093,0.0000
2270.574,77502.445312,286.8334,9.405062794685e-01,339.6135,8.1625,9.2148,0.0000
2273.713,77473.507812,286.8163,9.402111768723e-01,339.6035,8.1649,9.2203,0.0000
2276.857,77444.617188,286.7992,9.399168491364e-01,339.5934,8.1674,9.2258,0.0000
2280.005,77415.710938,286.7820,9.396222829819e-01,339.5832,8.1698,9.2313,0.0000
2283.157,77386.750000,286.7649,9.393268823624e-01,339.5732,8.1722,9.2368,0.0000
2286.314,77357.718750,286.7477,9.390308260918e-01,339.5630,8.1746,9.2423,0.0000
2289.475,77328.718750,286.7304,9.387351870537e-01,339.5528,8.1770,9.2479,0.0000
2292.641,77299.640625,286.7132,9.384387731552e-01,339.5426,8.1794,9.2534,0.0000
2295.811,77270.562500,286.6959,9.381421208382e-01,339.5324,8.1818,9.2590,0.0000
2298.985,77241.453125,286.6786,9.378452301025e-01,339.5223,8.1843,9.2645,0.0000
2302.164,77212.289062,286.6613,9.375478625298e-01,339.5120,8.1867,9.2701,0.0000
2305.347,77183.062500,286.6439,9.372497797012e-01,339.5018,8.1891,9.2757,0.0000
2308.534,77153.851562,286.6266,9.369518160820e-01,339.4916,8.1915,9.2813,0.0000
2311.726,77124.609375,286.6091,9.366536736488e-01,339.4813,8.1940,9.2869,0.0000
2314.922,77095.335938,286.5917,9.363549351692e-01,339.4710,8.1964,9.2925,0.0000
2318.123,77066.046875,286.5743,9.360560178757e-01,339.4608,8.1988,9.2981,0.0000
2321.328,77036.687500,286.5568,9.357566833496e-01,339.4504,8.2013,9.3037,0.0000
2324.538,77007.296875,286.5393,9.354567527771e-01,339.4401,8.2037,9.3093,0.0000
2327.752,76977.929688,286.5218,9.351572394371e-01,339.4298,8.2062,9.3150,0.0000
2330.970,76948.468750,286.5043,9.348564743996e-01,339.4195,8.2086,9.3206,0.0000
2334.193,76919.046875,286.4867,9.345563054085e-01,339.4091,8.2110,9.3263,0.0000
2337.421,76889.523438,286.4691,9.342551231384e-01,339.3987,8.2135,9.3320,0.0000
2340.652,76859.968750,286.4515,9.339533448219e-01,339.3883,8.2159,9.3376,0.0000
2343.889,76830.445312,286.4338,9.336522221565e-01,339.3779,8.2184,9.3433,0.0000
2347.130,76800.882812,286.4162,9.333505630493e-01,339.3675,8.2208,9.3490,0.0000
2350.375,76771.273438,286.3985,9.330480694771e-01,339.3571,8.2233,9.3547,0.0000
2353.624,76741.539062,286.3808,9.327445030212e-01,339.3466,8.2257,9.3604,0.0000
2356.879,76711.875000,286.3631,9.324416518211e-01,339.3362,8.2282,9.3661,0.0000
2360.137,76682.179688,286.3453,9.321385622025e-01,339.3257,8.2306,9.3719,0.0000
2363.401,76652.445312,286.3275,9.318351149559e-01,339.3152,8.2331,9.3776,0.0000
2366.668,76622.632812,286.3097,9.315304756165e-01,339.3047,8.2356,9.3833,0.0000
2369.941,76592.828125,286.2918,9.312263131142e-01,339.2941,8.2380,9.3891,0.0000
2373.217,76563.039062,286.2740,9.309220314026e-01,339.2836,8.2405,9.3949,0.0000
2376.499,76533.140625,286.2561,9.306167960167e-01,339.2730,8.2429,9.4006,0.0000
2379.785,76503.250000,286.2382,9.303115010262e-01,339.2625,8.2454,9.4064,0.0000
2383.075,76473.265625,286.2202,9.300052523613e-01,339.2519,8.2479,9.4122,0.0000
2386.370,76443.335938,286.2023,9.296994805336e-01,339.2413,8.2504,9.4180,0.0000
2389.669,76413.343750,286.1843,9.293931126595e-01,339.2307,8.2528,9.4238,0.0000
2392.974,76383.328125,286.1663,9.290865063667e-01,339.2200,8.2553,9.4296,0.0000
2396.282,76353.257812,286.1483,9.287793040276e-01,339.2094,8.2578,9.4355,0.0000
2399.595,76323.195312,286.1302,9.284722805023e-01,339.1987,8.2603,9.4413,0.0000
2402.913,76293.023438,286.1121,9.281640648842e-01,339.1881,8.2627,9.4471,0.0000
2406.236,76262.867188,286.0940,9.278557300568e-01,339.1774,8.2652,9.4530,0.0000
2409.562,76232.656250,286.0758,9.275470376015e-01,339.1667,8.2677,9.4589,0.0000
2412.894,76202.453125,286.0577,9.272385239601e-01,339.1560,8.2702,9.4647,0.0000
2416.230,76172.234375,286.0395,9.269295334816e-01,339.1452,8.2727,9.4706,0.0000
2419.571,76141.937500,286.0213,9.266198873520e-01,339.1345,8.2752,9.4765,0.0000
2422.916,76111.640625,286.0031,9.263103008270e-01,339.1237,8.2777,9.4824,0.0000
2426.266,76081.257812,285.9848,9.259997010231e-01,339.1130,8.2802,9.4883,0.0000
2429.621,76050.898438,285.9665,9.256892800331e-01,339.1022,8.2826,9.4942,0.0000
2432.980,76020.484375,285.9482,9.253785014153e-01,339.0913,8.2851,9.5002,0.0000
2436.344,75990.039062,285.9298,9.250671863556e-01,339.0805,8.2876,9.5061,0.0000
2439.713,75959.570312,285.9114,9.247556328773e-01,339.0696,8.2901,9.5120,0.0000
2443.086,75929.039062,285.8930,9.244436025620e-01,339.0587,8.2926,9.5180,0.0000
2446.464,75898.531250,285.8747,9.241314530373e-01,339.0479,8.2951,9.5240,0.0000
2449.847,75867.945312,285.8562,9.238187670708e-01,339.0370,8.2977,9.5299,0.0000
2453.234,75837.390625,285.8377,9.235063791275e-01,339.0261,8.3002,9.5359,0.0000
2456.626,75806.726562,285.8192,9.231926798820e-01,339.0152,8.3027,9.5419,0.0000
2460.023,75776.046875,285.8007,9.228790402412e-01,339.0042,8.3052,9.5479,0.0000
2463.424,75745.375000,285.7822,9.225652217865e-01,338.9933,8.3077,9.5539,0.0000
2466.830,75714.687500,285.7636,9.222514033318e-01,338.9823,8.3102,9.5599,0.0000
2470.241,75683.851562,285.7449,9.219360351562e-01,338.9713,8.3127,9.5660,0.0000
2473.656,75653.085938,285.7263,9.216211438179e-01,338.9603,8.3152,9.5720,0.0000
2477.076,75622.281250,285.7077,9.213058948517e-01,338.9493,8.3178,9.5781,0.0000
2480.501,75591.421875,285.6890,9.209903478622e-01,338.9382,8.3203,9.5841,0.0000
2483.931,75560.539062,285.6703,9.206743836403e-01,338.9272,8.3228,9.5902,0.0000
2487.365,75529.585938,285.6516,9.203576445580e-01,338.9161,8.3253,9.5963,0.0000
2490.804,75498.656250,285.6328,9.200411438942e-01,338.9051,8.3278,9.6024,0.0000
2494.248,75467.703125,285.6140,9.197243452072e-01,338.8940,8.3304,9.6084,0.0000
2497.697,75436.656250,285.5952,9.194065332413e-01,338.8828,8.3329,9.6146,0.0000
2501.150,75405.625000,285.5764,9.190889596939e-01,338.8717,8.3354,9.6207,0.0000
2504.609,75374.531250,285.5575,9.187705516815e-01,338.8606,8.3380,9.6268,0.0000
2508.072,75343.406250,285.5386,9.184520840645e-01,338.8494,8.3405,9.6329,0.0000
2511.539,75312.265625,285.5197,9.181331396103e-01,338.8382,8.3430,9.6391,0.0000
2515.012,75281.093750,285.5008,9.178141355515e-01,338.8270,8.3456,9.6452,0.0000
2518.489,75249.906250,285.4818,9.174948930740e-01,338.8158,8.3481,9.6514,0.0000
2521.971,75218.617188,285.4628,9.171745777130e-01,338.8046,8.3507,9.6576,0.0000
2525.458,75187.359375,285.4438,9.168544411659e-01,338.7934,8.3532,9.6637,0.0000
2528.950,75156.070312,285.4247,9.165340662003e-01,338.7821,8.3557,9.6699,0.0000
2532.447,75124.742188,285.4056,9.162133336067e-01,338.7708,8.3583,9.6761,0.0000
2535.948,75093.375000,285.3865,9.158919453621e-01,338.7595,8.3608,9.6823,0.0000
2539.455,75061.953125,285.3673,9.155702590942e-01,338.7482,8.3634,9.6886,0.0000
2542.966,75030.492188,285.3482,9.152476787567e-01,338.7369,8.3659,9.6948,0.0000
2546.482,74999.007812,285.3290,9.149253964424e-01,338.7255,8.3685,9.7010,0.0000
2550.003,74967.546875,285.3098,9.146030545235e-01,338.7142,8.3710,9.7073,0.0000
2553.529,74936.023438,285.2906,9.142801761627e-01,338.7028,8.3736,9.7136,0.0000
2557.059,74904.484375,285.2713,9.139571189880e-01,338.6914,8.3762,9.7198,0.0000
2560.595,74872.851562,285.2520,9.136329889297e-01,338.6800,8.3787,9.7261,0.0000
2564.135,74841.257812,285.2327,9.133092761040e-01,338.6686,8.3813,9.7324,0.0000
2567.680,74809.523438,285.2133,9.129840731621e-01,338.6571,8.3838,9.7387,0.0000
2571.231,74777.898438,285.1939,9.126601219177e-01,338.6456,8.3864,9.7450,0.0000
2574.786,74746.132812,285.1745,9.123344421387e-01,338.6342,8.3890,9.7513,0.0000
2578.346,74714.375000,285.1551,9.120089411736e-01,338.6227,8.3915,9.7576,0.0000
2581.911,74682.578125,285.1357,9.116830229759e-01,338.6112,8.3941,9.7640,0.0000
2585.480,74650.781250,285.1161,9.113572239876e-01,338.5996,8.3967,9.7703,0.0000
2589.055,74618.898438,285.0966,9.110303521156e-01,338.5881,8.3993,9.7767,0.0000
2592.635,74587.023438,285.0771,9.107036590576e-01,338.5766,8.4018,9.7831,0.0000
2596.220,74555.085938,285.0575,9.103761911392e-01,338.5650,8.4044,9.7894,0.0000
2599.809,74523.148438,285.0379,9.100487232208e-01,338.5534,8.4070,9.7958,0.0000
2603.404,74491.164062,285.0183,9.097207188606e-01,338.5418,8.4096,9.8022,0.0000
2607.003,74459.132812,284.9986,9.093923568726e-01,338.5302,8.4121,9.8086,0.0000
2610.608,74427.109375,284.9789,9.090639948845e-01,338.5185,8.4147,9.8151,0.0000
2614.218,74395.000000,284.9592,9.087347388268e-01,338.5068,8.4173,9.8215,0.0000
2617.832,74362.867188,284.9395,9.084050655365e-01,338.4952,8.4199,9.8279,0.0000
2621.452,74330.718750,284.9197,9.080753326416e-01,338.4835,8.4225,9.8344,0.0000
2625.076,74298.531250,284.8999,9.077453613281e-01,338.4718,8.4251,9.8408,0.0000
2628.706,74266.312500,284.8801,9.074147343636e-01,338.4601,8.4277,9.8473,0.0000
2632.340,74234.093750,284.8603,9.070842266083e-01,338.4483,8.4303,9.8538,0.0000
2635.980,74201.812500,284.8404,9.067531228065e-01,338.4365,8.4329,9.8603,0.0000
2639.625,74169.437500,284.8204,9.064210057259e-01,338.4247,8.4354,9.8668,0.0000
2643.274,74137.156250,284.8005,9.060898423195e-01,338.4130,8.4380,9.8733,0.0000
2646.929,74104.742188,284.7805,9.057571887970e-01,338.4011,8.4406,9.8798,0.0000
2650.589,74072.359375,284.7606,9.054248929024e-01,338.3893,8.4432,9.8863,0.0000
2654.253,74039.898438,284.7405,9.050919413567e-01,338.3775,8.4458,9.8929,0.0000
2657.923,74007.429688,284.7205,9.047585129738e-01,338.3656,8.4484,9.8994,0.0000
2661.598,73974.906250,284.7004,9.044247269630e-01,338.3538,8.4511,9.9060,0.0000
2665.278,73942.343750,284.6803,9.040905237198e-01,338.3418,8.4537,9.9126,0.0000
2668.963,73909.773438,284.6601,9.037563800812e-01,338.3299,8.4563,9.9191,0.0000
2672.654,73877.171875,284.6400,9.034216403961e-01,338.3180,8.4589,9.9257,0.0000
2676.349,73844.539062,284.6198,9.030866622925e-01,338.3060,8.4615,9.9323,0.0000
2680.049,73811.859375,284.5995,9.027512073517e-01,338.2940,8.4641,9.9389,0.0000
2683.755,73779.140625,284.5793,9.024151563644e-01,338.2821,8.4667,9.9456,0.0000
2687.466,73746.398438,284.5590,9.020789861679e-01,338.2701,8.4693,9.9522,0.0000
2691.182,73713.593750,284.5387,9.017421603203e-01,338.2580,8.4719,9.9588,0.0000
2694.902,73680.796875,284.5183,9.014053940773e-01,338.2460,8.4746,9.9655,0.0000
2698.629,73647.921875,284.4980,9.010677337646e-01,338.2339,8.4772,9.9722,0.0000
2702.360,73615.093750,284.4776,9.007305502892e-01,338.2219,8.4798,9.9788,0.0000
2706.096,73582.179688,284.4571,9.003925323486e-01,338.2098,8.4824,9.9855,0.0000
2709.838,73549.234375,284.4367,9.000542163849e-01,338.1976,8.4851,9.9922,0.0000
2713.585,73516.281250,284.4162,8.997157216072e-01,338.1855,8.4877,9.9989,0.0000
2717.336,73483.265625,284.3957,8.993766903877e-01,338.1733,8.4903,10.0056,0.0000
2721.094,73450.226562,284.3752,8.990370035172e-01,338.1612,8.4929,10.0124,0.0000
2724.856,73417.109375,284.3545,8.986968994141e-01,338.1490,8.4956,10.0191,0.0000
2728.623,73384.062500,284.3340,8.983572125435e-01,338.1368,8.4982,10.0259,0.0000
2732.396,73350.906250,284.3133,8.980166316032e-01,338.1246,8.5008,10.0326,0.0000
2736.174,73317.703125,284.2926,8.976755738258e-01,338.1123,8.5035,10.0394,0.0000
2739.957,73284.515625,284.2719,8.973343968391e-01,338.1001,8.5061,10.0462,0.0000
2743.746,73251.281250,284.2512,8.969928622246e-01,338.0878,8.5087,10.0530,0.0000
2747.539,73218.007812,284.2304,8.966509103775e-01,338.0755,8.5114,10.0598,0.0000
2751.338,73184.703125,284.2097,8.963087201118e-01,338.0632,8.5140,10.0666,0.0000
2755.142,73151.382812,284.1888,8.959661722183e-01,338.0509,8.5167,10.0734,0.0000
2758.952,73118.015625,284.1680,8.956232070923e-01,338.0385,8.5193,10.0802,0.0000
2762.766,73084.625000,284.1471,8.952798843384e-01,338.0262,8.5220,10.0871,0.0000
2766.586,73051.179688,284.1263,8.949359655380e-01,338.0138,8.5246,10.0939,0.0000
2770.411,73017.679688,284.1053,8.945915699005e-01,338.0013,8.5273,10.1008,0.0000
2774.242,72984.156250,284.0843,8.942468762398e-01,337.9889,8.5299,10.1077,0.0000
2778.078,72950.625000,284.0633,8.939020633698e-01,337.9765,8.5326,10.1146,0.0000
2781.919,72917.093750,284.0423,8.935573101044e-01,337.9641,8.5352,10.1215,0.0000
2785.765,72883.437500,284.0212,8.932111263275e-01,337.9516,8.5379,10.1284,0.0000
2789.617,72849.789062,284.0001,8.928652405739e-01,337.9391,8.5405,10.1353,0.0000
2793.474,72816.179688,283.9790,8.925195336342e-01,337.9265,8.5432,10.1422,0.0000
2797.336,72782.437500,283.9579,8.921723961830e-01,337.9140,8.5458,10.1492,0.0000
2801.204,72748.710938,283.9367,8.918254971504e-01,337.9015,8.5485,10.1561,0.0000
2805.077,72714.929688,283.9155,8.914780616760e-01,337.8889,8.5512,10.1631,0.0000
2808.955,72681.109375,283.8943,8.911297917366e-01,337.8763,8.5538,10.1701,0.0000
2812.839,72647.320312,283.8730,8.907824754715e-01,337.8637,8.5565,10.1770,0.0000
2816.728,72613.414062,283.8517,8.904335498810e-01,337.8510,8.5591,10.1840,0.0000
2820.623,72579.523438,283.8303,8.900848627090e-01,337.8384,8.5618,10.1910,0.0000
2824.523,72545.570312,283.8089,8.897356390953e-01,337.8257,8.5645,10.1981,0.0000
2828.428,72511.578125,283.7876,8.893855810165e-01,337.8130,8.5672,10.2051,0.0000
2832.339,72477.562500,283.7661,8.890355229378e-01,337.8004,8.5698,10.2121,0.0000
2836.255,72443.554688,283.7447,8.886856436729e-01,337.7876,8.5725,10.2192,0.0000
2840.177,72409.484375,283.7232,8.883348703384e-01,337.7749,8.5752,10.2263,0.0000
2844.103,72375.351562,283.7017,8.879835009575e-01,337.7622,8.5778,10.2333,0.0000
2848.036,72341.257812,283.6801,8.876326084137e-01,337.7493,8.5805,10.2404,0.0000
2851.974,72307.046875,283.6585,8.872804641724e-01,337.7365,8.5832,10.2475,0.0000
2855.917,72272.851562,283.6369,8.869282603264e-01,337.7238,8.5859,10.2546,0.0000
2859.866,72238.601562,283.6153,8.865755796432e-01,337.7109,8.5886,10.2617,0.0000
2863.820,72204.335938,283.5936,8.862227797508e-01,337.6980,8.5912,10.2689,0.0000
2867.779,72170.054688,283.5719,8.858697414398e-01,337.6852,8.5939,10.2760,0.0000
2871.745,72135.648438,283.5501,8.855155706406e-01,337.6723,8.5966,10.2832,0.0000
2875.715,72101.289062,283.5284,8.851616382599e-01,337.6594,8.5993,10.2903,0.0000
2879.691,72066.851562,283.5066,8.848069310188e-01,337.6465,8.6020,10.2975,0.0000
2883.673,72032.421875,283.4847,8.844522833824e-01,337.6336,8.6047,10.3047,0.0000
2887.660,71997.960938,283.4628,8.840973973274e-01,337.6205,8.6074,10.3119,0.0000
2891.653,71963.453125,283.4409,8.837419152260e-01,337.6076,8.6100,10.3191,0.0000
2895.651,71928.914062,283.4190,8.833860158920e-01,337.5945,8.6127,10.3263,0.0000
2899.654,71894.351562,283.3971,8.830299973488e-01,337.5815,8.6154,10.3335,0.0000
2903.664,71859.734375,283.3751,8.826733231544e-01,337.5685,8.6181,10.3408,0.0000
2907.678,71825.015625,283.3530,8.823156952858e-01,337.5554,8.6208,10.3480,0.0000
2911.699,71790.343750,283.3309,8.819584250450e-01,337.5423,8.6235,10.3553,0.0000
2915.724,71755.640625,283.3089,8.816007971764e-01,337.5292,8.6262,10.3626,0.0000
2919.756,71720.921875,283.2867,8.812431097031e-01,337.5160,8.6289,10.3699,0.0000
2923.793,71686.101562,283.2646,8.808841705322e-01,337.5029,8.6316,10.3772,0.0000
2927.835,71651.312500,283.2424,8.805256485939e-01,337.4897,8.6343,10.3845,0.0000
2931.884,71616.515625,283.2202,8.801670670509e-01,337.4766,8.6370,10.3918,0.0000
2935.937,71581.585938,283.1979,8.798069357872e-01,337.4633,8.6397,10.3992,0.0000
2939.997,71546.648438,283.1756,8.794467449188e-01,337.4501,8.6424,10.4065,0.0000
2944.062,71511.718750,283.1533,8.790866136551e-01,337.4369,8.6451,10.4139,0.0000
2948.132,71476.734375,283.1309,8.787260651588e-01,337.4236,8.6479,10.4212,0.0000
2952.208,71441.679688,283.1085,8.783645629883e-01,337.4103,8.6506,10.4286,0.0000
2956.290,71406.640625,283.0861,8.780031204224e-01,337.3970,8.6533,10.4360,0.0000
2960.378,71371.570312,283.0637,8.776415586472e-01,337.3837,8.6560,10.4434,0.0000
2964.471,71336.492188,283.0412,8.772799372673e-01,337.3703,8.6587,10.4508,0.0000
2968.570,71301.296875,283.0186,8.769169449806e-01,337.3570,8.6614,10.4583,0.0000
2972.674,71266.109375,282.9961,8.765538930893e-01,337.3436,8.6641,10.4657,0.0000
2976.784,71230.882812,282.9735,8.761906623840e-01,337.3301,8.6668,10.4731,0.0000
2980.900,71195.640625,282.9509,8.758270144463e-01,337.3168,8.6696,10.4806,0.0000
2985.022,71160.335938,282.9282,8.754630088806e-01,337.3033,8.6723,10.4881,0.0000
2989.149,71124.992188,282.9055,8.750982284546e-01,337.2898,8.6750,10.4956,0.0000
2993.282,71089.625000,282.8828,8.747333288193e-01,337.2763,8.6777,10.5031,0.0000
2997.421,71054.250000,282.8600,8.743684291840e-01,337.2628,8.6804,10.5106,0.0000
3001.565,71018.843750,282.8373,8.740030527115e-01,337.2493,8.6832,10.5181,0.0000
3005.715,70983.367188,282.8145,8.736370801926e-01,337.2357,8.6859,10.5256,0.0000
3009.871,70947.867188,282.7916,8.732706904411e-01,337.2222,8.6886,10.5332,0.0000
3014.032,70912.289062,282.7687,8.729035258293e-01,337.2086,8.6913,10.5408,0.0000
3018.200,70876.750000,282.7458,8.725366592407e-01,337.1949,8.6941,10.5483,0.0000
3022.373,70841.140625,282.7228,8.721692562103e-01,337.1813,8.6968,10.5559,0.0000
3026.552,70805.546875,282.6998,8.718019127846e-01,337.1676,8.6995,10.5635,0.0000
3030.736,70769.843750,282.6768,8.714333772659e-01,337.1540,8.7023,10.5711,0.0000
3034.927,70734.140625,282.6537,8.710646629333e-01,337.1403,8.7050,10.5787,0.0000
3039.123,70698.398438,282.6306,8.706957101822e-01,337.1266,8.7077,10.5864,0.0000
3043.325,70662.640625,282.6075,8.703265190125e-01,337.1128,8.7105,10.5940,0.0000
3047.533,70626.828125,282.5844,8.699566721916e-01,337.0991,8.7132,10.6017,0.0000
3051.746,70591.015625,282.5612,8.695868849754e-01,337.0853,8.7159,10.6093,0.0000
3055.966,70555.140625,282.5380,8.692163825035e-01,337.0715,8.7187,10.6170,0.0000
3060.191,70519.250000,282.5146,8.688459396362e-01,337.0576,8.7214,10.6247,0.0000
3064.422,70483.281250,282.4914,8.684743046761e-01,337.0438,8.7242,10.6324,0.0000
3068.659,70447.289062,282.4680,8.681026697159e-01,337.0299,8.7269,10.6401,0.0000
3072.902,70411.289062,282.4446,8.677307963371e-01,337.0161,8.7296,10.6478,0.0000
3077.151,70375.273438,282.4213,8.673588037491e-01,337.0021,8.7324,10.6556,0.0000
3081.406,70339.179688,282.3978,8.669857978821e-01,336.9882,8.7351,10.6633,0.0000
3085.666,70303.062500,282.3743,8.666129112244e-01,336.9742,8.7379,10.6711,0.0000
3089.933,70266.929688,282.3509,8.662394881248e-01,336.9603,8.7406,10.6789,0.0000
3094.205,70230.750000,282.3273,8.658657073975e-01,336.9463,8.7434,10.6867,0.0000
3098.483,70194.531250,282.3037,8.654915094376e-01,336.9323,8.7461,10.6945,0.0000
3102.767,70158.265625,282.2801,8.651165366173e-01,336.9182,8.7489,10.7023,0.0000
3107.057,70122.007812,282.2564,8.647419214249e-01,336.9042,8.7516,10.7101,0.0000
3111.353,70085.664062,282.2327,8.643664121628e-01,336.8901,8.7544,10.7179,0.0000
3115.655,70049.343750,282.2090,8.639911413193e-01,336.8760,8.7571,10.7258,0.0000
3119.963,70012.953125,282.1852,8.636149764061e-01,336.8618,8.7599,10.7337,0.0000
3124.277,69976.500000,282.1615,8.632381558418e-01,336.8477,8.7626,10.7415,0.0000
3128.596,69940.078125,282.1377,8.628615736961e-01,336.8336,8.7654,10.7494,0.0000
3132.922,69903.570312,282.1138,8.624841570854e-01,336.8194,8.7681,10.7573,0.0000
3137.254,69867.078125,282.0899,8.621068596840e-01,336.8052,8.7709,10.7652,0.0000
3141.592,69830.476562,282.0659,8.617284297943e-01,336.7909,8.7736,10.7732,0.0000
3145.935,69793.914062,282.0420,8.613505363464e-01,336.7766,8.7764,10.7811,0.0000
3150.285,69757.257812,282.0179,8.609713912010e-01,336.7624,8.7792,10.7891,0.0000
3154.641,69720.578125,281.9939,8.605919480324e-01,336.7481,8.7819,10.7970,0.0000
3159.002,69683.914062,281.9699,8.602127432823e-01,336.7338,8.7847,10.8050,0.0000
3163.370,69647.171875,281.9457,8.598330020905e-01,336.7194,8.7874,10.8130,0.0000
3167.744,69610.414062,281.9216,8.594527840614e-01,336.7051,8.7902,10.8210,0.0000
3172.124,69573.625000,281.8974,8.590722680092e-01,336.6906,8.7930,10.8290,0.0000
3176.510,69536.765625,281.8732,8.586909770966e-01,336.6762,8.7957,10.8370,0.0000
3180.902,69499.882812,281.8489,8.583092689514e-01,336.6618,8.7985,10.8451,0.0000
3185.300,69463.007812,281.8246,8.579277992249e-01,336.6474,8.8013,10.8531,0.0000
3189.704,69426.046875,281.8003,8.575453758240e-01,336.6329,8.8040,10.8612,0.0000
3194.114,69389.070312,281.7759,8.571628928185e-01,336.6184,8.8068,10.8693,0.0000
3198.530,69352.062500,281.7515,8.567798137665e-01,336.6039,8.8096,10.8774,0.0000
3202.953,69315.000000,281.7270,8.563963174820e-01,336.5893,8.8123,10.8855,0.0000
3207.381,69277.937500,281.7025,8.560127615929e-01,336.5748,8.8151,10.8936,0.0000
3211.816,69240.812500,281.6780,8.556284904480e-01,336.5601,8.8179,10.9017,0.0000
3216.257,69203.703125,281.6535,8.552444577217e-01,336.5456,8.8206,10.9098,0.0000
3220.704,69166.531250,281.6289,8.548596501350e-01,336.5309,8.8234,10.9180,0.0000
3225.157,69129.296875,281.6042,8.544743657112e-01,336.5162,8.8262,10.9262,0.0000
3229.616,69092.062500,281.5796,8.540889620781e-01,336.5016,8.8290,10.9343,0.0000
3234.082,69054.781250,281.5549,8.537029027939e-01,336.4868,8.8317,10.9425,0.0000
3238.553,69017.453125,281.5302,8.533164262772e-01,336.4722,8.8345,10.9507,0.0000
3243.031,68980.078125,281.5053,8.529294133186e-01,336.4574,8.8373,10.9590,0.0000
3247.515,68942.718750,281.4806,8.525425195694e-01,336.4426,8.8401,10.9672,0.0000
3252.005,68905.296875,281.4557,8.521550893784e-01,336.4278,8.8428,10.9754,0.0000
3256.501,68867.843750,281.4308,8.517673015594e-01,336.4129,8.8456,10.9837,0.0000
3261.004,68830.351562,281.4059,8.513789176941e-01,336.3981,8.8484,10.9920,0.0000
3265.513,68792.851562,281.3809,8.509906530380e-01,336.3833,8.8512,11.0003,0.0000
3270.028,68755.257812,281.3559,8.506012558937e-01,336.3684,8.8540,11.0086,0.0000
3274.549,68717.664062,281.3308,8.502117991447e-01,336.3535,8.8567,11.0169,0.0000
3279.077,68680.031250,281.3057,8.498220443726e-01,336.3385,8.8595,11.0252,0.0000
3283.610,68642.375000,281.2806,8.494319319725e-01,336.3236,8.8623,11.0335,0.0000
3288.151,68604.679688,281.2555,8.490413427353e-01,336.3086,8.8651,11.0419,0.0000
3292.697,68566.937500,281.2303,8.486503362656e-01,336.2936,8.8679,11.0503,0.0000
3297.250,68529.179688,281.2050,8.482590913773e-01,336.2786,8.8707,11.0586,0.0000
3301.808,68491.390625,281.1798,8.478674888611e-01,336.2635,8.8734,11.0670,0.0000
3306.374,68453.515625,281.1544,8.474750518799e-01,336.2484,8.8762,11.0754,0.0000
3310.945,68415.664062,281.1291,8.470827937126e-01,336.2334,8.8790,11.0839,0.0000
3315.523,68377.726562,281.1037,8.466895222664e-01,336.2182,8.8818,11.0923,0.0000
3320.107,68339.796875,281.0783,8.462963700294e-01,336.2031,8.8846,11.1007,0.0000
3324.698,68301.804688,281.0528,8.459026813507e-01,336.1879,8.8874,11.1092,0.0000
3329.295,68263.835938,281.0273,8.455090522766e-01,336.1727,8.8902,11.1177,0.0000
3333.898,68225.734375,281.0017,8.451139330864e-01,336.1575,8.8930,11.1261,0.0000
3338.507,68187.679688,280.9761,8.447195291519e-01,336.1422,8.8958,11.1346,0.0000
3343.123,68149.515625,280.9505,8.443238139153e-01,336.1269,8.8985,11.1432,0.0000
3347.746,68111.414062,280.9249,8.439287543297e-01,336.1116,8.9013,11.1517,0.0000
3352.375,68073.226562,280.8991,8.435328602791e-01,336.0963,8.9041,11.1602,0.0000
3357.010,68035.000000,280.8734,8.431363701820e-01,336.0810,8.9069,11.1688,0.0000
3361.651,67996.726562,280.8476,8.427395224571e-01,336.0656,8.9097,11.1773,0.0000
3366.299,67958.460938,280.8218,8.423425555229e-01,336.0502,8.9125,11.1859,0.0000
3370.954,67920.125000,280.7960,8.419450521469e-01,336.0348,8.9153,11.1945,0.0000
3375.614,67881.757812,280.7700,8.415471315384e-01,336.0193,8.9181,11.2031,0.0000
3380.282,67843.382812,280.7441,8.411490321159e-01,336.0039,8.9209,11.2117,0.0000
3384.955,67804.929688,280.7181,8.407500982285e-01,335.9884,8.9237,11.2204,0.0000
3389.636,67766.460938,280.6921,8.403509855270e-01,335.9729,8.9265,11.2290,0.0000
3394.322,67727.984375,280.6660,8.399519324303e-01,335.9573,8.9293,11.2377,0.0000
3399.015,67689.476562,280.6399,8.395522832870e-01,335.9418,8.9321,11.2464,0.0000
3403.715,67650.875000,280.6138,8.391518592834e-01,335.9261,8.9349,11.2551,0.0000
3408.421,67612.265625,280.5876,8.387510776520e-01,335.9106,8.9377,11.2638,0.0000
3413.134,67573.632812,280.5614,8.383501768112e-01,335.8950,8.9405,11.2725,0.0000
3417.853,67534.937500,280.5351,8.379484415054e-01,335.8793,8.9433,11.2812,0.0000
3422.579,67496.273438,280.5088,8.375475406647e-01,335.8636,8.9461,11.2900,0.0000
3427.311,67457.539062,280.4825,8.371453285217e-01,335.8479,8.9489,11.2987,0.0000
3432.050,67418.757812,280.4561,8.367426991463e-01,335.8322,8.9517,11.3075,0.0000
3436.795,67379.937500,280.4297,8.363397717476e-01,335.8164,8.9545,11.3163,0.0000
3441.547,67341.062500,280.4032,8.359361290932e-01,335.8006,8.9573,11.3251,0.0000
3446.305,67302.164062,280.3767,8.355322480202e-01,335.7848,8.9601,11.3339,0.0000
3451.070,67263.273438,280.3501,8.351286649704e-01,335.7689,8.9629,11.3427,0.0000
3455.842,67224.320312,280.3235,8.347241878510e-01,335.7531,8.9657,11.3516,0.0000
3460.620,67185.312500,280.2969,8.343189358711e-01,335.7372,8.9685,11.3604,0.0000
3465.405,67146.281250,280.2702,8.339137434959e-01,335.7213,8.9713,11.3693,0.0000
3470.196,67107.226562,280.2435,8.335079550743e-01,335.7054,8.9741,11.3782,0.0000
3474.994,67068.132812,280.2168,8.331021070480e-01,335.6894,8.9769,11.3871,0.0000
3479.799,67029.007812,280.1899,8.326957225800e-01,335.6734,8.9797,11.3960,0.0000
3484.610,66989.898438,280.1631,8.322895765305e-01,335.6573,8.9825,11.4049,0.0000
3489.428,66950.687500,280.1362,8.318822383881e-01,335.6413,8.9853,11.4139,0.0000
3494.253,66911.460938,280.1093,8.314747214317e-01,335.6253,8.9881,11.4228,0.0000
3499.084,66872.187500,280.0823,8.310667276382e-01,335.6091,8.9909,11.4318,0.0000
3503.922,66832.890625,280.0553,8.306584954262e-01,335.5930,8.9937,11.4408,0.0000
3508.767,66793.531250,280.0283,8.302494883537e-01,335.5769,8.9965,11.4498,0.0000
3513.618,66754.156250,280.0012,8.298403024673e-01,335.5607,8.9993,11.4588,0.0000
3518.476,66714.726562,279.9740,8.294305801392e-01,335.5445,9.0021,11.4678,0.0000
3523.341,66675.289062,279.9468,8.290207982063e-01,335.5283,9.0049,11.4769,0.0000
3528.213,66635.835938,279.9196,8.286108970642e-01,335.5120,9.0077,11.4859,0.0000
3533.091,66596.296875,279.8924,8.281998038292e-01,335.4957,9.0105,11.4950,0.0000
3537.976,66556.773438,279.8651,8.277890682220e-01,335.4795,9.0133,11.5041,0.0000
3542.868,66517.179688,279.8377,8.273773789406e-01,335.4631,9.0161,11.5132,0.0000
3547.766,66477.578125,279.8103,8.269656896591e-01,335.4467,9.0189,11.5223,0.0000
3552.672,66437.929688,279.7829,8.265534639359e-01,335.4304,9.0217,11.5314,0.0000
3557.584,66398.281250,279.7555,8.261413574219e-01,335.4140,9.0245,11.5406,0.0000
3562.502,66358.523438,279.7279,8.257280588150e-01,335.3975,9.0273,11.5497,0.0000
3567.428,66318.765625,279.7003,8.253145217896e-01,335.3811,9.0301,11.5589,0.0000
3572.361,66278.960938,279.6727,8.249006867409e-01,335.3645,9.0329,11.5681,0.0000
3577.300,66239.148438,279.6451,8.244867324829e-01,335.3481,9.0357,11.5773,0.0000
3582.246,66199.281250,279.6174,8.240720033646e-01,335.3315,9.0386,11.5865,0.0000
3587.199,66159.414062,279.5897,8.236573934555e-01,335.3150,9.0414,11.5958,0.0000
3592.159,66119.460938,279.5619,8.232417106628e-01,335.2984,9.0442,11.6050,0.0000
3597.126,66079.523438,279.5340,8.228266239166e-01,335.2817,9.0470,11.6143,0.0000
3602.099,66039.492188,279.5062,8.224099278450e-01,335.2651,9.0498,11.6235,0.0000
3607.080,65999.453125,279.4783,8.219932913780e-01,335.2484,9.0526,11.6328,0.0000
3612.067,65959.390625,279.4503,8.215767741203e-01,335.2317,9.0554,11.6421,0.0000
3617.061,65919.273438,279.4223,8.211593627930e-01,335.2150,9.0582,11.6515,0.0000
3622.062,65879.140625,279.3943,8.207417130470e-01,335.1982,9.0610,11.6608,0.0000
3627.070,65838.984375,279.3662,8.203237652779e-01,335.1814,9.0638,11.6701,0.0000
3632.085,65798.718750,279.3380,8.199048638344e-01,335.1646,9.0666,11.6795,0.0000
3637.107,65758.507812,279.3099,8.194864392281e-01,335.1478,9.0694,11.6889,0.0000
3642.136,65718.226562,279.2816,8.190671205521e-01,335.1309,9.0722,11.6983,0.0000
3647.172,65677.937500,279.2534,8.186478614807e-01,335.1140,9.0750,11.7077,0.0000
3652.214,65637.570312,279.2250,8.182278871536e-01,335.0970,9.0778,11.7171,0.0000
3657.264,65597.156250,279.1967,8.178068995476e-01,335.0800,9.0806,11.7266,0.0000
3662.321,65556.757812,279.1683,8.173864483833e-01,335.0631,9.0834,11.7360,0.0000
3667.384,65516.281250,279.1398,8.169651031494e-01,335.0461,9.0862,11.7455,0.0000
3672.455,65475.808594,279.1114,8.165437579155e-01,335.0291,9.0890,11.7550,0.0000
3677.533,65435.296875,279.0828,8.161219954491e-01,335.0120,9.0918,11.7645,0.0000
3682.618,65394.710938,279.0542,8.156993389130e-01,334.9949,9.0947,11.7740,0.0000
3687.709,65354.132812,279.0256,8.152766823769e-01,334.9778,9.0975,11.7835,0.0000
3692.808,65313.503906,278.9969,8.148536682129e-01,334.9606,9.1003,11.7931,0.0000
3697.914,65272.847656,278.9682,8.144303560257e-01,334.9435,9.1031,11.8026,0.0000
3703.027,65232.152344,278.9395,8.140064477921e-01,334.9263,9.1059,11.8122,0.0000
3708.147,65191.410156,278.9106,8.135821819305e-01,334.9090,9.1087,11.8218,0.0000
3713.274,65150.605469,278.8817,8.131570816040e-01,334.8917,9.1115,11.8314,0.0000
3718.408,65109.828125,278.8529,8.127322793007e-01,334.8745,9.1143,11.8410,0.0000
3723.549,65068.988281,278.8239,8.123068213463e-01,334.8571,9.1171,11.8507,0.0000
3728.698,65028.101562,278.7949,8.118808269501e-01,334.8398,9.1199,11.8603,0.0000
3733.853,64987.191406,278.7659,8.114546537399e-01,334.8224,9.1227,11.8700,0.0000
3739.016,64946.234375,278.7368,8.110277652740e-01,334.8051,9.1255,11.8797,0.0000
3744.185,64905.312500,278.7077,8.106014728546e-01,334.7876,9.1283,11.8894,0.0000
3749.362,64864.226562,278.6785,8.101732730865e-01,334.7701,9.1311,11.8991,0.0000
3754.546,64823.222656,278.6492,8.097460865974e-01,334.7526,9.1339,11.9088,0.0000
3759.737,64782.132812,278.6200,8.093177676201e-01,334.7351,9.1367,11.9186,0.0000
3764.936,64740.992188,278.5906,8.088890314102e-01,334.7176,9.1395,11.9283,0.0000
3770.141,64699.843750,278.5612,8.084601759911e-01,334.7000,9.1423,11.9381,0.0000
3775.354,64658.644531,278.5319,8.080306053162e-01,334.6823,9.1451,11.9479,0.0000
3780.574,64617.406250,278.5023,8.076008558273e-01,334.6647,9.1479,11.9577,0.0000
3785.801,64576.160156,278.4729,8.071708083153e-01,334.6470,9.1507,11.9676,0.0000
3791.036,64534.855469,278.4433,8.067401051521e-01,334.6294,9.1535,11.9774,0.0000
3796.277,64493.539062,278.4137,8.063094019890e-01,334.6116,9.1563,11.9873,0.0000
3801.526,64452.156250,278.3840,8.058778643608e-01,334.5938,9.1591,11.9971,0.0000
3806.782,64410.777344,278.3543,8.054463267326e-01,334.5761,9.1619,12.0070,0.0000
3812.046,64369.320312,278.3246,8.050140738487e-01,334.5583,9.1646,12.0169,0.0000
3817.317,64327.875000,278.2948,8.045817017555e-01,334.5405,9.1674,12.0268,0.0000
3822.595,64286.375000,278.2650,8.041490316391e-01,334.5226,9.1702,12.0368,0.0000
3827.880,64244.824219,278.2350,8.037155866623e-01,334.5046,9.1730,12.0467,0.0000
3833.172,64203.242188,278.2051,8.032818436623e-01,334.4868,9.1758,12.0567,0.0000
3838.472,64161.652344,278.1751,8.028479814529e-01,334.4688,9.1786,12.0667,0.0000
3843.780,64119.988281,278.1451,8.024132847786e-01,334.4507,9.1814,12.0767,0.0000
3849.094,64078.300781,278.1150,8.019784092903e-01,334.4327,9.1842,12.0867,0.0000
3854.416,64036.605469,278.0848,8.015433549881e-01,334.4146,9.1870,12.0967,0.0000
3859.745,63994.851562,278.0546,8.011078238487e-01,334.3965,9.1898,12.1068,0.0000
3865.082,63953.066406,278.0244,8.006716966629e-01,334.3784,9.1926,12.1168,0.0000
3870.426,63911.230469,277.9941,8.002352118492e-01,334.3603,9.1954,12.1269,0.0000
3875.777,63869.375000,277.9637,7.997984290123e-01,334.3421,9.1981,12.1370,0.0000
3881.136,63827.515625,277.9334,7.993615269661e-01,334.3239,9.2009,12.1471,0.0000
3886.503,63785.554688,277.9030,7.989234328270e-01,334.3057,9.2037,12.1573,0.0000
3891.876,63743.621094,277.8725,7.984858155251e-01,334.2874,9.2065,12.1674,0.0000
3897.257,63701.632812,277.8419,7.980477213860e-01,334.2691,9.2093,12.1776,0.0000
3902.646,63659.632812,277.8114,7.976092696190e-01,334.2508,9.2121,12.1877,0.0000
3908.042,63617.546875,277.7807,7.971699237823e-01,334.2324,9.2148,12.1979,0.0000
3913.445,63575.425781,277.7501,7.967300415039e-01,334.2141,9.2176,12.2081,0.0000
3918.856,63533.296875,277.7193,7.962902188301e-01,334.1956,9.2204,12.2184,0.0000
3924.274,63491.136719,277.6885,7.958500981331e-01,334.1772,9.2232,12.2286,0.0000
3929.700,63448.921875,277.6577,7.954092025757e-01,334.1586,9.2260,12.2389,0.0000
3935.134,63406.707031,277.6268,7.949683666229e-01,334.1401,9.2288,12.2491,0.0000
3940.575,63364.445312,277.5959,7.945270538330e-01,334.1216,9.2315,12.2594,0.0000
3946.023,63322.136719,277.5649,7.940852642059e-01,334.1030,9.2343,12.2698,0.0000
3951.479,63279.781250,277.5338,7.936428189278e-01,334.0844,9.2371,12.2801,0.0000
3956.942,63237.371094,277.5028,7.931997179985e-01,334.0658,9.2399,12.2904,0.0000
3962.414,63194.992188,277.4716,7.927571535110e-01,334.0471,9.2426,12.3008,0.0000
3967.892,63152.542969,277.4405,7.923135757446e-01,334.0284,9.2454,12.3112,0.0000
3973.378,63110.035156,277.4092,7.918695807457e-01,334.0096,9.2482,12.3215,0.0000
3978.872,63067.531250,277.3779,7.914255261421e-01,333.9909,9.2509,12.3320,0.0000
3984.373,63024.996094,277.3466,7.909810543060e-01,333.9720,9.2537,12.3424,0.0000
3989.882,62982.398438,277.3152,7.905360460281e-01,333.9532,9.2565,12.3528,0.0000
3995.399,62939.769531,277.2837,7.900905609131e-01,333.9344,9.2593,12.3633,0.0000
4000.923,62897.136719,277.2522,7.896450757980e-01,333.9155,9.2620,12.3738,0.0000
4006.455,62854.472656,277.2207,7.891991734505e-01,333.8965,9.2648,12.3842,0.0000
4011.995,62811.722656,277.1891,7.887523174286e-01,333.8776,9.2676,12.3948,0.0000
4017.542,62768.988281,277.1574,7.883056402206e-01,333.8586,9.2703,12.4053,0.0000
4023.097,62726.171875,277.1257,7.878580689430e-01,333.8396,9.2731,12.4158,0.0000
4028.659,62683.320312,277.0940,7.874102592468e-01,333.8205,9.2758,12.4264,0.0000
4034.229,62640.480469,277.0622,7.869623303413e-01,333.8014,9.2786,12.4370,0.0000
4039.807,62597.570312,277.0303,7.865138053894e-01,333.7823,9.2814,12.4476,0.0000
4045.393,62554.636719,276.9984,7.860649228096e-01,333.7631,9.2841,12.4582,0.0000
4050.986,62511.667969,276.9664,7.856155037880e-01,333.7439,9.2869,12.4688,0.0000
4056.587,62468.667969,276.9344,7.851660847664e-01,333.7247,9.2896,12.4794,0.0000
4062.196,62425.640625,276.9023,7.847161889076e-01,333.7054,9.2924,12.4901,0.0000
4067.813,62382.546875,276.8702,7.842653393745e-01,333.6861,9.2951,12.5008,0.0000
4073.437,62339.460938,276.8380,7.838147282600e-01,333.6668,9.2979,12.5115,0.0000
4079.069,62296.296875,276.8057,7.833633422852e-01,333.6474,9.3007,12.5222,0.0000
4084.709,62253.144531,276.7735,7.829118371010e-01,333.6281,9.3034,12.5329,0.0000
4090.357,62209.898438,276.7411,7.824596166611e-01,333.6086,9.3062,12.5437,0.0000
4096.012,62166.667969,276.7087,7.820073962212e-01,333.5891,9.3089,12.5544,0.0000
4101.675,62123.410156,276.6763,7.815547585487e-01,333.5697,9.3116,12.5652,0.0000
4107.347,62080.078125,276.6437,7.811015248299e-01,333.5501,9.3144,12.5760,0.0000
4113.026,62036.730469,276.6112,7.806479334831e-01,333.5306,9.3171,12.5868,0.0000
4118.712,61993.343750,276.5786,7.801939249039e-01,333.5110,9.3199,12.5977,0.0000
4124.407,61949.886719,276.5459,7.797392010689e-01,333.4914,9.3226,12.6085,0.0000
4130.110,61906.472656,276.5132,7.792848944664e-01,333.4717,9.3254,12.6194,0.0000
4135.820,61863.003906,276.4804,7.788299918175e-01,333.4520,9.3281,12.6303,0.0000
4141.539,61819.457031,276.4476,7.783742547035e-01,333.4323,9.3308,12.6412,0.0000
4147.265,61775.929688,276.4147,7.779187560081e-01,333.4125,9.3336,12.6521,0.0000
4152.999,61732.292969,276.3817,7.774619460106e-01,333.3927,9.3363,12.6630,0.0000
4158.741,61688.683594,276.3487,7.770054936409e-01,333.3729,9.3390,12.6740,0.0000
4164.491,61645.011719,276.3157,7.765483260155e-01,333.3530,9.3418,12.6850,0.0000
4170.249,61601.316406,276.2826,7.760910391808e-01,333.3331,9.3445,12.6959,0.0000
4176.015,61557.593750,276.2494,7.756331562996e-01,333.3132,9.3472,12.7070,0.0000
4181.789,61513.812500,276.2162,7.751747369766e-01,333.2932,9.3499,12.7180,0.0000
4187.571,61470.011719,276.1829,7.747161388397e-01,333.2732,9.3527,12.7290,0.0000
4193.361,61426.203125,276.1496,7.742574810982e-01,333.2531,9.3554,12.7401,0.0000
4199.159,61382.312500,276.1162,7.737977504730e-01,333.2331,9.3581,12.7512,0.0000
4204.965,61338.394531,276.0827,7.733377814293e-01,333.2129,9.3608,12.7623,0.0000
4210.779,61294.460938,276.0492,7.728776931763e-01,333.1928,9.3635,12.7734,0.0000
4216.601,61250.511719,276.0157,7.724173665047e-01,333.1726,9.3663,12.7845,0.0000
4222.431,61206.484375,275.9821,7.719561457634e-01,333.1524,9.3690,12.7957,0.0000
4228.269,61162.492188,275.9484,7.714954018593e-01,333.1322,9.3717,12.8068,0.0000
4234.115,61118.378906,275.9147,7.710331678391e-01,333.1119,9.3744,12.8180,0.0000
4239.970,61074.296875,275.8809,7.705715298653e-01,333.0915,9.3771,12.8292,0.0000
4245.832,61030.140625,275.8470,7.701088786125e-01,333.0712,9.3798,12.8405,0.0000
4251.702,60985.972656,275.8131,7.696461081505e-01,333.0508,9.3825,12.8517,0.0000
4257.581,60941.738281,275.7792,7.691825032234e-01,333.0303,9.3852,12.8630,0.0000
4263.468,60897.488281,275.7451,7.687188982964e-01,333.0098,9.3879,12.8742,0.0000
4269.363,60853.199219,275.7111,7.682548165321e-01,332.9893,9.3906,12.8855,0.0000
4275.266,60808.910156,275.6770,7.677906155586e-01,332.9688,9.3933,12.8968,0.0000
4281.177,60764.519531,275.6428,7.673254013062e-01,332.9482,9.3960,12.9082,0.0000
4287.096,60720.152344,275.6085,7.668603062630e-01,332.9277,9.3987,12.9195,0.0000
4293.024,60675.726562,275.5742,7.663946747780e-01,332.9070,9.4014,12.9309,0.0000
4298.959,60631.304688,275.5398,7.659291625023e-01,332.8863,9.4041,12.9423,0.0000
4304.903,60586.824219,275.5054,7.654628753662e-01,332.8656,9.4068,12.9537,0.0000
4310.855,60542.253906,275.4709,7.649956345558e-01,332.8448,9.4095,12.9651,0.0000
4316.816,60497.734375,275.4364,7.645288109779e-01,332.8240,9.4122,12.9765,0.0000
4322.784,60453.144531,275.4018,7.640612721443e-01,332.8032,9.4148,12.9880,0.0000
4328.761,60408.488281,275.3671,7.635930180550e-01,332.7823,9.4175,12.9995,0.0000
4334.746,60363.828125,275.3324,7.631245851517e-01,332.7614,9.4202,13.0110,0.0000
4340.740,60319.148438,275.2976,7.626561522484e-01,332.7404,9.4229,13.0225,0.0000
4346.742,60274.433594,275.2629,7.621871232986e-01,332.7195,9.4255,13.0340,0.0000
4352.752,60229.675781,275.2279,7.617177963257e-01,332.6985,9.4282,13.0456,0.0000
4358.770,60184.863281,275.1929,7.612478733063e-01,332.6774,9.4309,13.0572,0.0000
4364.796,60140.050781,275.1580,7.607777714729e-01,332.6563,9.4335,13.0687,0.0000
4370.831,60095.218750,275.1229,7.603074908257e-01,332.6352,9.4362,13.0803,0.0000
4376.875,60050.308594,275.0877,7.598362565041e-01,332.6140,9.4389,13.0920,0.0000
4382.926,60005.332031,275.0525,7.593645453453e-01,332.5928,9.4415,13.1036,0.0000
4388.986,59960.398438,275.0173,7.588930130005e-01,332.5716,9.4442,13.1153,0.0000
4395.055,59915.386719,274.9820,7.584207057953e-01,332.5503,9.4469,13.1270,0.0000
4401.132,59870.347656,274.9466,7.579481601715e-01,332.5290,9.4495,13.1387,0.0000
4407.217,59825.257812,274.9111,7.574750781059e-01,332.5076,9.4522,13.1504,0.0000
4413.310,59780.171875,274.8756,7.570018768311e-01,332.4862,9.4548,13.1621,0.0000
4419.412,59735.042969,274.8401,7.565281987190e-01,332.4648,9.4575,13.1739,0.0000
4425.523,59689.875000,274.8045,7.560541629791e-01,332.4433,9.4601,13.1857,0.0000
4431.642,59644.640625,274.7688,7.555792927742e-01,332.4218,9.4627,13.1975,0.0000
4437.769,59599.406250,274.7330,7.551047205925e-01,332.4003,9.4654,13.2093,0.0000
4443.905,59554.144531,274.6972,7.546295523643e-01,332.3786,9.4680,13.2211,0.0000
4450.049,59508.839844,274.6613,7.541540861130e-01,332.3571,9.4707,13.2330,0.0000
4456.202,59463.488281,274.6254,7.536777853966e-01,332.3354,9.4733,13.2448,0.0000
4462.364,59418.140625,274.5894,7.532017827034e-01,332.3136,9.4759,13.2567,0.0000
4468.533,59372.707031,274.5534,7.527247071266e-01,332.2919,9.4785,13.2686,0.0000
4474.712,59327.261719,274.5173,7.522474527359e-01,332.2701,9.4812,13.2806,0.0000
4480.899,59281.792969,274.4811,7.517700791359e-01,332.2483,9.4838,13.2925,0.0000
4487.094,59236.300781,274.4448,7.512922883034e-01,332.2264,9.4864,13.3045,0.0000
4493.298,59190.757812,274.4085,7.508140802383e-01,332.2046,9.4890,13.3165,0.0000
4499.511,59145.152344,274.3722,7.503350973129e-01,332.1826,9.4916,13.3285,0.0000
4505.732,59099.578125,274.3357,7.498564124107e-01,332.1606,9.4942,13.3405,0.0000
4511.962,59053.910156,274.2992,7.493767738342e-01,332.1385,9.4969,13.3526,0.0000
4518.200,59008.257812,274.2626,7.488971948624e-01,332.1165,9.4995,13.3646,0.0000
4524.448,58962.523438,274.2260,7.484166026115e-01,332.0945,9.5021,13.3767,0.0000
4530.703,58916.769531,274.1894,7.479359507561e-01,332.0723,9.5047,13.3888,0.0000
4536.968,58871.000000,274.1526,7.474551796913e-01,332.0501,9.5073,13.4009,0.0000
4543.241,58825.199219,274.1158,7.469739913940e-01,332.0279,9.5099,13.4131,0.0000
4549.522,58779.328125,274.0789,7.464917898178e-01,332.0056,9.5124,13.4252,0.0000
4555.813,58733.464844,274.0420,7.460099458694e-01,331.9833,9.5150,13.4374,0.0000
4562.112,58687.558594,274.0049,7.455275654793e-01,331.9610,9.5176,13.4496,0.0000
4568.419,58641.582031,273.9679,7.450444102287e-01,331.9385,9.5202,13.4618,0.0000
4574.736,58595.609375,273.9307,7.445612549782e-01,331.9162,9.5228,13.4741,0.0000
4581.061,58549.574219,273.8935,7.440774440765e-01,331.8936,9.5254,13.4863,0.0000
4587.395,58503.535156,273.8563,7.435933947563e-01,331.8712,9.5279,13.4986,0.0000
4593.738,58457.464844,273.8189,7.431090474129e-01,331.8487,9.5305,13.5109,0.0000
4600.089,58411.320312,273.7815,7.426241040230e-01,331.8260,9.5331,13.5232,0.0000
4606.450,58365.187500,273.7440,7.421391010284e-01,331.8034,9.5356,13.5356,0.0000
4612.819,58318.996094,273.7065,7.416534423828e-01,331.7807,9.5382,13.5479,0.0000
4619.197,58272.777344,273.6689,7.411676049232e-01,331.7580,9.5408,13.5603,0.0000
4625.583,58226.562500,273.6312,7.406816482544e-01,331.7353,9.5433,13.5727,0.0000
4631.979,58180.238281,273.5935,7.401944994926e-01,331.7125,9.5459,13.5851,0.0000
4638.383,58133.929688,273.5557,7.397074103355e-01,331.6896,9.5484,13.5976,0.0000
4644.797,58087.597656,273.5179,7.392202615738e-01,331.6667,9.5510,13.6100,0.0000
4651.219,58041.203125,273.4799,7.387322187424e-01,331.6438,9.5535,13.6225,0.0000
4657.650,57994.773438,273.4419,7.382439970970e-01,331.6208,9.5561,13.6350,0.0000
4664.090,57948.332031,273.4038,7.377554178238e-01,331.5979,9.5586,13.6475,0.0000
4670.538,57901.843750,273.3657,7.372664213181e-01,331.5748,9.5611,13.6601,0.0000
4676.996,57855.343750,273.3275,7.367772459984e-01,331.5517,9.5637,13.6726,0.0000
4683.463,57808.765625,273.2892,7.362872958183e-01,331.5286,9.5662,13.6852,0.0000
4689.938,57762.199219,273.2509,7.357973456383e-01,331.5054,9.5687,13.6978,0.0000
4696.423,57715.589844,273.2125,7.353069782257e-01,331.4822,9.5712,13.7104,0.0000
4702.916,57668.960938,273.1740,7.348163723946e-01,331.4589,9.5737,13.7231,0.0000
4709.419,57622.230469,273.1355,7.343246340752e-01,331.4355,9.5763,13.7357,0.0000
4715.930,57575.535156,273.0969,7.338331937790e-01,331.4123,9.5788,13.7484,0.0000
4722.451,57528.777344,273.0582,7.333410382271e-01,331.3889,9.5813,13.7611,0.0000
4728.980,57482.000000,273.0194,7.328488230705e-01,331.3654,9.5838,13.7738,0.0000
4735.518,57435.171875,272.9806,7.323561310768e-01,331.3419,9.5863,13.7866,0.0000
4742.066,57388.359375,272.9417,7.318632602692e-01,331.3184,9.5888,13.7993,0.0000
4748.623,57341.445312,272.9027,7.313694953918e-01,331.2948,9.5913,13.8121,0.0000
4755.188,57294.523438,272.8637,7.308754324913e-01,331.2712,9.5938,13.8249,0.0000
4761.763,57247.570312,272.8246,7.303812503815e-01,331.2476,9.5962,13.8377,0.0000
4768.347,57200.585938,272.7855,7.298864722252e-01,331.2239,9.5987,13.8506,0.0000
4774.940,57153.589844,272.7462,7.293917536736e-01,331.2001,9.6012,13.8635,0.0000
4781.542,57106.539062,272.7069,7.288963794708e-01,331.1763,9.6037,13.8763,0.0000
4788.153,57059.472656,272.6675,7.284007668495e-01,331.1525,9.6061,13.8893,0.0000
4794.773,57012.347656,272.6281,7.279043793678e-01,331.1286,9.6086,13.9022,0.0000
4801.403,56965.222656,272.5886,7.274082303047e-01,331.1047,9.6111,13.9151,0.0000
4808.041,56918.035156,272.5490,7.269112467766e-01,331.0807,9.6135,13.9281,0.0000
4814.689,56870.804688,272.5094,7.264136075974e-01,331.0568,9.6160,13.9411,0.0000
4821.346,56823.582031,272.4696,7.259164452553e-01,331.0327,9.6184,13.9541,0.0000
4828.012,56776.296875,272.4298,7.254182696342e-01,331.0086,9.6209,13.9671,0.0000
4834.688,56728.996094,272.3899,7.249200940132e-01,330.9844,9.6233,13.9802,0.0000
4841.372,56681.648438,272.3500,7.244212031364e-01,330.9602,9.6258,13.9933,0.0000
4848.066,56634.253906,272.3099,7.239220142365e-01,330.9360,9.6282,14.0064,0.0000
4854.770,56586.828125,272.2698,7.234223484993e-01,330.9117,9.6306,14.0195,0.0000
4861.482,56539.417969,272.2297,7.229227423668e-01,330.8874,9.6331,14.0326,0.0000
4868.204,56491.902344,272.1895,7.224220633507e-01,330.8630,9.6355,14.0458,0.0000
4874.935,56444.437500,272.1491,7.219219803810e-01,330.8385,9.6379,14.0590,0.0000
4881.675,56396.886719,272.1088,7.214209437370e-01,330.8141,9.6403,14.0722,0.0000
4888.425,56349.312500,272.0683,7.209194898605e-01,330.7896,9.6427,14.0854,0.0000
4895.184,56301.714844,272.0278,7.204177379608e-01,330.7650,9.6451,14.0986,0.0000
4901.952,56254.117188,271.9872,7.199161052704e-01,330.7404,9.6475,14.1119,0.0000
4908.729,56206.410156,271.9465,7.194133400917e-01,330.7157,9.6499,14.1252,0.0000
4915.516,56158.726562,271.9058,7.189106941223e-01,330.6910,9.6523,14.1385,0.0000
4922.313,56110.953125,271.8650,7.184067964554e-01,330.6663,9.6547,14.1518,0.0000
4929.119,56063.210938,271.8240,7.179036736488e-01,330.6415,9.6571,14.1652,0.0000
4935.934,56015.406250,271.7831,7.173997163773e-01,330.6167,9.6595,14.1785,0.0000
4942.759,55967.585938,271.7420,7.168954014778e-01,330.5918,9.6619,14.1919,0.0000
4949.593,55919.703125,271.7009,7.163905501366e-01,330.5668,9.6642,14.2053,0.0000
4956.436,55871.812500,271.6597,7.158854603767e-01,330.5419,9.6666,14.2188,0.0000
4963.289,55823.871094,271.6184,7.153798937798e-01,330.5169,9.6690,14.2322,0.0000
4970.152,55775.933594,271.5771,7.148744463921e-01,330.4918,9.6713,14.2457,0.0000
4977.024,55727.945312,271.5357,7.143682837486e-01,330.4666,9.6737,14.2592,0.0000
4983.905,55679.921875,271.4942,7.138616442680e-01,330.4415,9.6760,14.2728,0.0000
4990.796,55631.882812,271.4526,7.133551239967e-01,330.4162,9.6784,14.2863,0.0000
4997.696,55583.781250,271.4109,7.128477692604e-01,330.3910,9.6807,14.2999,0.0000
5004.607,55535.640625,271.3692,7.123399376869e-01,330.3657,9.6831,14.3135,0.0000
5011.526,55487.492188,271.3274,7.118319869041e-01,330.3403,9.6854,14.3271,0.0000
5018.455,55439.308594,271.2856,7.113234996796e-01,330.3149,9.6877,14.3407,0.0000
5025.394,55391.089844,271.2436,7.108148336411e-01,330.2894,9.6900,14.3544,0.0000
5032.342,55342.855469,271.2016,7.103058099747e-01,330.2639,9.6923,14.3680,0.0000
5039.300,55294.582031,271.1595,7.097966074944e-01,330.2383,9.6947,14.3817,0.0000
5046.268,55246.246094,271.1172,7.092865109444e-01,330.2127,9.6970,14.3955,0.0000
5053.245,55197.871094,271.0750,7.087759375572e-01,330.1871,9.6993,14.4092,0.0000
5060.232,55149.546875,271.0327,7.082659602165e-01,330.1614,9.7016,14.4230,0.0000
5067.228,55101.097656,270.9902,7.077545523643e-01,330.1357,9.7039,14.4368,0.0000
5074.235,55052.699219,270.9478,7.072437405586e-01,330.1098,9.7061,14.4506,0.0000
5081.250,55004.203125,270.9052,7.067319154739e-01,330.0839,9.7084,14.4644,0.0000
5088.276,54955.687500,270.8625,7.062197327614e-01,330.0580,9.7107,14.4782,0.0000
5095.311,54907.175781,270.8198,7.057075500488e-01,330.0321,9.7130,14.4921,0.0000
5102.356,54858.593750,270.7769,7.051947116852e-01,330.0061,9.7152,14.5060,0.0000
5109.411,54809.996094,270.7341,7.046815156937e-01,329.9800,9.7175,14.5199,0.0000
5116.475,54761.378906,270.6911,7.041683197021e-01,329.9539,9.7198,14.5339,0.0000
5123.550,54712.691406,270.6480,7.036541700363e-01,329.9278,9.7220,14.5479,0.0000
5130.634,54663.988281,270.6049,7.031397819519e-01,329.9016,9.7243,14.5618,0.0000
5137.728,54615.281250,270.5617,7.026256918907e-01,329.8753,9.7265,14.5759,0.0000
5144.831,54566.531250,270.5184,7.021107077599e-01,329.8490,9.7287,14.5899,0.0000
5151.945,54517.707031,270.4750,7.015950679779e-01,329.8226,9.7310,14.6039,0.0000
5159.068,54468.894531,270.4315,7.010795474052e-01,329.7961,9.7332,14.6180,0.0000
5166.201,54420.054688,270.3881,7.005635499954e-01,329.7697,9.7354,14.6321,0.0000
5173.344,54371.183594,270.3444,7.000473737717e-01,329.7432,9.7376,14.6463,0.0000
5180.497,54322.269531,270.3008,6.995306015015e-01,329.7167,9.7398,14.6604,0.0000
5187.660,54273.339844,270.2570,6.990137696266e-01,329.6900,9.7420,14.6746,0.0000
5194.833,54224.335938,270.2131,6.984959244728e-01,329.6634,9.7442,14.6888,0.0000
5202.015,54175.339844,270.1692,6.979783177376e-01,329.6366,9.7464,14.7030,0.0000
5209.208,54126.296875,270.1251,6.974601149559e-01,329.6099,9.7486,14.7172,0.0000
5216.410,54077.242188,270.0811,6.969417333603e-01,329.5831,9.7508,14.7315,0.0000
5223.623,54028.109375,270.0368,6.964225172997e-01,329.5562,9.7530,14.7458,0.0000
5230.845,53978.996094,269.9926,6.959035992622e-01,329.5292,9.7552,14.7601,0.0000
5238.077,53929.839844,269.9482,6.953841447830e-01,329.5023,9.7573,14.7744,0.0000
5245.320,53880.636719,269.9038,6.948640346527e-01,329.4752,9.7595,14.7888,0.0000
5252.572,53831.402344,269.8593,6.943436861038e-01,329.4481,9.7616,14.8031,0.0000
5259.835,53782.183594,269.8147,6.938233971596e-01,329.4210,9.7638,14.8175,0.0000
5267.107,53732.855469,269.7700,6.933019757271e-01,329.3938,9.7659,14.8319,0.0000
5274.390,53683.554688,269.7252,6.927807927132e-01,329.3665,9.7681,14.8464,0.0000
5281.682,53634.167969,269.6803,6.922586560249e-01,329.3392,9.7702,14.8609,0.0000
5288.985,53584.777344,269.6354,6.917363405228e-01,329.3119,9.7723,14.8754,0.0000
5296.298,53535.394531,269.5904,6.912143230438e-01,329.2845,9.7744,14.8899,0.0000
5303.621,53485.945312,269.5452,6.906914114952e-01,329.2570,9.7765,14.9044,0.0000
5310.954,53436.480469,269.5001,6.901684403419e-01,329.2295,9.7786,14.9190,0.0000
5318.297,53386.976562,269.4548,6.896449327469e-01,329.2019,9.7807,14.9336,0.0000
5325.650,53337.433594,269.4094,6.891208291054e-01,329.1743,9.7828,14.9482,0.0000
5333.014,53287.863281,269.3640,6.885965466499e-01,329.1466,9.7849,14.9628,0.0000
5340.387,53238.281250,269.3185,6.880722045898e-01,329.1188,9.7870,14.9775,0.0000
5347.771,53188.656250,269.2728,6.875472664833e-01,329.0911,9.7891,14.9921,0.0000
5355.165,53138.992188,269.2271,6.870219707489e-01,329.0632,9.7912,15.0068,0.0000
5362.570,53089.277344,269.1813,6.864959597588e-01,329.0353,9.7932,15.0216,0.0000
5369.984,53039.574219,269.1354,6.859701871872e-01,329.0073,9.7953,15.0363,0.0000
5377.409,52989.832031,269.0895,6.854438185692e-01,328.9793,9.7973,15.0511,0.0000
5384.844,52940.078125,269.0435,6.849173903465e-01,328.9513,9.7994,15.0659,0.0000
5392.289,52890.250000,268.9973,6.843901872635e-01,328.9232,9.8014,15.0807,0.0000
5399.745,52840.382812,268.9510,6.838625073433e-01,328.8950,9.8034,15.0956,0.0000
5407.211,52790.539062,268.9047,6.833351850510e-01,328.8667,9.8055,15.1104,0.0000
5414.687,52740.625000,268.8583,6.828067898750e-01,328.8384,9.8075,15.1253,0.0000
5422.174,52690.703125,268.8118,6.822784543037e-01,328.8101,9.8095,15.1402,0.0000
5429.671,52640.750000,268.7652,6.817499399185e-01,328.7816,9.8115,15.1552,0.0000
5437.178,52590.750000,268.7185,6.812207102776e-01,328.7532,9.8135,15.1702,0.0000
5444.696,52540.714844,268.6718,6.806910634041e-01,328.7246,9.8155,15.1851,0.0000
5452.224,52490.679688,268.6249,6.801614165306e-01,328.6961,9.8175,15.2002,0.0000
5459.762,52440.597656,268.5780,6.796311140060e-01,328.6674,9.8194,15.2152,0.0000
5467.311,52390.484375,268.5310,6.791005730629e-01,328.6388,9.8214,15.2303,0.0000
5474.870,52340.343750,268.4839,6.785696744919e-01,328.6100,9.8234,15.2453,0.0000
5482.440,52290.179688,268.4366,6.780385971069e-01,328.5812,9.8253,15.2605,0.0000
5490.020,52239.968750,268.3894,6.775068044662e-01,328.5523,9.8273,15.2756,0.0000
5497.611,52189.750000,268.3419,6.769750714302e-01,328.5234,9.8292,15.2907,0.0000
5505.212,52139.476562,268.2945,6.764427423477e-01,328.4944,9.8312,15.3059,0.0000
5512.824,52089.183594,268.2469,6.759101152420e-01,328.4654,9.8331,15.3211,0.0000
5520.446,52038.859375,268.1992,6.753770112991e-01,328.4363,9.8350,15.3364,0.0000
5528.079,51988.484375,268.1515,6.748435497284e-01,328.4071,9.8369,15.3516,0.0000
5535.723,51938.136719,268.1037,6.743100881577e-01,328.3779,9.8388,15.3669,0.0000
5543.377,51887.714844,268.0557,6.737760305405e-01,328.3487,9.8407,15.3822,0.0000
5551.041,51837.292969,268.0077,6.732419729233e-01,328.3193,9.8426,15.3975,0.0000
5558.716,51786.843750,267.9596,6.727074980736e-01,328.2899,9.8445,15.4129,0.0000
5566.402,51736.316406,267.9113,6.721720695496e-01,328.2605,9.8464,15.4283,0.0000
5574.098,51685.785156,267.8630,6.716367602348e-01,328.2310,9.8483,15.4437,0.0000
5581.805,51635.210938,267.8146,6.711008548737e-01,328.2014,9.8501,15.4591,0.0000
5589.523,51584.644531,267.7661,6.705651283264e-01,328.1718,9.8520,15.4746,0.0000
5597.251,51534.023438,267.7175,6.700285673141e-01,328.1421,9.8538,15.4901,0.0000
5604.990,51483.375000,267.6689,6.694917678833e-01,328.1123,9.8557,15.5056,0.0000
5612.740,51432.707031,267.6201,6.689549088478e-01,328.0825,9.8575,15.5211,0.0000
5620.500,51382.011719,267.5712,6.684175133705e-01,328.0527,9.8593,15.5366,0.0000
5628.271,51331.277344,267.5222,6.678798198700e-01,328.0227,9.8611,15.5522,0.0000
5636.053,51280.511719,267.4732,6.673416495323e-01,327.9927,9.8630,15.5678,0.0000
5643.846,51229.718750,267.4240,6.668032407761e-01,327.9626,9.8648,15.5834,0.0000
5651.649,51178.890625,267.3748,6.662642955780e-01,327.9326,9.8666,15.5991,0.0000
5659.464,51128.027344,267.3254,6.657251119614e-01,327.9024,9.8683,15.6148,0.0000
5667.289,51077.156250,267.2759,6.651856899261e-01,327.8721,9.8701,15.6305,0.0000
5675.125,51026.277344,267.2264,6.646462678909e-01,327.8418,9.8719,15.6462,0.0000
5682.971,50975.324219,267.1768,6.641060709953e-01,327.8115,9.8737,15.6620,0.0000
5690.829,50924.382812,267.1270,6.635658144951e-01,327.7811,9.8754,15.6777,0.0000
5698.697,50873.386719,267.0772,6.630250215530e-01,327.7505,9.8772,15.6936,0.0000
5706.576,50822.351562,267.0273,6.624838113785e-01,327.7200,9.8789,15.7094,0.0000
5714.467,50771.324219,266.9772,6.619426012039e-01,327.6894,9.8806,15.7252,0.0000
5722.368,50720.238281,266.9271,6.614007353783e-01,327.6587,9.8824,15.7411,0.0000
5730.280,50669.113281,266.8769,6.608583331108e-01,327.6280,9.8841,15.7570,0.0000
5738.203,50617.980469,266.8266,6.603160500526e-01,327.5971,9.8858,15.7730,0.0000
5746.136,50566.812500,266.7762,6.597731709480e-01,327.5663,9.8875,15.7889,0.0000
5754.081,50515.625000,266.7256,6.592301726341e-01,327.5354,9.8892,15.8049,0.0000
5762.037,50464.402344,266.6750,6.586866974831e-01,327.5044,9.8909,15.8209,0.0000
5770.004,50413.167969,266.6243,6.581431031227e-01,327.4734,9.8925,15.8369,0.0000
5777.982,50361.894531,266.5735,6.575989723206e-01,327.4423,9.8942,15.8530,0.0000
5785.971,50310.578125,266.5226,6.570544838905e-01,327.4111,9.8958,15.8691,0.0000
5793.971,50259.218750,266.4716,6.565092802048e-01,327.3798,9.8975,15.8852,0.0000
5801.982,50207.859375,266.4204,6.559643745422e-01,327.3484,9.8991,15.9013,0.0000
5810.004,50156.488281,266.3693,6.554190516472e-01,327.3171,9.9008,15.9175,0.0000
5818.037,50105.042969,266.3179,6.548730134964e-01,327.2857,9.9024,15.9337,0.0000
5826.081,50053.632812,266.2665,6.543273329735e-01,327.2542,9.9040,15.9499,0.0000
5834.137,50002.152344,266.2150,6.537809967995e-01,327.2226,9.9056,15.9662,0.0000
5842.203,49950.632812,266.1634,6.532338857651e-01,327.1910,9.9072,15.9824,0.0000
5850.281,49899.117188,266.1117,6.526871919632e-01,327.1593,9.9088,15.9987,0.0000
5858.370,49847.531250,266.0598,6.521393656731e-01,327.1275,9.9104,16.0150,0.0000
5866.470,49795.933594,266.0079,6.515915393829e-01,327.0956,9.9119,16.0314,0.0000
5874.581,49744.339844,265.9559,6.510436534882e-01,327.0638,9.9135,16.0478,0.0000
5882.703,49692.710938,265.9037,6.504955887794e-01,327.0318,9.9151,16.0642,0.0000
5890.837,49641.027344,265.8515,6.499466300011e-01,326.9998,9.9166,16.0806,0.0000
5898.982,49589.332031,265.7992,6.493976116180e-01,326.9677,9.9181,16.0970,0.0000
5907.138,49537.597656,265.7467,6.488482356071e-01,326.9355,9.9196,16.1135,0.0000
5915.306,49485.828125,265.6942,6.482983231544e-01,326.9033,9.9212,16.1300,0.0000
5923.485,49434.058594,265.6415,6.477485895157e-01,326.8709,9.9227,16.1465,0.0000
5931.675,49382.253906,265.5888,6.471980810165e-01,326.8386,9.9242,16.1631,0.0000
5939.876,49330.429688,265.5359,6.466476917267e-01,326.8061,9.9257,16.1797,0.0000
5948.089,49278.535156,265.4829,6.460963487625e-01,326.7736,9.9271,16.1963,0.0000
5956.313,49226.687500,265.4299,6.455454826355e-01,326.7411,9.9286,16.2129,0.0000
5964.548,49174.761719,265.3767,6.449939012527e-01,326.7085,9.9301,16.2296,0.0000
5972.795,49122.828125,265.3235,6.444420218468e-01,326.6757,9.9315,16.2463,0.0000
5981.053,49070.863281,265.2701,6.438897252083e-01,326.6430,9.9329,16.2630,0.0000
5989.323,49018.847656,265.2166,6.433370113373e-01,326.6101,9.9344,16.2797,0.0000
5997.604,48966.804688,265.1630,6.427837610245e-01,326.5772,9.9358,16.2965,0.0000
6005.897,48914.757812,265.1093,6.422306895256e-01,326.5442,9.9372,16.3133,0.0000
6014.201,48862.675781,265.0555,6.416772007942e-01,326.5112,9.9386,16.3301,0.0000
6022.516,48810.582031,265.0016,6.411234140396e-01,326.4781,9.9400,16.3470,0.0000
6030.843,48758.457031,264.9475,6.405693888664e-01,326.4449,9.9414,16.3639,0.0000
6039.182,48706.289062,264.8933,6.400148868561e-01,326.4116,9.9427,16.3808,0.0000
6047.532,48654.101562,264.8391,6.394600272179e-01,326.3783,9.9441,16.3977,0.0000
6055.893,48601.882812,264.7848,6.389048695564e-01,326.3448,9.9455,16.4147,0.0000
6064.266,48549.652344,264.7303,6.383495926857e-01,326.3114,9.9468,16.4316,0.0000
6072.651,48497.382812,264.6757,6.377938389778e-01,326.2778,9.9481,16.4487,0.0000
6081.048,48445.074219,264.6210,6.372376084328e-01,326.2442,9.9495,16.4657,0.0000
6089.455,48392.761719,264.5663,6.366812586784e-01,326.2105,9.9508,16.4828,0.0000
6097.875,48340.433594,264.5114,6.361247897148e-01,326.1768,9.9521,16.4999,0.0000
6106.306,48288.015625,264.4563,6.355673074722e-01,326.1429,9.9534,16.5170,0.0000
6114.749,48235.640625,264.4012,6.350102424622e-01,326.1090,9.9546,16.5341,0.0000
6123.204,48183.234375,264.3460,6.344528794289e-01,326.0750,9.9559,16.5513,0.0000
6131.670,48130.761719,264.2906,6.338945627213e-01,326.0410,9.9572,16.5685,0.0000
6140.148,48078.304688,264.2352,6.333366036415e-01,326.0069,9.9584,16.5858,0.0000
6148.637,48025.792969,264.1796,6.327779293060e-01,325.9727,9.9596,16.6030,0.0000
6157.139,47973.257812,264.1239,6.322189569473e-01,325.9384,9.9609,16.6203,0.0000
6165.652,47920.699219,264.0681,6.316596269608e-01,325.9041,9.9621,16.6376,0.0000
6174.177,47868.101562,264.0122,6.311000585556e-01,325.8697,9.9633,16.6550,0.0000
6182.713,47815.511719,263.9562,6.305404901505e-01,325.8352,9.9645,16.6723,0.0000
6191.262,47762.882812,263.9001,6.299804449081e-01,325.8007,9.9657,16.6897,0.0000
6199.822,47710.226562,263.8439,6.294200420380e-01,325.7661,9.9668,16.7072,0.0000
6208.394,47657.515625,263.7875,6.288591027260e-01,325.7314,9.9680,16.7246,0.0000
6216.978,47604.824219,263.7310,6.282982230186e-01,325.6966,9.9692,16.7421,0.0000
6225.574,47552.074219,263.6744,6.277368068695e-01,325.6617,9.9703,16.7596,0.0000
6234.182,47499.328125,263.6177,6.271753311157e-01,325.6268,9.9714,16.7771,0.0000
6242.802,47446.531250,263.5609,6.266133785248e-01,325.5918,9.9725,16.7947,0.0000
6251.433,47393.718750,263.5039,6.260510087013e-01,325.5567,9.9736,16.8123,0.0000
6260.077,47340.878906,263.4469,6.254885196686e-01,325.5216,9.9747,16.8299,0.0000
6268.732,47288.023438,263.3897,6.249257326126e-01,325.4863,9.9758,16.8476,0.0000
6277.400,47235.152344,263.3325,6.243626475334e-01,325.4510,9.9769,16.8652,0.0000
6286.079,47182.226562,263.2751,6.237992048264e-01,325.4156,9.9780,16.8829,0.0000
6294.770,47129.273438,263.2176,6.232352256775e-01,325.3802,9.9790,16.9007,0.0000
6303.474,47076.312500,263.1599,6.226712465286e-01,325.3447,9.9800,16.9184,0.0000
6312.189,47023.343750,263.1022,6.221070885658e-01,325.3091,9.9811,16.9362,0.0000
6320.917,46970.324219,263.0443,6.215423941612e-01,325.2734,9.9821,16.9541,0.0000
6329.656,46917.281250,262.9863,6.209773421288e-01,325.2376,9.9831,16.9719,0.0000
6338.408,46864.210938,262.9282,6.204119920731e-01,325.2018,9.9841,16.9898,0.0000
6347.172,46811.128906,262.8700,6.198464632034e-01,325.1659,9.9851,17.0077,0.0000
6355.948,46758.015625,262.8116,6.192806363106e-01,325.1299,9.9860,17.0256,0.0000
6364.736,46704.890625,262.7532,6.187146902084e-01,325.0938,9.9870,17.0436,0.0000
6373.536,46651.710938,262.6946,6.181479096413e-01,325.0577,9.9879,17.0616,0.0000
6382.348,46598.535156,262.6359,6.175814270973e-01,325.0214,9.9888,17.0796,0.0000
6391.173,46545.296875,262.5771,6.170141100883e-01,324.9851,9.9898,17.0976,0.0000
6400.009,46492.062500,262.5182,6.164467334747e-01,324.9488,9.9907,17.1157,0.0000
6408.858,46438.820312,262.4591,6.158792972565e-01,324.9123,9.9916,17.1338,0.0000
6417.720,46385.527344,262.3999,6.153113842010e-01,324.8758,9.9925,17.1519,0.0000
6426.593,46332.210938,262.3406,6.147429943085e-01,324.8391,9.9933,17.1701,0.0000
6435.479,46278.886719,262.2812,6.141746640205e-01,324.8025,9.9942,17.1883,0.0000
6444.377,46225.539062,262.2216,6.136059761047e-01,324.7657,9.9950,17.2065,0.0000
6453.287,46172.140625,262.1620,6.130366325378e-01,324.7289,9.9959,17.2248,0.0000
6462.210,46118.734375,262.1021,6.124672293663e-01,324.6919,9.9967,17.2430,0.0000
6471.145,46065.285156,262.0422,6.118974089622e-01,324.6549,9.9975,17.2614,0.0000
6480.092,46011.847656,261.9822,6.113275289536e-01,324.6177,9.9983,17.2797,0.0000
6489.051,45958.367188,261.9220,6.107572913170e-01,324.5806,9.9991,17.2981,0.0000
6498.024,45904.886719,261.8617,6.101869940758e-01,324.5433,9.9998,17.3165,0.0000
6507.008,45851.359375,261.8013,6.096161603928e-01,324.5060,10.0006,17.3349,0.0000
6516.005,45797.796875,261.7408,6.090448498726e-01,324.4685,10.0013,17.3533,0.0000
6525.014,45744.242188,261.6801,6.084735989571e-01,324.4311,10.0021,17.3718,0.0000
6534.036,45690.640625,261.6193,6.079018115997e-01,324.3934,10.0028,17.3903,0.0000
6543.070,45637.023438,261.5584,6.073300242424e-01,324.3557,10.0035,17.4089,0.0000
6552.117,45583.375000,261.4973,6.067575812340e-01,324.3180,10.0042,17.4274,0.0000
6561.176,45529.714844,261.4362,6.061851382256e-01,324.2802,10.0049,17.4460,0.0000
6570.248,45476.011719,261.3749,6.056120991707e-01,324.2422,10.0055,17.4647,0.0000
6579.332,45422.312500,261.3135,6.050392389297e-01,324.2043,10.0062,17.4833,0.0000
6588.429,45368.566406,261.2519,6.044656634331e-01,324.1661,10.0068,17.5020,0.0000
6597.539,45314.789062,261.1902,6.038917303085e-01,324.1280,10.0074,17.5207,0.0000
6606.661,45261.019531,261.1284,6.033179759979e-01,324.0897,10.0080,17.5395,0.0000
6615.795,45207.207031,261.0665,6.027435660362e-01,324.0514,10.0086,17.5583,0.0000
6624.943,45153.406250,261.0045,6.021693348885e-01,324.0130,10.0092,17.5771,0.0000
6634.103,45099.546875,260.9422,6.015945076942e-01,323.9745,10.0098,17.5959,0.0000
6643.275,45045.656250,260.8799,6.010192632675e-01,323.9359,10.0104,17.6148,0.0000
6652.460,44991.777344,260.8175,6.004440188408e-01,323.8972,10.0109,17.6337,0.0000
6661.658,44937.843750,260.7549,5.998681187630e-01,323.8584,10.0114,17.6526,0.0000
6670.869,44883.898438,260.6922,5.992922782898e-01,323.8196,10.0119,17.6716,0.0000
6680.093,44829.945312,260.6293,5.987160801888e-01,323.7806,10.0124,17.6906,0.0000
6689.329,44775.968750,260.5664,5.981397628784e-01,323.7416,10.0129,17.7096,0.0000
6698.578,44721.941406,260.5033,5.975628495216e-01,323.7025,10.0134,17.7286,0.0000
6707.839,44667.898438,260.4400,5.969858169556e-01,323.6633,10.0139,17.7477,0.0000
6717.114,44613.847656,260.3766,5.964084267616e-01,323.6240,10.0143,17.7668,0.0000
6726.401,44559.773438,260.3131,5.958308577538e-01,323.5847,10.0147,17.7860,0.0000
6735.702,44505.687500,260.2495,5.952530503273e-01,323.5452,10.0151,17.8051,0.0000
6745.015,44451.566406,260.1857,5.946750044823e-01,323.5056,10.0155,17.8243,0.0000
6754.341,44397.421875,260.1219,5.940965414047e-01,323.4660,10.0159,17.8436,0.0000
6763.679,44343.269531,260.0578,5.935180187225e-01,323.4263,10.0163,17.8628,0.0000
6773.031,44289.058594,259.9936,5.929386615753e-01,323.3865,10.0167,17.8821,0.0000
6782.396,44234.859375,259.9294,5.923595428467e-01,323.3466,10.0170,17.9014,0.0000
6791.774,44180.632812,259.8649,5.917801260948e-01,323.3066,10.0173,17.9208,0.0000
6801.164,44126.390625,259.8003,5.912004709244e-01,323.2665,10.0176,17.9402,0.0000
6810.568,44072.128906,259.7356,5.906205177307e-01,323.2264,10.0179,17.9596,0.0000
6819.984,44017.832031,259.6708,5.900402665138e-01,323.1861,10.0182,17.9790,0.0000
6829.414,43963.496094,259.6058,5.894594788551e-01,323.1458,10.0185,17.9985,0.0000
6838.857,43909.171875,259.5406,5.888788104057e-01,323.1053,10.0187,18.0180,0.0000
6848.312,43854.808594,259.4754,5.882974863052e-01,323.0649,10.0190,18.0375,0.0000
6857.781,43800.437500,259.4100,5.877162814140e-01,323.0242,10.0192,18.0571,0.0000
6867.263,43746.039062,259.3445,5.871346592903e-01,322.9836,10.0194,18.0767,0.0000
6876.758,43691.593750,259.2788,5.865525603294e-01,322.9427,10.0196,18.0963,0.0000
6886.266,43637.140625,259.2130,5.859703421593e-01,322.9018,10.0198,18.1160,0.0000
6895.787,43582.695312,259.1471,5.853880643845e-01,322.8608,10.0199,18.1357,0.0000
6905.322,43528.210938,259.0810,5.848054289818e-01,322.8198,10.0201,18.1554,0.0000
6914.869,43473.710938,259.0147,5.842224955559e-01,322.7787,10.0202,18.1752,0.0000
6924.430,43419.167969,258.9484,5.836392045021e-01,322.7374,10.0203,18.1950,0.0000
6934.004,43364.648438,258.8819,5.830559134483e-01,322.6960,10.0204,18.2148,0.0000
6943.591,43310.062500,258.8152,5.824720859528e-01,322.6546,10.0205,18.2346,0.0000
6953.192,43255.500000,258.7484,5.818883776665e-01,322.6131,10.0206,18.2545,0.0000
6962.806,43200.863281,258.6815,5.813038349152e-01,322.5714,10.0206,18.2744,0.0000
6972.433,43146.238281,258.6144,5.807192325592e-01,322.5297,10.0207,18.2943,0.0000
6982.073,43091.585938,258.5472,5.801345109940e-01,322.4879,10.0207,18.3143,0.0000
6991.727,43036.921875,258.4799,5.795494914055e-01,322.4460,10.0207,18.3343,0.0000
7001.394,42982.238281,258.4124,5.789642930031e-01,322.4040,10.0207,18.3544,0.0000
7011.074,42927.527344,258.3447,5.783787369728e-01,322.3619,10.0206,18.3744,0.0000
7020.768,42872.792969,258.2769,5.777930021286e-01,322.3197,10.0206,18.3945,0.0000
7030.475,42818.039062,258.2090,5.772067904472e-01,322.2774,10.0205,18.4147,0.0000
7040.196,42763.289062,258.1409,5.766207575798e-01,322.2350,10.0204,18.4348,0.0000
7049.930,42708.488281,258.0727,5.760340690613e-01,322.1925,10.0203,18.4550,0.0000
7059.678,42653.679688,258.0044,5.754473209381e-01,322.1499,10.0202,18.4752,0.0000
7069.439,42598.832031,257.9359,5.748600363731e-01,322.1072,10.0201,18.4955,0.0000
7079.213,42544.003906,257.8672,5.742729902267e-01,322.0645,10.0199,18.5158,0.0000
7089.001,42489.132812,257.7984,5.736853480339e-01,322.0216,10.0198,18.5361,0.0000
7098.803,42434.246094,257.7294,5.730975270271e-01,321.9786,10.0196,18.5565,0.0000
7108.618,42379.339844,257.6603,5.725094676018e-01,321.9356,10.0194,18.5769,0.0000
7118.447,42324.402344,257.5911,5.719210505486e-01,321.8924,10.0192,18.5973,0.0000
7128.289,42269.460938,257.5217,5.713325738907e-01,321.8491,10.0189,18.6177,0.0000
7138.145,42214.488281,257.4521,5.707436203957e-01,321.8058,10.0187,18.6382,0.0000
7148.014,42159.527344,257.3825,5.701547861099e-01,321.7624,10.0184,18.6587,0.0000
7157.898,42104.500000,257.3126,5.695652961731e-01,321.7188,10.0181,18.6793,0.0000
7167.794,42049.492188,257.2427,5.689758658409e-01,321.6751,10.0178,18.6998,0.0000
7177.705,41994.445312,257.1725,5.683859586716e-01,321.6314,10.0175,18.7205,0.0000
7187.629,41939.390625,257.1022,5.677960515022e-01,321.5875,10.0172,18.7411,0.0000
7197.567,41884.312500,257.0318,5.672057271004e-01,321.5436,10.0168,18.7618,0.0000
7207.519,41829.218750,256.9612,5.666152238846e-01,321.4995,10.0164,18.7825,0.0000
7217.484,41774.101562,256.8905,5.660244226456e-01,321.4554,10.0161,18.8032,0.0000
7227.463,41718.953125,256.8196,5.654333829880e-01,321.4111,10.0156,18.8240,0.0000
7237.456,41663.808594,256.7485,5.648421049118e-01,321.3667,10.0152,18.8448,0.0000
7247.463,41608.628906,256.6773,5.642505288124e-01,321.3223,10.0148,18.8656,0.0000
7257.484,41553.445312,256.6060,5.636590719223e-01,321.2777,10.0143,18.8865,0.0000
7267.518,41498.246094,256.5345,5.630670189857e-01,321.2331,10.0138,18.9074,0.0000
7277.567,41443.027344,256.4628,5.624750256538e-01,321.1883,10.0133,18.9284,0.0000
7287.629,41387.796875,256.3911,5.618826150894e-01,321.1434,10.0128,18.9493,0.0000
7297.705,41332.511719,256.3191,5.612896680832e-01,321.0984,10.0123,18.9703,0.0000
7307.795,41277.234375,256.2469,5.606967806816e-01,321.0533,10.0117,18.9914,0.0000
7317.899,41221.949219,256.1747,5.601036548615e-01,321.0082,10.0111,19.0124,0.0000
7328.018,41166.625000,256.1022,5.595102906227e-01,320.9629,10.0105,19.0335,0.0000
7338.150,41111.285156,256.0296,5.589164495468e-01,320.9175,10.0099,19.0547,0.0000
7348.296,41055.960938,255.9569,5.583229064941e-01,320.8720,10.0093,19.0758,0.0000
7358.456,41000.589844,255.8840,5.577287077904e-01,320.8264,10.0086,19.0970,0.0000
7368.630,40945.207031,255.8110,5.571344494820e-01,320.7808,10.0080,19.1183,0.0000
7378.818,40889.800781,255.7378,5.565397739410e-01,320.7350,10.0073,19.1395,0.0000
7389.020,40834.363281,255.6644,5.559448599815e-01,320.6890,10.0066,19.1608,0.0000
7399.237,40778.953125,255.5909,5.553500056267e-01,320.6430,10.0058,19.1822,0.0000
7409.467,40723.496094,255.5172,5.547547936440e-01,320.5969,10.0051,19.2035,0.0000
7419.712,40668.027344,255.4433,5.541593432426e-01,320.5507,10.0043,19.2249,0.0000
7429.971,40612.546875,255.3693,5.535637736320e-01,320.5043,10.0035,19.2464,0.0000
7440.244,40557.039062,255.2952,5.529677271843e-01,320.4579,10.0027,19.2678,0.0000
7450.531,40501.515625,255.2209,5.523714423180e-01,320.4113,10.0019,19.2893,0.0000
7460.832,40445.992188,255.1463,5.517752766609e-01,320.3647,10.0011,19.3109,0.0000
7471.148,40390.441406,255.0717,5.511787533760e-01,320.3179,10.0002,19.3324,0.0000
7481.478,40334.859375,254.9969,5.505816340446e-01,320.2710,9.9993,19.3540,0.0000
7491.822,40279.304688,254.9220,5.499849319458e-01,320.2241,9.9984,19.3757,0.0000
7502.181,40223.691406,254.8468,5.493875741959e-01,320.1770,9.9975,19.3973,0.0000
7512.554,40168.054688,254.7715,5.487897396088e-01,320.1297,9.9965,19.4190,0.0000
7522.941,40112.429688,254.6960,5.481920838356e-01,320.0825,9.9956,19.4408,0.0000
7533.342,40056.785156,254.6204,5.475943088531e-01,320.0351,9.9946,19.4625,0.0000
7543.758,40001.113281,254.5446,5.469959974289e-01,319.9875,9.9936,19.4843,0.0000
7554.189,39945.441406,254.4687,5.463978052139e-01,319.9399,9.9925,19.5062,0.0000
7564.633,39889.750000,254.3926,5.457991957664e-01,319.8922,9.9915,19.5281,0.0000
7575.092,39834.031250,254.3163,5.452004671097e-01,319.8443,9.9904,19.5500,0.0000
7585.566,39778.300781,254.2399,5.446012020111e-01,319.7963,9.9893,19.5719,0.0000
7596.054,39722.554688,254.1632,5.440021157265e-01,319.7482,9.9882,19.5939,0.0000
7606.557,39666.804688,254.0864,5.434027910233e-01,319.7000,9.9871,19.6159,0.0000
7617.074,39611.023438,254.0095,5.428029298782e-01,319.6517,9.9859,19.6379,0.0000
7627.606,39555.234375,253.9324,5.422030687332e-01,319.6032,9.9848,19.6600,0.0000
7638.152,39499.425781,253.8551,5.416027903557e-01,319.5547,9.9836,19.6821,0.0000
7648.713,39443.605469,253.7776,5.410026311874e-01,319.5060,9.9823,19.7043,0.0000
7659.288,39387.769531,253.7000,5.404020547867e-01,319.4573,9.9811,19.7264,0.0000
7669.878,39331.917969,253.6222,5.398013591766e-01,319.4084,9.9798,19.7487,0.0000
7680.483,39276.054688,253.5442,5.392003655434e-01,319.3595,9.9786,19.7709,0.0000
7691.102,39220.187500,253.4662,5.385992527008e-01,319.3104,9.9773,19.7932,0.0000
7701.737,39164.277344,253.3878,5.379977226257e-01,319.2611,9.9759,19.8155,0.0000
7712.385,39108.367188,253.3094,5.373960733414e-01,319.2118,9.9746,19.8379,0.0000
7723.049,39052.453125,253.2307,5.367944240570e-01,319.1623,9.9732,19.8602,0.0000
7733.727,38996.500000,253.1519,5.361922979355e-01,319.1127,9.9718,19.8827,0.0000
7744.420,38940.566406,253.0729,5.355902910233e-01,319.0631,9.9704,19.9051,0.0000
7755.128,38884.593750,252.9938,5.349877476692e-01,319.0133,9.9690,19.9276,0.0000
7765.850,38828.621094,252.9144,5.343852043152e-01,318.9634,9.9675,19.9501,0.0000
7776.588,38772.625000,252.8349,5.337823033333e-01,318.9133,9.9660,19.9727,0.0000
7787.340,38716.593750,252.7552,5.331791639328e-01,318.8632,9.9645,19.9953,0.0000
7798.107,38660.582031,252.6754,5.325760245323e-01,318.8129,9.9630,20.0179,0.0000
7808.889,38604.562500,252.5954,5.319727063179e-01,318.7625,9.9614,20.0406,0.0000
7819.686,38548.496094,252.5151,5.313688516617e-01,318.7120,9.9599,20.0633,0.0000
7830.498,38492.433594,252.4348,5.307650566101e-01,318.6614,9.9583,20.0860,0.0000
7841.325,38436.363281,252.3542,5.301610231400e-01,318.6107,9.9567,20.1088,0.0000
7852.166,38380.269531,252.2735,5.295567512512e-01,318.5598,9.9550,20.1316,0.0000
7863.023,38324.171875,252.1926,5.289523601532e-01,318.5088,9.9534,20.1544,0.0000
7873.895,38268.039062,252.1115,5.283475518227e-01,318.4577,9.9517,20.1773,0.0000
7884.782,38211.933594,252.0302,5.277429223061e-01,318.4065,9.9500,20.2002,0.0000
7895.684,38155.792969,251.9488,5.271379351616e-01,318.3551,9.9482,20.2232,0.0000
7906.601,38099.617188,251.8672,5.265324711800e-01,318.3036,9.9465,20.2462,0.0000
7917.533,38043.460938,251.7854,5.259271264076e-01,318.2521,9.9447,20.2692,0.0000
7928.480,37987.273438,251.7034,5.253214240074e-01,318.2003,9.9429,20.2922,0.0000
7939.442,37931.093750,251.6212,5.247158408165e-01,318.1485,9.9410,20.3153,0.0000
7950.419,37874.875000,251.5389,5.241096615791e-01,318.0966,9.9392,20.3384,0.0000
7961.412,37818.656250,251.4564,5.235033631325e-01,318.0445,9.9373,20.3616,0.0000
7972.420,37762.425781,251.3737,5.228970050812e-01,317.9922,9.9354,20.3848,0.0000
7983.443,37706.187500,251.2908,5.222905278206e-01,317.9400,9.9335,20.4080,0.0000
7994.481,37649.929688,251.2077,5.216836929321e-01,317.8875,9.9315,20.4313,0.0000
8005.535,37593.660156,251.1245,5.210767388344e-01,317.8349,9.9296,20.4546,0.0000
8016.603,37537.375000,251.0410,5.204694867134e-01,317.7822,9.9276,20.4779,0.0000
8027.688,37481.085938,250.9574,5.198622345924e-01,317.7294,9.9255,20.5013,0.0000
8038.787,37424.792969,250.8736,5.192548036575e-01,317.6765,9.9235,20.5247,0.0000
8049.902,37368.484375,250.7896,5.186471343040e-01,317.6234,9.9214,20.5482,0.0000
8061.032,37312.144531,250.7055,5.180390477180e-01,317.5702,9.9193,20.5716,0.0000
8072.177,37255.816406,250.6211,5.174310207367e-01,317.5168,9.9172,20.5952,0.0000
8083.338,37199.457031,250.5365,5.168226957321e-01,317.4634,9.9151,20.6187,0.0000
8094.515,37143.085938,250.4518,5.162140727043e-01,317.4099,9.9129,20.6423,0.0000
8105.707,37086.738281,250.3669,5.156057476997e-01,317.3562,9.9107,20.6659,0.0000
8116.914,37030.351562,250.2819,5.149968266487e-01,317.3023,9.9085,20.6896,0.0000
8128.137,36973.980469,250.1966,5.143880248070e-01,317.2484,9.9062,20.7133,0.0000
8139.375,36917.554688,250.1111,5.137785673141e-01,317.1943,9.9039,20.7370,0.0000
8150.629,36861.125000,250.0254,5.131691694260e-01,317.1400,9.9016,20.7608,0.0000
8161.898,36804.691406,249.9395,5.125595331192e-01,317.0856,9.8993,20.7846,0.0000
8173.183,36748.261719,249.8535,5.119498968124e-01,317.0312,9.8969,20.8084,0.0000
8184.484,36691.820312,249.7673,5.113400816917e-01,316.9765,9.8946,20.8323,0.0000
8195.800,36635.343750,249.6808,5.107297301292e-01,316.9219,9.8922,20.8562,0.0000
8207.132,36578.894531,249.5942,5.101196765900e-01,316.8669,9.8897,20.8802,0.0000
8218.480,36522.410156,249.5074,5.095092058182e-01,316.8120,9.8873,20.9042,0.0000
8229.843,36465.917969,249.4204,5.088984966278e-01,316.7569,9.8848,20.9282,0.0000
8241.222,36409.417969,249.3332,5.082877874374e-01,316.7016,9.8823,20.9523,0.0000
8252.616,36352.914062,249.2458,5.076768994331e-01,316.6462,9.8797,20.9764,0.0000
8264.027,36296.402344,249.1583,5.070658326149e-01,316.5907,9.8772,21.0005,0.0000
8275.453,36239.867188,249.0705,5.064543485641e-01,316.5350,9.8746,21.0247,0.0000
8286.895,36183.308594,248.9825,5.058426260948e-01,316.4792,9.8720,21.0489,0.0000
8298.353,36126.773438,248.8944,5.052312016487e-01,316.4232,9.8693,21.0731,0.0000
8309.827,36070.218750,248.8060,5.046194195747e-01,316.3672,9.8666,21.0974,0.0000
8321.316,36013.660156,248.7175,5.040075182915e-01,316.3110,9.8639,21.1217,0.0000
8332.822,35957.074219,248.6288,5.033951401711e-01,316.2547,9.8612,21.1461,0.0000
8344.343,35900.496094,248.5398,5.027830004692e-01,316.1982,9.8585,21.1705,0.0000
8355.880,35843.882812,248.4506,5.021703243256e-01,316.1416,9.8557,21.1949,0.0000
8367.433,35787.277344,248.3613,5.015575289726e-01,316.0848,9.8529,21.2194,0.0000
8379.002,35730.679688,248.2718,5.009449124336e-01,316.0280,9.8500,21.2439,0.0000
8390.588,35674.058594,248.1821,5.003319978714e-01,315.9710,9.8472,21.2684,0.0000
8402.189,35617.425781,248.0921,4.997187852859e-01,315.9138,9.8443,21.2930,0.0000
8413.806,35560.785156,248.0020,4.991054236889e-01,315.8565,9.8413,21.3176,0.0000
8425.439,35504.140625,247.9117,4.984919428825e-01,315.7991,9.8384,21.3423,0.0000
8437.089,35447.488281,247.8211,4.978782832623e-01,315.7415,9.8354,21.3670,0.0000
8448.754,35390.835938,247.7304,4.972647130489e-01,315.6838,9.8324,21.3917,0.0000
8460.436,35334.156250,247.6395,4.966505765915e-01,315.6260,9.8294,21.4165,0.0000
8472.134,35277.468750,247.5484,4.960362911224e-01,315.5681,9.8263,21.4413,0.0000
8483.848,35220.792969,247.4570,4.954221844673e-01,315.5099,9.8232,21.4661,0.0000
8495.578,35164.089844,247.3654,4.948076605797e-01,315.4517,9.8201,21.4910,0.0000
8507.324,35107.394531,247.2737,4.941930770874e-01,315.3933,9.8169,21.5159,0.0000
8519.087,35050.691406,247.1818,4.935784339905e-01,315.3347,9.8138,21.5409,0.0000
8530.866,34993.972656,247.0897,4.929634034634e-01,315.2761,9.8105,21.5659,0.0000
8542.661,34937.246094,246.9973,4.923484027386e-01,315.2173,9.8073,21.5909,0.0000
8554.472,34880.496094,246.9047,4.917330145836e-01,315.1583,9.8040,21.6160,0.0000
8566.300,34823.761719,246.8120,4.911176860332e-01,315.0992,9.8007,21.6411,0.0000
8578.144,34767.007812,246.7190,4.905021190643e-01,315.0399,9.7974,21.6662,0.0000
8590.005,34710.261719,246.6258,4.898864626884e-01,314.9805,9.7940,21.6914,0.0000
8601.882,34653.488281,246.5324,4.892705082893e-01,314.9210,9.7907,21.7166,0.0000
8613.775,34596.742188,246.4388,4.886547327042e-01,314.8613,9.7872,21.7419,0.0000
8625.685,34539.972656,246.3450,4.880386888981e-01,314.8015,9.7838,21.7672,0.0000
8637.611,34483.175781,246.2510,4.874222278595e-01,314.7415,9.7803,21.7925,0.0000
8649.554,34426.398438,246.1568,4.868059754372e-01,314.6814,9.7768,21.8179,0.0000
8661.513,34369.589844,246.0624,4.861890971661e-01,314.6212,9.7733,21.8433,0.0000
8673.489,34312.792969,245.9677,4.855724275112e-01,314.5608,9.7697,21.8687,0.0000
8685.481,34255.980469,245.8729,4.849554598331e-01,314.5002,9.7661,21.8942,0.0000
8697.490,34199.183594,245.7779,4.843385815620e-01,314.4395,9.7624,21.9198,0.0000
8709.516,34142.367188,245.6826,4.837214052677e-01,314.3787,9.7588,21.9453,0.0000
8721.558,34085.542969,245.5871,4.831040799618e-01,314.3177,9.7551,21.9709,0.0000
8733.617,34028.710938,245.4914,4.824866950512e-01,314.2565,9.7514,21.9966,0.0000
8745.692,33971.882812,245.3955,4.818690419197e-01,314.1953,9.7476,22.0222,0.0000
8757.784,33915.039062,245.2994,4.812512397766e-01,314.1339,9.7438,22.0480,0.0000
8769.893,33858.187500,245.2030,4.806333780289e-01,314.0722,9.7400,22.0737,0.0000
8782.019,33801.328125,245.1065,4.800152480602e-01,314.0105,9.7361,22.0995,0.0000
8794.161,33744.492188,245.0098,4.793972969055e-01,313.9486,9.7322,22.1253,0.0000
8806.320,33687.625000,244.9128,4.787788093090e-01,313.8866,9.7283,22.1512,0.0000
8818.496,33630.753906,244.8156,4.781604111195e-01,313.8244,9.7244,22.1771,0.0000
8830.689,33573.878906,244.7182,4.775418043137e-01,313.7621,9.7204,22.2031,0.0000
8842.899,33517.011719,244.6206,4.769230782986e-01,313.6996,9.7164,22.2290,0.0000
8855.125,33460.125000,244.5227,4.763042628765e-01,313.6369,9.7123,22.2551,0.0000
8867.369,33403.250000,244.4247,4.756852984428e-01,313.5742,9.7083,22.2811,0.0000
8879.629,33346.367188,244.3264,4.750662744045e-01,313.5112,9.7041,22.3072,0.0000
8891.907,33289.460938,244.2279,4.744468629360e-01,313.4482,9.7000,22.3334,0.0000
8904.201,33232.558594,244.1292,4.738274216652e-01,313.3849,9.6958,22.3596,0.0000
8916.512,33175.667969,244.0302,4.732080698013e-01,313.3215,9.6916,22.3858,0.0000
8928.841,33118.773438,243.9311,4.725884497166e-01,313.2579,9.6874,22.4120,0.0000
8941.186,33061.859375,243.8317,4.719686210155e-01,313.1942,9.6831,22.4383,0.0000
8953.549,33004.945312,243.7321,4.713486135006e-01,313.1304,9.6788,22.4647,0.0000
8965.928,32948.050781,243.6323,4.707288742065e-01,313.0663,9.6744,22.4911,0.0000
8978.325,32891.109375,243.5323,4.701084494591e-01,313.0021,9.6700,22.5175,0.0000
8990.739,32834.183594,243.4320,4.694881439209e-01,312.9378,9.6656,22.5439,0.0000
9003.170,32777.261719,243.3315,4.688677191734e-01,312.8734,9.6612,22.5704,0.0000
9015.618,32720.324219,243.2308,4.682471156120e-01,312.8087,9.6567,22.5970,0.0000
9028.083,32663.392578,243.1299,4.676264524460e-01,312.7439,9.6522,22.6235,0.0000
9040.566,32606.464844,243.0287,4.670056700706e-01,312.6790,9.6476,22.6501,0.0000
9053.066,32549.529297,242.9274,4.663847982883e-01,312.6138,9.6431,22.6768,0.0000
9065.583,32492.582031,242.8257,4.657636582851e-01,312.5485,9.6384,22.7035,0.0000
9078.117,32435.642578,242.7239,4.651424884796e-01,312.4831,9.6338,22.7302,0.0000
9090.669,32378.701172,242.6219,4.645212292671e-01,312.4175,9.6291,22.7570,0.0000
9103.238,32321.753906,242.5196,4.638997912407e-01,312.3517,9.6244,22.7838,0.0000
9115.825,32264.806641,242.4171,4.632782936096e-01,312.2858,9.6196,22.8106,0.0000
9128.429,32207.851562,242.3143,4.626565575600e-01,312.2197,9.6148,22.8375,0.0000
9141.050,32150.898438,242.2113,4.620348811150e-01,312.1535,9.6100,22.8644,0.0000
9153.689,32093.927734,242.1081,4.614126980305e-01,312.0871,9.6051,22.8914,0.0000
9166.345,32036.982422,242.0047,4.607907831669e-01,312.0205,9.6002,22.9184,0.0000
9179.019,31980.001953,241.9011,4.601684212685e-01,311.9538,9.5953,22.9455,0.0000
9191.711,31923.044922,241.7971,4.595462679863e-01,311.8869,9.5903,22.9726,0.0000
9204.419,31866.109375,241.6931,4.589241445065e-01,311.8199,9.5853,22.9997,0.0000
9217.146,31809.134766,241.5887,4.583015739918e-01,311.7526,9.5802,23.0268,0.0000
9229.890,31752.181641,241.4841,4.576790332794e-01,311.6853,9.5752,23.0541,0.0000
9242.652,31695.203125,241.3793,4.570561349392e-01,311.6177,9.5700,23.0813,0.0000
9255.431,31638.230469,241.2742,4.564332962036e-01,311.5500,9.5649,23.1086,0.0000
9268.228,31581.287109,241.1690,4.558106660843e-01,311.4821,9.5597,23.1359,0.0000
9281.042,31524.312500,241.0635,4.551874697208e-01,311.4141,9.5545,23.1633,0.0000
9293.875,31467.347656,240.9577,4.545644521713e-01,311.3459,9.5492,23.1907,0.0000
9306.725,31410.382812,240.8517,4.539411365986e-01,311.2774,9.5439,23.2181,0.0000
9319.593,31353.404297,240.7455,4.533176124096e-01,311.2090,9.5386,23.2456,0.0000
9332.479,31296.443359,240.6391,4.526941478252e-01,311.1403,9.5332,23.2731,0.0000
9345.382,31239.468750,240.5323,4.520705342293e-01,311.0714,9.5278,23.3007,0.0000
9358.303,31182.509766,240.4255,4.514469206333e-01,311.0023,9.5223,23.3283,0.0000
9371.243,31125.525391,240.3183,4.508229792118e-01,310.9331,9.5168,23.3560,0.0000
9384.200,31068.560547,240.2109,4.501990675926e-01,310.8637,9.5113,23.3836,0.0000
9397.175,31011.595703,240.1032,4.495750963688e-01,310.7941,9.5057,23.4114,0.0000
9410.168,30954.638672,239.9953,4.489510655403e-01,310.7245,9.5001,23.4391,0.0000
9423.179,30897.656250,239.8872,4.483266770840e-01,310.6544,9.4945,23.4670,0.0000
9436.207,30840.707031,239.7789,4.477025270462e-01,310.5844,9.4888,23.4948,0.0000
9449.254,30783.753906,239.6703,4.470781087875e-01,310.5142,9.4831,23.5227,0.0000
9462.319,30726.785156,239.5614,4.464536607265e-01,310.4438,9.4773,23.5506,0.0000
9475.402,30669.814453,239.4523,4.458288848400e-01,310.3732,9.4715,23.5786,0.0000
9488.503,30612.867188,239.3430,4.452042579651e-01,310.3025,9.4656,23.6066,0.0000
9501.623,30555.904297,239.2335,4.445793628693e-01,310.2315,9.4598,23.6347,0.0000
9514.760,30498.937500,239.1236,4.439543485641e-01,310.1604,9.4539,23.6627,0.0000
9527.916,30441.998047,239.0136,4.433294534683e-01,310.0891,9.4479,23.6909,0.0000
9541.089,30385.037109,238.9033,4.427042305470e-01,310.0177,9.4419,23.7191,0.0000
9554.281,30328.078125,238.7927,4.420790076256e-01,309.9460,9.4359,23.7473,0.0000
9567.491,30271.125000,238.6819,4.414536058903e-01,309.8742,9.4298,23.7755,0.0000
9580.720,30214.191406,238.5709,4.408284723759e-01,309.8022,9.4237,23.8038,0.0000
9593.967,30157.228516,238.4596,4.402026832104e-01,309.7301,9.4175,23.8322,0.0000
9607.232,30100.283203,238.3481,4.395770430565e-01,309.6577,9.4113,23.8605,0.0000
9620.515,30043.365234,238.2363,4.389515817165e-01,309.5853,9.4051,23.8890,0.0000
9633.817,29986.416016,238.1243,4.383257329464e-01,309.5126,9.3988,23.9174,0.0000
9647.137,29929.484375,238.0121,4.376997947693e-01,309.4397,9.3924,23.9459,0.0000
9660.475,29872.546875,237.8995,4.370738267899e-01,309.3666,9.3861,23.9745,0.0000
9673.832,29815.623047,237.7867,4.364477694035e-01,309.2934,9.3797,24.0030,0.0000
9687.208,29758.687500,237.6737,4.358215332031e-01,309.2200,9.3732,24.0317,0.0000
9700.602,29701.773438,237.5605,4.351954162121e-01,309.1464,9.3667,24.0603,0.0000
9714.014,29644.869141,237.4470,4.345692694187e-01,309.0726,9.3602,24.0890,0.0000
9727.445,29587.939453,237.3332,4.339425861835e-01,308.9987,9.3536,24.1178,0.0000
9740.895,29531.042969,237.2192,4.333162903786e-01,308.9246,9.3470,24.1466,0.0000
9754.363,29474.123047,237.1049,4.326896071434e-01,308.8503,9.3404,24.1754,0.0000
9767.850,29417.212891,236.9904,4.320628046989e-01,308.7758,9.3337,24.2043,0.0000
9781.355,29360.328125,236.8756,4.314362704754e-01,308.7011,9.3269,24.2332,0.0000
9794.880,29303.437500,236.7606,4.308094680309e-01,308.6262,9.3201,24.2621,0.0000
9808.422,29246.533203,236.6453,4.301823675632e-01,308.5511,9.3133,24.2911,0.0000
9821.984,29189.664062,236.5298,4.295555949211e-01,308.4760,9.3064,24.3202,0.0000
9835.564,29132.771484,236.4140,4.289283752441e-01,308.4005,9.2995,24.3492,0.0000
9849.163,29075.894531,236.2979,4.283011257648e-01,308.3249,9.2926,24.3784,0.0000
9862.781,29019.029297,236.1816,4.276740252972e-01,308.2492,9.2856,24.4075,0.0000
9876.418,28962.150391,236.0650,4.270465970039e-01,308.1731,9.2785,24.4367,0.0000
9890.074,28905.304688,235.9482,4.264193475246e-01,308.0970,9.2714,24.4660,0.0000
9903.748,28848.453125,235.8312,4.257918894291e-01,308.0207,9.2643,24.4952,0.0000
9917.441,28791.599609,235.7138,4.251643121243e-01,307.9441,9.2571,24.5246,0.0000
9931.154,28734.753906,235.5963,4.245366156101e-01,307.8674,9.2499,24.5539,0.0000
9944.885,28677.916016,235.4784,4.239088892937e-01,307.7905,9.2427,24.5833,0.0000
9958.635,28621.085938,235.3603,4.232812225819e-01,307.7134,9.2353,24.6128,0.0000
9972.404,28564.263672,235.2419,4.226534366608e-01,307.6361,9.2280,24.6423,0.0000
9986.193,28507.435547,235.1233,4.220253825188e-01,307.5587,9.2206,24.6718,0.0000
10000.000,28450.617188,235.0044,4.213972985744e-01,307.4810,9.2131,24.7014,0.0000
10013.826,28393.820312,234.8853,4.207693040371e-01,307.4032,9.2057,24.7310,0.0000
10027.672,28337.009766,234.7659,4.201410710812e-01,307.3251,9.1981,24.7607,0.0000
10041.537,28280.212891,234.6462,4.195128083229e-01,307.2468,9.1905,24.7904,0.0000
10055.421,28223.433594,234.5263,4.188846349716e-01,307.1684,9.1829,24.8201,0.0000
10069.324,28166.648438,234.4061,4.182561337948e-01,307.0898,9.1752,24.8499,0.0000
10083.246,28109.880859,234.2857,4.176277518272e-01,307.0110,9.1675,24.8797,0.0000
10097.187,28053.111328,234.1650,4.169991612434e-01,306.9320,9.1598,24.9096,0.0000
10111.148,27996.353516,234.0441,4.163704514503e-01,306.8528,9.1520,24.9395,0.0000
10125.128,27939.595703,233.9229,4.157415330410e-01,306.7735,9.1441,24.9695,0.0000
10139.128,27882.849609,233.8015,4.151125848293e-01,306.6940,9.1362,24.9995,0.0000
10153.147,27826.117188,233.6799,4.144836068153e-01,306.6143,9.1282,25.0295,0.0000
10167.185,27769.400391,233.5580,4.138546288013e-01,306.5344,9.1202,25.0596,0.0000
10181.242,27712.669922,233.4359,4.132251739502e-01,306.4544,9.1122,25.0897,0.0000
10195.319,27655.970703,233.3136,4.125959873199e-01,306.3742,9.1041,25.1199,0.0000
10209.416,27599.255859,233.1910,4.119663238525e-01,306.2938,9.0960,25.1501,0.0000
10223.532,27542.560547,233.0682,4.113366603851e-01,306.2132,9.0878,25.1803,0.0000
10237.667,27485.875000,232.9451,4.107069075108e-01,306.1325,9.0795,25.2106,0.0000
10251.823,27429.189453,232.8219,4.100769162178e-01,306.0516,9.0713,25.2409,0.0000
10265.997,27372.525391,232.6984,4.094469249249e-01,305.9705,9.0629,25.2713,0.0000
10280.191,27315.882812,232.5747,4.088169038296e-01,305.8893,9.0545,25.3017,0.0000
10294.405,27259.228516,232.4508,4.081864953041e-01,305.8079,9.0461,25.3322,0.0000
10308.639,27202.582031,232.3267,4.075558483601e-01,305.7263,9.0376,25.3627,0.0000
10322.892,27145.957031,232.2024,4.069252312183e-01,305.6446,9.0291,25.3932,0.0000
10337.165,27089.330078,232.0778,4.062942564487e-01,305.5627,9.0205,25.4238,0.0000
10351.457,27032.722656,231.9531,4.056633710861e-01,305.4807,9.0119,25.4544,0.0000
10365.770,26976.130859,231.8281,4.050323069096e-01,305.3985,9.0032,25.4851,0.0000
10380.102,26919.531250,231.7030,4.044007658958e-01,305.3161,8.9945,25.5158,0.0000
10394.454,26862.941406,231.5776,4.037691354752e-01,305.2336,8.9857,25.5466,0.0000
10408.826,26806.382812,231.4521,4.031375646591e-01,305.1510,8.9769,25.5774,0.0000
10423.217,26749.828125,231.3263,4.025056660175e-01,305.0682,8.9680,25.6082,0.0000
10437.629,26693.281250,231.2004,4.018736183643e-01,304.9852,8.9591,25.6391,0.0000
10452.061,26636.751953,231.0743,4.012414216995e-01,304.9021,8.9501,25.6700,0.0000
10466.512,26580.232422,230.9480,4.006089270115e-01,304.8189,8.9411,25.7010,0.0000
10480.984,26523.697266,230.8215,3.999760150909e-01,304.7354,8.9320,25.7320,0.0000
10495.475,26467.187500,230.6947,3.993430435658e-01,304.6519,8.9229,25.7631,0.0000
10509.987,26410.718750,230.5679,3.987102806568e-01,304.5682,8.9137,25.7941,0.0000
10524.518,26354.230469,230.4409,3.980768024921e-01,304.4844,8.9045,25.8253,0.0000
10539.070,26297.761719,230.3137,3.974432945251e-01,304.4004,8.8952,25.8565,0.0000
10553.642,26241.312500,230.1863,3.968095779419e-01,304.3164,8.8859,25.8877,0.0000
10568.234,26184.867188,230.0587,3.961756229401e-01,304.2321,8.8765,25.9190,0.0000
10582.846,26128.447266,229.9311,3.955414593220e-01,304.1478,8.8670,25.9503,0.0000
10597.478,26072.025391,229.8032,3.949069678783e-01,304.0633,8.8575,25.9816,0.0000
10612.130,26015.628906,229.6752,3.942723870277e-01,303.9787,8.8480,26.0130,0.0000
10626.803,25959.220703,229.5469,3.936373591423e-01,303.8939,8.8384,26.0444,0.0000
10641.496,25902.847656,229.4185,3.930022716522e-01,303.8090,8.8288,26.0759,0.0000
10656.210,25846.486328,229.2901,3.923668861389e-01,303.7240,8.8191,26.1074,0.0000
10670.943,25790.140625,229.1614,3.917314112186e-01,303.6389,8.8093,26.1390,0.0000
10685.698,25733.808594,229.0326,3.910955786705e-01,303.5536,8.7995,26.1706,0.0000
10700.472,25677.488281,228.9036,3.904594182968e-01,303.4683,8.7896,26.2023,0.0000
10715.267,25621.169922,228.7745,3.898229002953e-01,303.3828,8.7797,26.2340,0.0000
10730.082,25564.875000,228.6453,3.891862630844e-01,303.2971,8.7697,26.2657,0.0000
10744.918,25508.601562,228.5159,3.885494172573e-01,303.2114,8.7597,26.2975,0.0000
10759.775,25452.339844,228.3864,3.879122436047e-01,303.1255,8.7496,26.3293,0.0000
10774.652,25396.099609,228.2568,3.872749209404e-01,303.0396,8.7395,26.3612,0.0000
10789.549,25339.857422,228.1270,3.866370916367e-01,302.9535,8.7293,26.3931,0.0000
10804.467,25283.638672,227.9971,3.859991133213e-01,302.8673,8.7191,26.4250,0.0000
10819.406,25227.427734,227.8671,3.853607475758e-01,302.7811,8.7088,26.4570,0.0000
10834.365,25171.244141,227.7370,3.847222030163e-01,302.6947,8.6984,26.4890,0.0000
10849.346,25115.082031,227.6067,3.840835094452e-01,302.6082,8.6880,26.5211,0.0000
10864.346,25058.933594,227.4763,3.834443986416e-01,302.5216,8.6775,26.5532,0.0000
10879.368,25002.789062,227.3459,3.828049004078e-01,302.4349,8.6670,26.5854,0.0000
10894.410,24946.662109,227.2152,3.821651339531e-01,302.3481,8.6564,26.6176,0.0000
10909.473,24890.544922,227.0845,3.815249502659e-01,302.2613,8.6458,26.6499,0.0000
10924.557,24834.472656,226.9537,3.808848559856e-01,302.1743,8.6351,26.6822,0.0000
10939.662,24778.390625,226.8228,3.802440762520e-01,302.0872,8.6243,26.7145,0.0000
10954.788,24722.345703,226.6918,3.796032965183e-01,302.0000,8.6135,26.7469,0.0000
10969.934,24666.302734,226.5607,3.789618909359e-01,301.9128,8.6027,26.7793,0.0000
10985.102,24610.287109,226.4295,3.783203363419e-01,301.8254,8.5918,26.8118,0.0000
11000.290,24554.271484,226.2982,3.776783347130e-01,301.7380,8.5808,26.8443,0.0000
11015.500,24498.304688,226.1669,3.770362734795e-01,301.6505,8.5697,26.8768,0.0000
11030.730,24442.333984,226.0354,3.763936460018e-01,301.5629,8.5586,26.9094,0.0000
11045.982,24386.384766,225.9039,3.757507205009e-01,301.4752,8.5475,26.9421,0.0000
11061.254,24330.453125,225.7722,3.751074969769e-01,301.3875,8.5363,26.9747,0.0000
11076.548,24274.548828,225.6405,3.744640052319e-01,301.2996,8.5250,27.0075,0.0000
11091.863,24218.660156,225.5088,3.738201558590e-01,301.2118,8.5137,27.0402,0.0000
11107.199,24162.787109,225.3769,3.731759190559e-01,301.1237,8.5023,27.0730,0.0000
11122.556,24106.941406,225.2451,3.725314140320e-01,301.0357,8.4909,27.1059,0.0000
11137.935,24051.097656,225.1131,3.718863725662e-01,300.9476,8.4793,27.1388,0.0000
11153.335,23995.291016,224.9811,3.712411224842e-01,300.8595,8.4678,27.1717,0.0000
11168.756,23939.503906,224.8490,3.705955743790e-01,300.7712,8.4562,27.2047,0.0000
11184.198,23883.732422,224.7169,3.699496388435e-01,300.6829,8.4445,27.2377,0.0000
11199.662,23827.994141,224.5847,3.693034648895e-01,300.5946,8.4327,27.2708,0.0000
11215.147,23772.250000,224.4525,3.686566054821e-01,300.5061,8.4209,27.3039,0.0000
11230.654,23716.548828,224.3202,3.680096864700e-01,300.4176,8.4091,27.3371,0.0000
11246.182,23660.869141,224.1879,3.673623502254e-01,300.3291,8.3971,27.3703,0.0000
11261.731,23605.197266,224.0555,3.667145371437e-01,300.2405,8.3851,27.4035,0.0000
11277.302,23549.556641,223.9231,3.660664260387e-01,300.1519,8.3731,27.4368,0.0000
11292.895,23493.933594,223.7907,3.654178977013e-01,300.0632,8.3610,27.4701,0.0000
11308.509,23438.326172,223.6582,3.647689223289e-01,299.9744,8.3488,27.5035,0.0000
11324.144,23382.748047,223.5257,3.641196489334e-01,299.8857,8.3366,27.5369,0.0000
11339.802,23327.197266,223.3932,3.634700477123e-01,299.7968,8.3243,27.5704,0.0000
11355.481,23271.673828,223.2607,3.628200888634e-01,299.7080,8.3119,27.6039,0.0000
11371.181,23216.164062,223.1282,3.621696531773e-01,299.6191,8.2995,27.6374,0.0000
11386.904,23160.677734,222.9956,3.615189790726e-01,299.5302,8.2870,27.6710,0.0000
11402.648,23105.203125,222.8630,3.608676195145e-01,299.4412,8.2745,27.7046,0.0000
11418.413,23049.769531,222.7305,3.602160215378e-01,299.3521,8.2618,27.7383,0.0000
11434.201,22994.373047,222.5979,3.595643341541e-01,299.2632,8.2492,27.7720,0.0000
11450.010,22938.968750,222.4653,3.589118123055e-01,299.1741,8.2364,27.8058,0.0000
11465.842,22883.599609,222.3327,3.582589626312e-01,299.0850,8.2236,27.8396,0.0000
11481.695,22828.259766,222.2001,3.576057851315e-01,298.9959,8.2108,27.8734,0.0000
11497.570,22772.941406,222.0676,3.569521903992e-01,298.9068,8.1978,27.9073,0.0000
11513.467,22717.650391,221.9350,3.562982976437e-01,298.8176,8.1848,27.9413,0.0000
11529.386,22662.390625,221.8025,3.556439280510e-01,298.7284,8.1718,27.9752,0.0000
11545.327,22607.152344,221.6699,3.549892008305e-01,298.6393,8.1587,28.0093,0.0000
11561.290,22551.933594,221.5374,3.543339073658e-01,298.5501,8.1455,28.0433,0.0000
11577.275,22496.753906,221.4050,3.536784350872e-01,298.4609,8.1322,28.0774,0.0000
11593.283,22441.589844,221.2725,3.530223369598e-01,298.3717,8.1189,28.1116,0.0000
11609.312,22386.455078,221.1401,3.523659110069e-01,298.2824,8.1055,28.1458,0.0000
11625.363,22331.349609,221.0077,3.517090678215e-01,298.1932,8.0921,28.1800,0.0000
11641.437,22276.263672,220.8753,3.510518074036e-01,298.1040,8.0785,28.2143,0.0000
11657.533,22221.203125,220.7430,3.503940105438e-01,298.0148,8.0650,28.2486,0.0000
11673.651,22166.177734,220.6108,3.497358560562e-01,297.9255,8.0513,28.2830,0.0000
11689.792,22111.177734,220.4785,3.490773439407e-01,297.8363,8.0376,28.3174,0.0000
11705.955,22056.207031,220.3464,3.484183251858e-01,297.7471,8.0238,28.3518,0.0000
11722.140,22001.277344,220.2143,3.477590084076e-01,297.6580,8.0099,28.3863,0.0000
11738.347,21946.359375,220.0822,3.470991551876e-01,297.5688,7.9960,28.4209,0.0000
11754.577,21891.478516,219.9503,3.464388847351e-01,297.4796,7.9820,28.4555,0.0000
11770.830,21836.615234,219.8183,3.457781672478e-01,297.3904,7.9680,28.4901,0.0000
11787.105,21781.791016,219.6865,3.451170325279e-01,297.3013,7.9539,28.5247,0.0000
11803.402,21727.003906,219.5547,3.444555401802e-01,297.2122,7.9397,28.5595,0.0000
11819.722,21672.236328,219.4230,3.437935113907e-01,297.1231,7.9254,28.5942,0.0000
11836.064,21617.503906,219.2914,3.431311249733e-01,297.0340,7.9111,28.6290,0.0000
11852.429,21562.792969,219.1598,3.424681425095e-01,296.9449,7.8967,28.6638,0.0000
11868.817,21508.119141,219.0284,3.418048620224e-01,296.8560,7.8822,28.6987,0.0000
11885.228,21453.480469,218.8970,3.411411046982e-01,296.7670,7.8677,28.7337,0.0000
11901.661,21398.853516,218.7657,3.404766321182e-01,296.6780,7.8530,28.7686,0.0000
11918.116,21344.273438,218.6345,3.398121297359e-01,296.5891,7.8384,28.8036,0.0000
11934.595,21289.730469,218.5034,3.391470313072e-01,296.5003,7.8236,28.8387,0.0000
11951.096,21235.207031,218.3724,3.384813964367e-01,296.4115,7.8088,28.8738,0.0000
11967.620,21180.710938,218.2415,3.378152549267e-01,296.3227,7.7939,28.9089,0.0000
11984.167,21126.265625,218.1108,3.371488451958e-01,296.2340,7.7789,28.9441,0.0000
12000.737,21071.843750,217.9801,3.364819288254e-01,296.1453,7.7643,28.9767,0.0000
12017.330,21017.466797,217.8496,3.358146250248e-01,296.0567,7.7578,28.9527,0.0000
12033.946,20963.101562,217.7192,3.351467549801e-01,295.9681,7.7514,28.9286,0.0000
12050.584,20908.785156,217.5889,3.344784677029e-01,295.8796,7.7450,28.9046,0.0000
12067.246,20854.496094,217.4587,3.338097035885e-01,295.7912,7.7385,28.8805,0.0000
12083.931,20800.244141,217.3287,3.331404924393e-01,295.7028,7.7321,28.8564,0.0000
12100.638,20746.023438,217.1988,3.324708044529e-01,295.6145,7.7256,28.8323,0.0000
12117.369,20691.841797,217.0690,3.318006992340e-01,295.5262,7.7191,28.8082,0.0000
12134.123,20637.691406,216.9394,3.311300873756e-01,295.4380,7.7127,28.7841,0.0000
12150.900,20583.572266,216.8100,3.304590284824e-01,295.3500,7.7062,28.7600,0.0000
12167.701,20529.494141,216.6806,3.297875225544e-01,295.2619,7.6997,28.7358,0.0000
12184.524,20475.453125,216.5515,3.291155695915e-01,295.1740,7.6933,28.7116,0.0000
12201.371,20421.449219,216.4225,3.284431695938e-01,295.0861,7.6868,28.6875,0.0000
12218.241,20367.468750,216.2936,3.277701735497e-01,294.9983,7.6803,28.6633,0.0000
12235.135,20313.537109,216.1650,3.270968496799e-01,294.9106,7.6738,28.6391,0.0000
12252.052,20259.636719,216.0364,3.264229893684e-01,294.8230,7.6673,28.6149,0.0000
12268.992,20205.779297,215.9081,3.257487416267e-01,294.7354,7.6608,28.5906,0.0000
12285.956,20151.955078,215.7799,3.250739574432e-01,294.6480,7.6543,28.5664,0.0000
12302.943,20098.177734,215.6520,3.243989050388e-01,294.5607,7.6478,28.5422,0.0000
12319.953,20044.421875,215.5242,3.237230479717e-01,294.4734,7.6413,28.5179,0.0000
12336.987,19990.718750,215.3966,3.230470120907e-01,294.3863,7.6348,28.4936,0.0000
12354.045,19937.035156,215.2691,3.223702609539e-01,294.2993,7.6283,28.4693,0.0000
12371.126,19883.408203,215.1419,3.216932117939e-01,294.2124,7.6218,28.4450,0.0000
12388.231,19829.818359,215.0149,3.210157454014e-01,294.1256,7.6153,28.4207,0.0000
12405.360,19776.259766,214.8881,3.203376233578e-01,294.0389,7.6088,28.3964,0.0000
12422.512,19722.742188,214.7615,3.196591436863e-01,293.9523,7.6023,28.3720,0.0000
12439.688,19669.279297,214.6351,3.189802765846e-01,293.8658,7.5957,28.3477,0.0000
12456.887,19615.845703,214.5089,3.183008730412e-01,293.7795,7.5892,28.3233,0.0000
12474.111,19562.449219,214.3829,3.176209330559e-01,293.6933,7.5827,28.2989,0.0000
12491.358,19509.101562,214.2572,3.169407248497e-01,293.6072,7.5761,28.2745,0.0000
12508.629,19455.781250,214.1316,3.162597119808e-01,293.5212,7.5696,28.2501,0.0000
12525.924,19402.519531,214.0064,3.155785501003e-01,293.4354,7.5631,28.2257,0.0000
12543.243,19349.283203,213.8813,3.148967623711e-01,293.3497,7.5565,28.2013,0.0000
12560.586,19296.103516,213.7565,3.142145872116e-01,293.2642,7.5500,28.1768,0.0000
12577.953,19242.955078,213.6319,3.135319650173e-01,293.1787,7.5434,28.1524,0.0000
12595.344,19189.851562,213.5076,3.128487467766e-01,293.0935,7.5368,28.1279,0.0000
12612.759,19136.796875,213.3835,3.121652007103e-01,293.0084,7.5303,28.1034,0.0000
12630.197,19083.783203,213.2597,3.114811480045e-01,292.9234,7.5237,28.0789,0.0000
12647.661,19030.818359,213.1362,3.107966780663e-01,292.8386,7.5172,28.0544,0.0000
12665.148,18977.884766,213.0129,3.101116120815e-01,292.7539,7.5106,28.0299,0.0000
12682.659,18924.998047,212.8898,3.094261884689e-01,292.6694,7.5040,28.0054,0.0000
12700.195,18872.154297,212.7671,3.087401688099e-01,292.5851,7.4974,27.9808,0.0000
12717.755,18819.363281,212.6446,3.080538511276e-01,292.5009,7.4909,27.9563,0.0000
12735.339,18766.613281,212.5224,3.073670268059e-01,292.4169,7.4843,27.9317,0.0000
12752.947,18713.912109,212.4005,3.066798150539e-01,292.3330,7.4777,27.9071,0.0000
12770.580,18661.255859,212.2788,3.059920966625e-01,292.2494,7.4711,27.8825,0.0000
12788.237,18608.630859,212.1575,3.053037524223e-01,292.1660,7.4645,27.8579,0.0000
12805.919,18556.064453,212.0364,3.046151101589e-01,292.0826,7.4579,27.8333,0.0000
12823.625,18503.558594,211.9157,3.039261996746e-01,291.9995,7.4513,27.8087,0.0000
12841.355,18451.082031,211.7953,3.032366037369e-01,291.9166,7.4447,27.7840,0.0000
12859.110,18398.660156,211.6752,3.025466799736e-01,291.8338,7.4381,27.7594,0.0000
12876.890,18346.277344,211.5553,3.018561899662e-01,291.7513,7.4315,27.7347,0.0000
12894.694,18293.939453,211.4358,3.011651933193e-01,291.6689,7.4249,27.7100,0.0000
12912.523,18241.662109,211.3167,3.004738986492e-01,291.5867,7.4183,27.6853,0.0000
12930.376,18189.429688,211.1978,2.997821271420e-01,291.5048,7.4116,27.6606,0.0000
12948.254,18137.248047,211.0793,2.990899085999e-01,291.4230,7.4050,27.6359,0.0000
12966.157,18085.101562,210.9611,2.983970940113e-01,291.3415,7.3984,27.6112,0.0000
12984.085,18033.017578,210.8432,2.977040708065e-01,291.2601,7.3918,27.5865,0.0000
13002.037,17980.978516,210.7258,2.970105111599e-01,291.1790,7.3851,27.5617,0.0000
13020.014,17928.986328,210.6086,2.963163852692e-01,291.0981,7.3785,27.5369,0.0000
13038.016,17877.048828,210.4918,2.956219315529e-01,291.0174,7.3719,27.5122,0.0000
13056.043,17825.160156,210.3754,2.949270904064e-01,290.9370,7.3652,27.4874,0.0000
13074.095,17773.324219,210.2593,2.942317426205e-01,290.8567,7.3586,27.4626,0.0000
13092.172,17721.546875,210.1436,2.935360968113e-01,290.7767,7.3519,27.4378,0.0000
13110.274,17669.810547,210.0283,2.928399145603e-01,290.6970,7.3453,27.4129,0.0000
13128.401,17618.125000,209.9133,2.921432554722e-01,290.6174,7.3386,27.3881,0.0000
13146.553,17566.496094,209.7987,2.914462387562e-01,290.5381,7.3320,27.3633,0.0000
13164.730,17514.916016,209.6845,2.907488346100e-01,290.4591,7.3253,27.3384,0.0000
13182.932,17463.398438,209.5706,2.900510132313e-01,290.3803,7.3186,27.3135,0.0000
13201.159,17411.925781,209.4573,2.893526554108e-01,290.3018,7.3120,27.2887,0.0000
13219.411,17360.511719,209.3443,2.886539697647e-01,290.2235,7.3053,27.2638,0.0000
13237.689,17309.142578,209.2316,2.879548370838e-01,290.1454,7.2986,27.2389,0.0000
13255.992,17257.833984,209.1194,2.872553169727e-01,290.0677,7.2920,27.2139,0.0000
13274.321,17206.576172,209.0076,2.865553498268e-01,289.9901,7.2853,27.1890,0.0000
13292.674,17155.376953,208.8962,2.858550250530e-01,289.9129,7.2786,27.1641,0.0000
13311.053,17104.224609,208.7852,2.851541638374e-01,289.8359,7.2719,27.1391,0.0000
13329.458,17053.140625,208.6747,2.844530642033e-01,289.7592,7.2652,27.1142,0.0000
13347.888,17002.101562,208.5646,2.837514281273e-01,289.6829,7.2585,27.0892,0.0000
13366.343,16951.121094,208.4549,2.830494940281e-01,289.6067,7.2518,27.0642,0.0000
13384.824,16900.199219,208.3457,2.823471128941e-01,289.5309,7.2451,27.0392,0.0000
13403.330,16849.333984,208.2370,2.816442847252e-01,289.4553,7.2384,27.0142,0.0000
13421.862,16798.519531,208.1286,2.809411883354e-01,289.3800,7.2317,26.9892,0.0000
13440.420,16747.769531,208.0207,2.802376449108e-01,289.3051,7.2250,26.9641,0.0000
13459.003,16697.080078,207.9133,2.795337438583e-01,289.2304,7.2183,26.9391,0.0000
13477.612,16646.443359,207.8064,2.788294553757e-01,289.1561,7.2116,26.9141,0.0000
13496.247,16595.867188,207.6999,2.781248390675e-01,289.0820,7.2049,26.8890,0.0000
13514.908,16545.339844,207.5939,2.774195969105e-01,289.0083,7.1982,26.8639,0.0000
13533.594,16494.884766,207.4884,2.767142653465e-01,288.9348,7.1914,26.8388,0.0000
13552.306,16444.474609,207.3833,2.760083675385e-01,288.8618,7.1847,26.8137,0.0000
13571.044,16394.142578,207.2788,2.753022909164e-01,288.7890,7.1780,26.7886,0.0000
13589.808,16343.854492,207.1747,2.745957076550e-01,288.7165,7.1713,26.7635,0.0000
13608.598,16293.636719,207.0712,2.738888561726e-01,288.6444,7.1645,26.7384,0.0000
13627.414,16243.466797,206.9681,2.731814980507e-01,288.5726,7.1578,26.7132,0.0000
13646.256,16193.369141,206.8656,2.724739015102e-01,288.5012,7.1510,26.6881,0.0000
13665.124,16143.331055,206.7636,2.717660069466e-01,288.4301,7.1443,26.6629,0.0000
13684.018,16093.358398,206.6621,2.710577845573e-01,288.3593,7.1376,26.6377,0.0000
13702.938,16043.434570,206.5611,2.703490555286e-01,288.2888,7.1308,26.6125,0.0000
13721.884,15993.587891,206.4607,2.696401178837e-01,288.2188,7.1241,26.5873,0.0000
13740.856,15943.788086,206.3608,2.689306735992e-01,288.1491,7.1173,26.5621,0.0000
13759.855,15894.069336,206.2615,2.682211697102e-01,288.0797,7.1105,26.5369,0.0000
13778.880,15844.400391,206.1627,2.675111293793e-01,288.0108,7.1038,26.5117,0.0000
13797.931,15794.796875,206.0644,2.668008208275e-01,287.9421,7.0970,26.4864,0.0000
13817.009,15745.256836,205.9667,2.660901248455e-01,287.8739,7.0903,26.4612,0.0000
13836.113,15695.787109,205.8696,2.653792500496e-01,287.8061,7.0835,26.4359,0.0000
13855.243,15646.366211,205.7730,2.646678686142e-01,287.7386,7.0767,26.4106,0.0000
13874.400,15597.035156,205.6770,2.639564573765e-01,287.6715,7.0699,26.3854,0.0000
13893.584,15547.745117,205.5816,2.632444500923e-01,287.6049,7.0632,26.3601,0.0000
13912.794,15498.540039,205.4868,2.625323832035e-01,287.5385,7.0564,26.3348,0.0000
13932.030,15449.388672,205.3926,2.618198692799e-01,287.4726,7.0496,26.3094,0.0000
13951.293,15400.303711,205.2990,2.611070573330e-01,287.4071,7.0428,26.2841,0.0000
13970.583,15351.285156,205.2059,2.603939771652e-01,287.3420,7.0360,26.2588,0.0000
13989.899,15302.334961,205.1135,2.596806287766e-01,287.2773,7.0292,26.2334,0.0000
14009.242,15253.452148,205.0217,2.589670121670e-01,287.2131,7.0224,26.2081,0.0000
14028.612,15204.633789,204.9305,2.582530379295e-01,287.1493,7.0156,26.1827,0.0000
14048.009,15155.895508,204.8400,2.575389444828e-01,287.0859,7.0088,26.1573,0.0000
14067.432,15107.212891,204.7500,2.568244636059e-01,287.0229,7.0020,26.1319,0.0000
14086.882,15058.606445,204.6607,2.561098635197e-01,286.9603,6.9952,26.1065,0.0000
14106.359,15010.062500,204.5721,2.553948462009e-01,286.8982,6.9884,26.0811,0.0000
14125.863,14961.595703,204.4841,2.546797692776e-01,286.8365,6.9816,26.0557,0.0000
14145.394,14913.188477,204.3968,2.539641857147e-01,286.7752,6.9748,26.0303,0.0000
14164.952,14864.856445,204.3101,2.532485127449e-01,286.7144,6.9680,26.0048,0.0000
14184.538,14816.589844,204.2241,2.525325119495e-01,286.6542,6.9611,25.9794,0.0000
14204.150,14768.393555,204.1388,2.518162429333e-01,286.5943,6.9543,25.9539,0.0000
14223.789,14720.275391,204.0541,2.510999441147e-01,286.5349,6.9475,25.9284,0.0000
14243.455,14672.217773,203.9702,2.503832280636e-01,286.4759,6.9407,25.9029,0.0000
14263.149,14624.240234,203.8869,2.496664077044e-01,286.4175,6.9338,25.8774,0.0000
14282.870,14576.331055,203.8043,2.489493042231e-01,286.3595,6.9270,25.8519,0.0000
14302.618,14528.500000,203.7225,2.482320815325e-01,286.3020,6.9202,25.8264,0.0000
14322.394,14480.739258,203.6413,2.475146800280e-01,286.2450,6.9133,25.8009,0.0000
14342.196,14433.043945,203.5609,2.467968910933e-01,286.1885,6.9065,25.7754,0.0000
14362.026,14385.433594,203.4812,2.460791319609e-01,286.1325,6.8996,25.7498,0.0000
14381.884,14337.886719,203.4022,2.453610599041e-01,286.0770,6.8928,25.7243,0.0000
14401.769,14290.418945,203.3239,2.446428835392e-01,286.0219,6.8859,25.6987,0.0000
14421.682,14243.018555,203.2464,2.439243644476e-01,285.9675,6.8791,25.6731,0.0000
14441.622,14195.697266,203.1697,2.432057559490e-01,285.9135,6.8722,25.6476,0.0000
14461.589,14148.455078,203.0937,2.424870878458e-01,285.8600,6.8654,25.6220,0.0000
14481.584,14101.282227,203.0185,2.417681366205e-01,285.8072,6.8585,25.5964,0.0000
14501.607,14054.180664,202.9440,2.410489916801e-01,285.7547,6.8517,25.5707,0.0000
14521.658,14007.161133,202.8703,2.403298169374e-01,285.7029,6.8448,25.5451,0.0000
14541.736,13960.209961,202.7974,2.396103590727e-01,285.6516,6.8379,25.5195,0.0000
14561.842,13913.339844,202.7253,2.388908416033e-01,285.6008,6.8311,25.4938,0.0000
14581.976,13866.546875,202.6540,2.381711900234e-01,285.5506,6.8242,25.4682,0.0000
14602.138,13819.833008,202.5835,2.374514639378e-01,285.5009,6.8173,25.4425,0.0000
14622.327,13773.195312,202.5138,2.367315292358e-01,285.4518,6.8104,25.4169,0.0000
14642.545,13726.641602,202.4450,2.360116094351e-01,285.4033,6.8035,25.3912,0.0000
14662.790,13680.157227,202.3769,2.352914363146e-01,285.3554,6.7967,25.3655,0.0000
14683.064,13633.751953,202.3097,2.345712482929e-01,285.3080,6.7898,25.3398,0.0000
14703.365,13587.424805,202.2433,2.338509112597e-01,285.2612,6.7829,25.3141,0.0000
14723.695,13541.178711,202.1778,2.331304550171e-01,285.2150,6.7760,25.2884,0.0000
14744.052,13495.011719,202.1132,2.324099540710e-01,285.1694,6.7691,25.2626,0.0000
14764.438,13448.917969,202.0494,2.316892892122e-01,285.1245,6.7622,25.2369,0.0000
14784.852,13402.916016,201.9864,2.309687733650e-01,285.0800,6.7553,25.2112,0.0000
14805.294,13356.991211,201.9243,2.302480936050e-01,285.0362,6.7484,25.1854,0.0000
14825.765,13311.145508,201.8632,2.295273244381e-01,284.9931,6.7415,25.1596,0.0000
14846.263,13265.373047,201.8029,2.288063615561e-01,284.9506,6.7346,25.1339,0.0000
14866.791,13219.687500,201.7435,2.280855178833e-01,284.9086,6.7277,25.1081,0.0000
14887.346,13174.079102,201.6851,2.273644804955e-01,284.8674,6.7208,25.0823,0.0000
14907.930,13128.564453,201.6275,2.266436219215e-01,284.8268,6.7139,25.0565,0.0000
14928.542,13083.123047,201.5709,2.259225994349e-01,284.7868,6.7069,25.0307,0.0000
14949.183,13037.763672,201.5152,2.252015918493e-01,284.7474,6.7000,25.0049,0.0000
14969.853,12992.492188,201.4604,2.244805991650e-01,284.7087,6.6931,24.9790,0.0000
14990.550,12947.296875,201.4066,2.237594872713e-01,284.6707,6.6862,24.9532,0.0000
15011.277,12902.192383,201.3538,2.230384796858e-01,284.6334,6.6793,24.9273,0.0000
15032.032,12857.161133,201.3019,2.223173528910e-01,284.5967,6.6723,24.9015,0.0000
15052.816,12812.227539,201.2509,2.215964198112e-01,284.5607,6.6654,24.8756,0.0000
15073.629,12767.374023,201.2010,2.208755165339e-01,284.5255,6.6585,24.8498,0.0000
15094.470,12722.599609,201.1519,2.201545983553e-01,284.4908,6.6515,24.8239,0.0000
15115.341,12677.910156,201.1038,2.194337248802e-01,284.4568,6.6446,24.7980,0.0000
15136.240,12633.307617,201.0567,2.187129706144e-01,284.4234,6.6377,24.7721,0.0000
15157.168,12588.789062,201.0105,2.179923355579e-01,284.3908,6.6307,24.7462,0.0000
15178.125,12544.369141,200.9653,2.172720283270e-01,284.3588,6.6238,24.7203,0.0000
15199.111,12500.017578,200.9210,2.165515869856e-01,284.3275,6.6168,24.6943,0.0000
15220.126,12455.760742,200.8776,2.158314585686e-01,284.2968,6.6099,24.6684,0.0000
15241.170,12411.597656,200.8352,2.151116579771e-01,284.2668,6.6029,24.6425,0.0000
15262.243,12367.506836,200.7937,2.143917381763e-01,284.2375,6.5960,24.6165,0.0000
15283.345,12323.516602,200.7532,2.136723250151e-01,284.2088,6.5890,24.5905,0.0000
15304.477,12279.604492,200.7136,2.129530012608e-01,284.1808,6.5821,24.5646,0.0000
15325.637,12235.784180,200.6749,2.122339606285e-01,284.1534,6.5751,24.5386,0.0000
15346.827,12192.051758,200.6371,2.115152180195e-01,284.1266,6.5681,24.5126,0.0000
15368.046,12148.410156,200.6003,2.107967734337e-01,284.1006,6.5612,24.4866,0.0000
15389.295,12104.853516,200.5644,2.100785970688e-01,284.0752,6.5542,24.4606,0.0000
15410.573,12061.379883,200.5294,2.093606889248e-01,284.0504,6.5472,24.4346,0.0000
15431.880,12018.006836,200.4953,2.086432427168e-01,284.0262,6.5403,24.4086,0.0000
15453.217,11974.719727,200.4621,2.079261243343e-01,284.0028,6.5333,24.3826,0.0000
15474.583,11931.517578,200.4299,2.072093188763e-01,283.9799,6.5263,24.3565,0.0000
15495.979,11888.408203,200.3986,2.064929008484e-01,283.9577,6.5193,24.3305,0.0000
15517.405,11845.392578,200.3682,2.057769894600e-01,283.9362,6.5124,24.3044,0.0000
15538.860,11802.460938,200.3387,2.050613760948e-01,283.9153,6.5054,24.2784,0.0000
15560.344,11759.620117,200.3100,2.043462693691e-01,283.8950,6.4984,24.2523,0.0000
15581.859,11716.875000,200.2823,2.036316096783e-01,283.8754,6.4914,24.2262,0.0000
15603.403,11674.225586,200.2556,2.029175460339e-01,283.8564,6.4844,24.2002,0.0000
15624.977,11631.660156,200.2297,2.022038400173e-01,283.8381,6.4774,24.1741,0.0000
15646.581,11589.188477,200.2047,2.014906704426e-01,283.8204,6.4704,24.1480,0.0000
15668.214,11546.809570,200.1806,2.007780075073e-01,283.8033,6.4634,24.1219,0.0000
15689.878,11504.518555,200.1573,2.000658661127e-01,283.7869,6.4564,24.0957,0.0000
15711.571,11462.319336,200.1351,1.993541717529e-01,283.7711,6.4494,24.0696,0.0000
15733.295,11420.212891,200.1136,1.986431330442e-01,283.7559,6.4424,24.0435,0.0000
15755.048,11378.205078,200.0931,1.979327648878e-01,283.7414,6.4354,24.0174,0.0000
15776.832,11336.282227,200.0734,1.972228735685e-01,283.7274,6.4284,23.9912,0.0000
15798.646,11294.463867,200.0547,1.965137571096e-01,283.7141,6.4214,23.9651,0.0000
15820.490,11252.727539,200.0368,1.958050727844e-01,283.7014,6.4144,23.9389,0.0000
15842.364,11211.090820,200.0198,1.950971782207e-01,283.6894,6.4074,23.9127,0.0000
15864.268,11169.540039,200.0037,1.943897753954e-01,283.6779,6.4004,23.8866,0.0000
15886.203,11128.086914,199.9884,1.936831474304e-01,283.6671,6.3934,23.8604,0.0000
15908.168,11086.732422,199.9740,1.929772347212e-01,283.6569,6.3863,23.8342,0.0000
15930.163,11045.466797,199.9605,1.922719627619e-01,283.6473,6.3793,23.8080,0.0000
15952.189,11004.298828,199.9479,1.915674358606e-01,283.6384,6.3723,23.7818,0.0000
15974.245,10963.231445,199.9361,1.908637285233e-01,283.6300,6.3653,23.7556,0.0000
15996.332,10922.250000,199.9252,1.901606768370e-01,283.6223,6.3583,23.7293,0.0000
16018.449,10881.365234,199.9151,1.894584000111e-01,283.6152,6.3512,23.7031,0.0000
16040.597,10840.575195,199.9059,1.887568533421e-01,283.6086,6.3442,23.6769,0.0000
16062.775,10799.877930,199.8976,1.880560517311e-01,283.6027,6.3372,23.6506,0.0000
16084.984,10759.285156,199.8901,1.873562783003e-01,283.5974,6.3301,23.6244,0.0000
16107.224,10718.776367,199.8835,1.866570562124e-01,283.5927,6.3231,23.5981,0.0000
16129.495,10678.370117,199.8777,1.859587877989e-01,283.5886,6.3161,23.5719,0.0000
16151.796,10638.062500,199.8728,1.852614432573e-01,283.5851,6.3090,23.5456,0.0000
16174.128,10597.847656,199.8687,1.845648586750e-01,283.5822,6.3020,23.5193,0.0000
16196.491,10557.730469,199.8654,1.838691979647e-01,283.5799,6.2949,23.4930,0.0000
16218.885,10517.707031,199.8630,1.831744015217e-01,283.5782,6.2879,23.4668,0.0000
16241.310,10477.783203,199.8615,1.824805140495e-01,283.5771,6.2809,23.4405,0.0000
16263.766,10437.957031,199.8607,1.817875504494e-01,283.5766,6.2738,23.4142,0.0000
16286.253,10398.223633,199.8608,1.810954511166e-01,283.5767,6.2668,23.3878,0.0000
16308.771,10358.584961,199.8617,1.804042905569e-01,283.5773,6.2597,23.3615,0.0000
16331.321,10319.046875,199.8635,1.797140836716e-01,283.5786,6.2526,23.3352,0.0000
16353.901,10279.607422,199.8661,1.790249198675e-01,283.5804,6.2456,23.3089,0.0000
16376.513,10240.263672,199.8695,1.783366799355e-01,283.5828,6.2385,23.2825,0.0000
16399.155,10201.020508,199.8737,1.776495128870e-01,283.5858,6.2315,23.2562,0.0000
16421.830,10161.871094,199.8788,1.769632399082e-01,283.5894,6.2244,23.2298,0.0000
16444.535,10122.825195,199.8847,1.762780845165e-01,283.5935,6.2174,23.2035,0.0000
16467.272,10083.869141,199.8913,1.755938380957e-01,283.5983,6.2103,23.1771,0.0000
16490.040,10045.013672,199.8989,1.749106496572e-01,283.6036,6.2032,23.1507,0.0000
16512.840,10006.262695,199.9071,1.742286682129e-01,283.6095,6.1962,23.1244,0.0000
16535.672,9967.601562,199.9162,1.735476106405e-01,283.6159,6.1891,23.0980,0.0000
16558.535,9929.040039,199.9262,1.728676557541e-01,283.6230,6.1820,23.0716,0.0000
16581.429,9890.581055,199.9368,1.721888482571e-01,283.6306,6.1749,23.0452,0.0000
16604.355,9852.218750,199.9484,1.715111136436e-01,283.6387,6.1679,23.0188,0.0000
16627.313,9813.954102,199.9607,1.708344668150e-01,283.6474,6.1608,22.9924,0.0000
16650.303,9775.785156,199.9738,1.701589077711e-01,283.6567,6.1537,22.9660,0.0000
16673.324,9737.720703,199.9876,1.694845855236e-01,283.6665,6.1466,22.9396,0.0000
16696.378,9699.752930,200.0023,1.688114106655e-01,283.6769,6.1396,22.9131,0.0000
16719.463,9661.885742,200.0178,1.681393682957e-01,283.6879,6.1325,22.8867,0.0000
16742.580,9624.111328,200.0340,1.674684286118e-01,283.6994,6.1254,22.8603,0.0000
16765.729,9586.441406,200.0510,1.667987555265e-01,283.7115,6.1183,22.8338,0.0000
16788.910,9548.872070,200.0688,1.661302745342e-01,283.7241,6.1112,22.8074,0.0000
16812.123,9511.402344,200.0873,1.654630452394e-01,283.7372,6.1041,22.7809,0.0000
16835.368,9474.024414,200.1067,1.647969186306e-01,283.7509,6.0970,22.7545,0.0000
16858.646,9436.751953,200.1268,1.641320586205e-01,283.7652,6.0899,22.7280,0.0000
16881.955,9399.578125,200.1477,1.634684652090e-01,283.7800,6.0829,22.7015,0.0000
16905.297,9362.505859,200.1693,1.628061681986e-01,283.7953,6.0758,22.6750,0.0000
16928.671,9325.531250,200.1916,1.621450781822e-01,283.8112,6.0687,22.6485,0.0000
16952.077,9288.654297,200.2148,1.614852398634e-01,283.8275,6.0616,22.6221,0.0000
16975.516,9251.882812,200.2386,1.608267426491e-01,283.8445,6.0545,22.5956,0.0000
16998.987,9215.205078,200.2633,1.601694673300e-01,283.8619,6.0474,22.5691,0.0000
17022.491,9178.625977,200.2887,1.595134884119e-01,283.8799,6.0403,22.5425,0.0000
17046.027,9142.156250,200.3148,1.588589549065e-01,283.8984,6.0332,22.5160,0.0000
17069.595,9105.777344,200.3416,1.582055985928e-01,283.9174,6.0260,22.4895,0.0000
17093.196,9069.499023,200.3692,1.575535982847e-01,283.9369,6.0189,22.4630,0.0000
17116.830,9033.326172,200.3976,1.569030433893e-01,283.9570,6.0118,22.4365,0.0000
17140.497,8997.246094,200.4266,1.562537103891e-01,283.9776,6.0047,22.4099,0.0000
17164.196,8961.274414,200.4564,1.556058377028e-01,283.9987,5.9976,22.3834,0.0000
17187.928,8925.396484,200.4869,1.549592614174e-01,284.0203,5.9905,22.3568,0.0000
17211.693,8889.618164,200.5181,1.543141156435e-01,284.0424,5.9834,22.3303,0.0000
17235.490,8853.946289,200.5500,1.536704152822e-01,284.0650,5.9763,22.3037,0.0000
17259.321,8818.369141,200.5827,1.530280262232e-01,284.0881,5.9692,22.2772,0.0000
17283.184,8782.893555,200.6160,1.523870378733e-01,284.1117,5.9620,22.2506,0.0000
17307.081,8747.519531,200.6501,1.517475247383e-01,284.1358,5.9549,22.2241,0.0000
17331.010,8712.245117,200.6848,1.511094421148e-01,284.1604,5.9478,22.1975,0.0000
17354.973,8677.070312,200.7203,1.504727602005e-01,284.1855,5.9407,22.1709,0.0000
17378.969,8641.995117,200.7564,1.498375386000e-01,284.2111,5.9336,22.1443,0.0000
17402.998,8607.017578,200.7933,1.492037028074e-01,284.2372,5.9264,22.1177,0.0000
17427.060,8572.147461,200.8308,1.485714316368e-01,284.2637,5.9193,22.0911,0.0000
17451.155,8537.372070,200.8690,1.479405909777e-01,284.2907,5.9122,22.0645,0.0000
17475.284,8502.694336,200.9079,1.473111510277e-01,284.3182,5.9050,22.0379,0.0000
17499.446,8468.122070,200.9474,1.466832906008e-01,284.3462,5.8979,22.0113,0.0000
17523.642,8433.648438,200.9877,1.460569202900e-01,284.3746,5.8908,21.9847,0.0000
17547.871,8399.274414,201.0286,1.454320400953e-01,284.4036,5.8837,21.9581,0.0000
17572.133,8365.003906,201.0701,1.448087096214e-01,284.4330,5.8765,21.9315,0.0000
17596.429,8330.828125,201.1123,1.441868096590e-01,284.4628,5.8694,21.9048,0.0000
17620.759,8296.753906,201.1552,1.435664743185e-01,284.4930,5.8622,21.8782,0.0000
17645.122,8262.778320,201.1987,1.429476737976e-01,284.5238,5.8551,21.8516,0.0000
17669.519,8228.908203,201.2428,1.423304677010e-01,284.5550,5.8480,21.8249,0.0000
17693.949,8195.138672,201.2877,1.417148113251e-01,284.5867,5.8408,21.7983,0.0000
17718.414,8161.462891,201.3331,1.411006748676e-01,284.6187,5.8337,21.7716,0.0000
17742.912,8127.888672,201.3792,1.404880434275e-01,284.6513,5.8266,21.7450,0.0000
17767.444,8094.414062,201.4258,1.398770362139e-01,284.6843,5.8194,21.7183,0.0000
17792.010,8061.042969,201.4731,1.392676234245e-01,284.7177,5.8123,21.6917,0.0000
17816.610,8027.770020,201.5211,1.386598050594e-01,284.7516,5.8051,21.6650,0.0000
17841.244,7994.594238,201.5696,1.380535364151e-01,284.7858,5.7980,21.6383,0.0000
17865.912,7961.520996,201.6188,1.374488621950e-01,284.8206,5.7908,21.6117,0.0000
17890.615,7928.548828,201.6685,1.368458420038e-01,284.8557,5.7837,21.5850,0.0000
17915.351,7895.670898,201.7189,1.362443417311e-01,284.8913,5.7765,21.5583,0.0000
17940.122,7862.897949,201.7698,1.356446146965e-01,284.9272,5.7694,21.5316,0.0000
17964.926,7830.223633,201.8214,1.350464224815e-01,284.9636,5.7622,21.5049,0.0000
17989.766,7797.646484,201.8735,1.344498544931e-01,285.0003,5.7551,21.4783,0.0000
18014.639,7765.170898,201.9262,1.338549256325e-01,285.0376,5.7479,21.4516,0.0000
18039.547,7732.790527,201.9795,1.332616358995e-01,285.0751,5.7408,21.4249,0.0000
18064.489,7700.513184,202.0333,1.326700001955e-01,285.1131,5.7336,21.3982,0.0000
18089.466,7668.336914,202.0877,1.320800930262e-01,285.1515,5.7265,21.3714,0.0000
18114.477,7636.259277,202.1427,1.314917951822e-01,285.1902,5.7193,21.3447,0.0000
18139.523,7604.277832,202.1982,1.309051364660e-01,285.2294,5.7121,21.3180,0.0000
18164.604,7572.394043,202.2543,1.303201466799e-01,285.2689,5.7050,21.2913,0.0000
18189.719,7540.612793,202.3109,1.297369003296e-01,285.3088,5.6978,21.2646,0.0000
18214.869,7508.929688,202.3680,1.291553080082e-01,285.3491,5.6907,21.2379,0.0000
18240.053,7477.344238,202.4257,1.285753697157e-01,285.3898,5.6835,21.2111,0.0000
18265.273,7445.859863,202.4839,1.279971897602e-01,285.4308,5.6763,21.1844,0.0000
18290.527,7414.470703,202.5426,1.274206638336e-01,285.4721,5.6692,21.1577,0.0000
18315.816,7383.181641,202.6019,1.268458366394e-01,285.5138,5.6620,21.1309,0.0000
18341.141,7351.993652,202.6616,1.262727826834e-01,285.5559,5.6549,21.1042,0.0000
18366.500,7320.897461,202.7218,1.257013529539e-01,285.5983,5.6477,21.0775,0.0000
18391.894,7289.905273,202.7825,1.251317262650e-01,285.6411,5.6405,21.0507,0.0000
18417.324,7259.009766,202.8438,1.245637908578e-01,285.6842,5.6334,21.0240,0.0000
18442.788,7228.211914,202.9055,1.239975914359e-01,285.7276,5.6262,20.9972,0.0000
18468.288,7197.512207,202.9677,1.234331130981e-01,285.7714,5.6190,20.9705,0.0000
18493.823,7166.911621,203.0303,1.228704079986e-01,285.8155,5.6118,20.9437,0.0000
18519.394,7136.405273,203.0934,1.223094016314e-01,285.8598,5.6047,20.9169,0.0000
18544.999,7106.000977,203.1570,1.217501610518e-01,285.9046,5.5975,20.8902,0.0000
18570.640,7075.689941,203.2210,1.211926415563e-01,285.9496,5.5903,20.8634,0.0000
18596.317,7045.480957,203.2855,1.206369474530e-01,285.9949,5.5832,20.8366,0.0000
18622.029,7015.366211,203.3504,1.200829967856e-01,286.0405,5.5760,20.8099,0.0000
18647.777,6985.348633,203.4157,1.195307597518e-01,286.0865,5.5688,20.7831,0.0000
18673.560,6955.432617,203.4815,1.189803928137e-01,286.1327,5.5616,20.7563,0.0000
18699.379,6925.606445,203.5476,1.184316575527e-01,286.1792,5.5545,20.7295,0.0000
18725.234,6895.880371,203.6142,1.178847923875e-01,286.2260,5.5473,20.7028,0.0000
18751.124,6866.251953,203.6812,1.173396781087e-01,286.2730,5.5401,20.6760,0.0000
18777.050,6836.718750,203.7486,1.167963370681e-01,286.3203,5.5329,20.6492,0.0000
18803.012,6807.280762,203.8163,1.162547767162e-01,286.3679,5.5258,20.6224,0.0000
18829.010,6777.941895,203.8844,1.157150492072e-01,286.4158,5.5186,20.5956,0.0000
18855.044,6748.695801,203.9530,1.151770353317e-01,286.4639,5.5114,20.5688,0.0000
18881.113,6719.547363,204.0218,1.146408692002e-01,286.5122,5.5042,20.5420,0.0000
18907.219,6690.496094,204.0910,1.141065210104e-01,286.5608,5.4970,20.5152,0.0000
18933.361,6661.539551,204.1606,1.135739460588e-01,286.6096,5.4899,20.4884,0.0000
18959.539,6632.681152,204.2305,1.130432263017e-01,286.6587,5.4827,20.4616,0.0000
18985.754,6603.915527,204.3008,1.125142425299e-01,286.7079,5.4755,20.4348,0.0000
19012.004,6575.242676,204.3714,1.119870617986e-01,286.7574,5.4683,20.4080,0.0000
19038.291,6546.670898,204.4423,1.114617586136e-01,286.8071,5.4611,20.3812,0.0000
19064.614,6518.190430,204.5135,1.109382286668e-01,286.8570,5.4540,20.3544,0.0000
19090.974,6489.806152,204.5849,1.104165315628e-01,286.9071,5.4468,20.3276,0.0000
19117.370,6461.516113,204.6567,1.098966524005e-01,286.9574,5.4396,20.3008,0.0000
19143.802,6433.320801,204.7288,1.093785762787e-01,287.0080,5.4324,20.2740,0.0000
19170.271,6405.219238,204.8011,1.088623479009e-01,287.0587,5.4252,20.2472,0.0000
19196.777,6377.212402,204.8738,1.083479374647e-01,287.1095,5.4180,20.2204,0.0000
19223.319,6349.299316,204.9466,1.078353375196e-01,287.1605,5.4108,20.1935,0.0000
19249.898,6321.480469,205.0197,1.073245927691e-01,287.2117,5.4037,20.1667,0.0000
19276.514,6293.756836,205.0931,1.068156957626e-01,287.2630,5.3965,20.1399,0.0000
19303.167,6266.125977,205.1666,1.063086241484e-01,287.3145,5.3893,20.1131,0.0000
19329.856,6238.586914,205.2404,1.058033555746e-01,287.3661,5.3821,20.0863,0.0000
19356.582,6211.144043,205.3144,1.052999719977e-01,287.4179,5.3749,20.0594,0.0000
19383.346,6183.792480,205.3886,1.047983989120e-01,287.4698,5.3677,20.0326,0.0000
19410.146,6156.533203,205.4630,1.042986512184e-01,287.5219,5.3605,20.0058,0.0000
19436.983,6129.367676,205.5376,1.038007736206e-01,287.5740,5.3533,19.9790,0.0000
19463.858,6102.294922,205.6123,1.033047214150e-01,287.6263,5.3462,19.9521,0.0000
19490.769,6075.313965,205.6872,1.028105393052e-01,287.6786,5.3390,19.9253,0.0000
19517.718,6048.426270,205.7622,1.023182049394e-01,287.7310,5.3318,19.8985,0.0000
19544.704,6021.628418,205.8374,1.018276512623e-01,287.7836,5.3246,19.8716,0.0000
19571.728,5994.925781,205.9127,1.013390198350e-01,287.8362,5.3174,19.8448,0.0000
19598.788,5968.312012,205.9882,1.008521988988e-01,287.8889,5.3102,19.8180,0.0000
19625.887,5941.791016,206.0637,1.003672406077e-01,287.9417,5.3030,19.7911,0.0000
19653.022,5915.359375,206.1393,9.988410770893e-02,287.9945,5.2958,19.7643,0.0000
19680.195,5889.021484,206.2150,9.940284490585e-02,288.0473,5.2886,19.7375,0.0000
19707.406,5862.775879,206.2908,9.892348200083e-02,288.1003,5.2815,19.7106,0.0000
19734.654,5836.617676,206.3667,9.844590723515e-02,288.1532,5.2743,19.6838,0.0000
19761.940,5810.549805,206.4426,9.797021746635e-02,288.2061,5.2671,19.6570,0.0000
19789.264,5784.574707,206.5186,9.749637544155e-02,288.2592,5.2599,19.6301,0.0000
19816.626,5758.687988,206.5945,9.702438116074e-02,288.3121,5.2527,19.6033,0.0000
19844.025,5732.892090,206.6705,9.655424952507e-02,288.3651,5.2455,19.5765,0.0000
19871.462,5707.186523,206.7465,9.608595073223e-02,288.4182,5.2383,19.5496,0.0000
19898.937,5681.569824,206.8225,9.561954438686e-02,288.4711,5.2311,19.5228,0.0000
19926.450,5656.043945,206.8985,9.515498578548e-02,288.5240,5.2239,19.4959,0.0000
19954.002,5630.604492,206.9744,9.469225257635e-02,288.5770,5.2167,19.4691,0.0000
19981.591,5605.255371,207.0503,9.423138946295e-02,288.6298,5.2095,19.4423,0.0000
20009.218,5579.997070,207.1262,9.377242624760e-02,288.6826,5.2023,19.4154,0.0000
20036.884,5554.822754,207.2020,9.331521391869e-02,288.7354,5.1952,19.3886,0.0000
20064.588,5529.739746,207.2777,9.285991638899e-02,288.7882,5.1880,19.3618,0.0000
20092.330,5504.743652,207.3533,9.240641444921e-02,288.8409,5.1808,19.3349,0.0000
20120.111,5479.838379,207.4289,9.195481985807e-02,288.8935,5.1736,19.3081,0.0000
20147.930,5455.016113,207.5044,9.150499105453e-02,288.9460,5.1664,19.2812,0.0000
20175.787,5430.286621,207.5799,9.105703979731e-02,288.9986,5.1592,19.2544,0.0000
20203.683,5405.642578,207.6553,9.061089158058e-02,289.0510,5.1520,19.2276,0.0000
20231.617,5381.083984,207.7306,9.016652405262e-02,289.1034,5.1448,19.2007,0.0000
20259.591,5356.613770,207.8059,8.972397446632e-02,289.1557,5.1376,19.1739,0.0000
20287.602,5332.229492,207.8811,8.928322046995e-02,289.2080,5.1304,19.1471,0.0000
20315.653,5307.931152,207.9562,8.884426951408e-02,289.2603,5.1232,19.1202,0.0000
20343.742,5283.719727,208.0313,8.840708434582e-02,289.3124,5.1161,19.0934,0.0000
20371.870,5259.594727,208.1063,8.797170966864e-02,289.3646,5.1089,19.0666,0.0000
20400.037,5235.555664,208.1813,8.753811568022e-02,289.4167,5.1017,19.0397,0.0000
20428.243,5211.601074,208.2562,8.710624277592e-02,289.4687,5.0945,19.0129,0.0000
20456.488,5187.735352,208.3310,8.667621761560e-02,289.5207,5.0873,18.9861,0.0000
20484.772,5163.951172,208.4058,8.624787628651e-02,289.5726,5.0801,18.9592,0.0000
20513.096,5140.253906,208.4805,8.582133054733e-02,289.6245,5.0729,18.9324,0.0000
20541.458,5116.639648,208.5551,8.539649099112e-02,289.6763,5.0657,18.9056,0.0000
20569.859,5093.111328,208.6297,8.497345447540e-02,289.7280,5.0585,18.8787,0.0000
20598.300,5069.666992,208.7042,8.455208688974e-02,289.7797,5.0514,18.8519,0.0000
20626.780,5046.309082,208.7786,8.413252979517e-02,289.8314,5.0442,18.8251,0.0000
20655.300,5023.032715,208.8530,8.371463418007e-02,289.8830,5.0370,18.7983,0.0000
20683.859,4999.841309,208.9273,8.329848200083e-02,289.9345,5.0298,18.7714,0.0000
20712.457,4976.734863,209.0016,8.288405835629e-02,289.9860,5.0226,18.7446,0.0000
20741.095,4953.708984,209.0757,8.247131854296e-02,290.0374,5.0154,18.7178,0.0000
20769.773,4930.766113,209.1499,8.206026256084e-02,290.0887,5.0082,18.6910,0.0000
20798.490,4907.909180,209.2239,8.165094256401e-02,290.1401,5.0010,18.6642,0.0000
20827.247,4885.133301,209.2980,8.124329149723e-02,290.1914,4.9939,18.6373,0.0000
20856.043,4862.441895,209.3719,8.083735406399e-02,290.2426,4.9867,18.6105,0.0000
20884.880,4839.831543,209.4457,8.043309301138e-02,290.2938,4.9795,18.5837,0.0000
20913.756,4817.304199,209.5196,8.003050833941e-02,290.3449,4.9723,18.5569,0.0000
20942.673,4794.855469,209.5933,7.962954044342e-02,290.3960,4.9651,18.5301,0.0000
20971.629,4772.491211,209.6670,7.923026382923e-02,290.4470,4.9579,18.5033,0.0000
21000.625,4750.208496,209.7407,7.883264869452e-02,290.4980,4.9508,18.4765,0.0000
21029.662,4728.006836,209.8142,7.843669503927e-02,290.5489,4.9436,18.4497,0.0000
21058.738,4705.886719,209.8877,7.804237306118e-02,290.5998,4.9364,18.4229,0.0000
21087.855,4683.847656,209.9612,7.764970511198e-02,290.6505,4.9292,18.3961,0.0000
21117.012,4661.888672,210.0345,7.725867629051e-02,290.7013,4.9220,18.3693,0.0000
21146.209,4640.011719,210.1078,7.686929404736e-02,290.7520,4.9148,18.3425,0.0000
21175.447,4618.213867,210.1811,7.648149132729e-02,290.8027,4.9077,18.3157,0.0000
21204.725,4596.497070,210.2543,7.609535008669e-02,290.8533,4.9005,18.2889,0.0000
21234.044,4574.860840,210.3275,7.571081817150e-02,290.9038,4.8933,18.2621,0.0000
21263.403,4553.303711,210.4005,7.532789558172e-02,290.9544,4.8861,18.2353,0.0000
21292.802,4531.823242,210.4736,7.494653016329e-02,291.0048,4.8790,18.2085,0.0000
21322.243,4510.427734,210.5465,7.456683367491e-02,291.0552,4.8718,18.1817,0.0000
21351.724,4489.108887,210.6194,7.418869435787e-02,291.1056,4.8646,18.1549,0.0000
21381.246,4467.868652,210.6923,7.381214946508e-02,291.1559,4.8574,18.1282,0.0000
21410.808,4446.708008,210.7651,7.343718409538e-02,291.2062,4.8503,18.1014,0.0000
21440.412,4425.625000,210.8378,7.306378334761e-02,291.2563,4.8431,18.0746,0.0000
21470.056,4404.623535,210.9104,7.269202172756e-02,291.3065,4.8359,18.0478,0.0000
21499.742,4383.696289,210.9831,7.232175022364e-02,291.3566,4.8287,18.0211,0.0000
21529.468,4362.848145,211.0556,7.195306569338e-02,291.4067,4.8216,17.9943,0.0000
21559.236,4342.078125,211.1281,7.158591598272e-02,291.4567,4.8144,17.9676,0.0000
21589.045,4321.386230,211.2006,7.122035324574e-02,291.5067,4.8072,17.9408,0.0000
21618.895,4300.770996,211.2729,7.085631042719e-02,291.5566,4.8001,17.9140,0.0000
21648.786,4280.231934,211.3453,7.049380242825e-02,291.6064,4.7929,17.8873,0.0000
21678.718,4259.773438,211.4176,7.013284415007e-02,291.6563,4.7857,17.8605,0.0000
21708.692,4239.389160,211.4898,6.977342069149e-02,291.7061,4.7785,17.8338,0.0000
21738.708,4219.080566,211.5620,6.941549479961e-02,291.7558,4.7714,17.8070,0.0000
21768.765,4198.852539,211.6340,6.905914843082e-02,291.8055,4.7642,17.7803,0.0000
21798.863,4178.698242,211.7061,6.870426237583e-02,291.8551,4.7571,17.7536,0.0000
21829.003,4158.619629,211.7781,6.835090368986e-02,291.9047,4.7499,17.7268,0.0000
21859.185,4138.617188,211.8501,6.799903512001e-02,291.9543,4.7427,17.7001,0.0000
21889.408,4118.689453,211.9220,6.764864921570e-02,292.0038,4.7356,17.6734,0.0000
21919.674,4098.839355,211.9938,6.729981303215e-02,292.0532,4.7284,17.6466,0.0000
21949.981,4079.064697,212.0656,6.695243716240e-02,292.1027,4.7212,17.6199,0.0000
21980.330,4059.362793,212.1373,6.660653650761e-02,292.1520,4.7141,17.5932,0.0000
22010.721,4039.737793,212.2090,6.626213341951e-02,292.2014,4.7069,17.5665,0.0000
22041.154,4020.187256,212.2806,6.591919809580e-02,292.2506,4.6998,17.5398,0.0000
22071.629,4000.710449,212.3522,6.557773053646e-02,292.2999,4.6926,17.5131,0.0000
22102.146,3981.305664,212.4238,6.523769348860e-02,292.3491,4.6855,17.4864,0.0000
22132.705,3961.979736,212.4953,6.489916145802e-02,292.3983,4.6783,17.4597,0.0000
22163.307,3942.725098,212.5667,6.456205993891e-02,292.4474,4.6712,17.4330,0.0000
22193.951,3923.544922,212.6381,6.422641873360e-02,292.4965,4.6640,17.4063,0.0000
22224.637,3904.437500,212.7094,6.389220058918e-02,292.5455,4.6569,17.3796,0.0000
22255.366,3885.405518,212.7807,6.355945765972e-02,292.5945,4.6497,17.3529,0.0000
22286.137,3866.444824,212.8520,6.322811543941e-02,292.6434,4.6426,17.3262,0.0000
22316.951,3847.557617,212.9232,6.289820373058e-02,292.6924,4.6354,17.2996,0.0000
22347.808,3828.743408,212.9944,6.256972998381e-02,292.7412,4.6283,17.2729,0.0000
22378.707,3810.001709,213.0654,6.224267557263e-02,292.7900,4.6211,17.2462,0.0000
22409.648,3791.332520,213.1365,6.191702559590e-02,292.8388,4.6140,17.2196,0.0000
22440.633,3772.735596,213.2076,6.159278377891e-02,292.8876,4.6068,17.1929,0.0000
22471.660,3754.209229,213.2785,6.126993894577e-02,292.9363,4.5997,17.1663,0.0000
22502.731,3735.754639,213.3495,6.094847619534e-02,292.9850,4.5925,17.1396,0.0000
22533.844,3717.374756,213.4204,6.062845885754e-02,293.0337,4.5854,17.1130,0.0000
22565.000,3699.064941,213.4912,6.030980125070e-02,293.0823,4.5783,17.0863,0.0000
22596.200,3680.824707,213.5620,5.999252945185e-02,293.1308,4.5711,17.0597,0.0000
22627.442,3662.657959,213.6328,5.967666581273e-02,293.1794,4.5640,17.0331,0.0000
22658.728,3644.560791,213.7036,5.936213210225e-02,293.2279,4.5569,17.0065,0.0000
22690.057,3626.534912,213.7743,5.904899165034e-02,293.2763,4.5497,16.9798,0.0000
22721.429,3608.577881,213.8449,5.873719230294e-02,293.3248,4.5426,16.9532,0.0000
22752.845,3590.694824,213.9155,5.842682346702e-02,293.3732,4.5355,16.9266,0.0000
22784.304,3572.878906,213.9861,5.811774358153e-02,293.4216,4.5283,16.9000,0.0000
22815.806,3555.133057,214.0567,5.781001225114e-02,293.4699,4.5212,16.8734,0.0000
22847.353,3537.458252,214.1272,5.750365555286e-02,293.5182,4.5141,16.8468,0.0000
22878.942,3519.851318,214.1977,5.719861388206e-02,293.5665,4.5070,16.8202,0.0000
22910.576,3502.314941,214.2682,5.689493939281e-02,293.6147,4.4998,16.7936,0.0000
22942.253,3484.848877,214.3386,5.659260600805e-02,293.6629,4.4927,16.7671,0.0000
22973.974,3467.448730,214.4090,5.629155039787e-02,293.7111,4.4856,16.7405,0.0000
23005.739,3450.119629,214.4793,5.599185079336e-02,293.7593,4.4785,16.7139,0.0000
23037.547,3432.859375,214.5497,5.569346621633e-02,293.8074,4.4714,16.6874,0.0000
23069.400,3415.667236,214.6200,5.539640039206e-02,293.8555,4.4643,16.6608,0.0000
23101.297,3398.543213,214.6902,5.510062724352e-02,293.9036,4.4571,16.6343,0.0000
23133.238,3381.486816,214.7605,5.480615794659e-02,293.9516,4.4500,16.6077,0.0000
23165.223,3364.500732,214.8307,5.451303347945e-02,293.9996,4.4429,16.5812,0.0000
23197.252,3347.579102,214.9009,5.422114953399e-02,294.0476,4.4358,16.5546,0.0000
23229.326,3330.725342,214.9711,5.393055081367e-02,294.0956,4.4287,16.5281,0.0000
23261.444,3313.941650,215.0412,5.364128947258e-02,294.1436,4.4216,16.5016,0.0000
23293.606,3297.222656,215.1113,5.335326492786e-02,294.1915,4.4145,16.4751,0.0000
23325.813,3280.570557,215.1815,5.306652560830e-02,294.2394,4.4074,16.4486,0.0000
23358.064,3263.986084,215.2515,5.278106778860e-02,294.2873,4.4003,16.4221,0.0000
23390.360,3247.468262,215.3216,5.249687284231e-02,294.3351,4.3932,16.3956,0.0000
23422.700,3231.016357,215.3916,5.221392586827e-02,294.3830,4.3861,16.3691,0.0000
23455.086,3214.631592,215.4617,5.193226784468e-02,294.4308,4.3790,16.3426,0.0000
23487.516,3198.312012,215.5317,5.165184289217e-02,294.4786,4.3719,16.3161,0.0000
23519.991,3182.058838,215.6017,5.137267708778e-02,294.5264,4.3648,16.2896,0.0000
23552.510,3165.871582,215.6716,5.109476298094e-02,294.5741,4.3577,16.2632,0.0000
23585.075,3149.749268,215.7416,5.081807076931e-02,294.6219,4.3506,16.2367,0.0000
23617.685,3133.692627,215.8115,5.054262280464e-02,294.6696,4.3435,16.2103,0.0000
23650.340,3117.701416,215.8815,5.026841908693e-02,294.7173,4.3364,16.1838,0.0000
23683.040,3101.773926,215.9514,4.999540746212e-02,294.7650,4.3294,16.1574,0.0000
23715.785,3085.913818,216.0213,4.972367733717e-02,294.8127,4.3223,16.1310,0.0000
23748.575,3070.115723,216.0913,4.945310950279e-02,294.8604,4.3152,16.1045,0.0000
23781.411,3054.382324,216.1612,4.918376728892e-02,294.9080,4.3081,16.0781,0.0000
23814.293,3038.713623,216.2311,4.891563951969e-02,294.9556,4.3010,16.0517,0.0000
23847.219,3023.110596,216.3009,4.864874482155e-02,295.0033,4.2940,16.0253,0.0000
23880.191,3007.569336,216.3708,4.838301986456e-02,295.0509,4.2869,15.9989,0.0000
23913.209,2992.093018,216.4407,4.811850935221e-02,295.0985,4.2798,15.9725,0.0000
23946.273,2976.679199,216.5106,4.785517975688e-02,295.1461,4.2727,15.9461,0.0000
23979.382,2961.330078,216.5805,4.759304970503e-02,295.1937,4.2657,15.9197,0.0000
24012.537,2946.042236,216.6504,4.733208194375e-02,295.2413,4.2586,15.8934,0.0000
24045.738,2930.817871,216.7203,4.707228764892e-02,295.2889,4.2516,15.8670,0.0000
24078.984,2915.657959,216.7902,4.681370034814e-02,295.3365,4.2445,15.8407,0.0000
24112.277,2900.560791,216.8601,4.655629396439e-02,295.3841,4.2374,15.8143,0.0000
24145.616,2885.523926,216.9300,4.630002006888e-02,295.4316,4.2304,15.7880,0.0000
24179.000,2870.549561,216.9999,4.604489728808e-02,295.4792,4.2233,15.7616,0.0000
24212.431,2855.639404,217.0699,4.579098522663e-02,295.5268,4.2163,15.7353,0.0000
24245.909,2840.790039,217.1398,4.553818330169e-02,295.5743,4.2092,15.7090,0.0000
24279.432,2826.001465,217.2098,4.528653621674e-02,295.6219,4.2022,15.6827,0.0000
24313.002,2811.275391,217.2797,4.503604769707e-02,295.6695,4.1951,15.6564,0.0000
24346.618,2796.610352,217.3497,4.478668794036e-02,295.7171,4.1881,15.6301,0.0000
24380.281,2782.006592,217.4197,4.453847184777e-02,295.7646,4.1810,15.6038,0.0000
24413.990,2767.464844,217.4897,4.429140686989e-02,295.8122,4.1740,15.5775,0.0000
24447.746,2752.982910,217.5598,4.404544457793e-02,295.8599,4.1669,15.5513,0.0000
24481.548,2738.562012,217.6298,4.380062595010e-02,295.9074,4.1599,15.5250,0.0000
24515.398,2724.201660,217.6999,4.355691000819e-02,295.9550,4.1529,15.4987,0.0000
24549.294,2709.901855,217.7700,4.331432655454e-02,296.0027,4.1458,15.4725,0.0000
24583.237,2695.661865,217.8401,4.307284951210e-02,296.0503,4.1388,15.4463,0.0000
24617.227,2681.481445,217.9103,4.283246397972e-02,296.0979,4.1318,15.4200,0.0000
24651.263,2667.361328,217.9805,4.259320348501e-02,296.1455,4.1248,15.3938,0.0000
24685.347,2653.301758,218.0507,4.235504940152e-02,296.1932,4.1177,15.3676,0.0000
24719.478,2639.301270,218.1210,4.211799055338e-02,296.2409,4.1107,15.3414,0.0000
24753.657,2625.359375,218.1913,4.188200831413e-02,296.2885,4.1037,15.3152,0.0000
24787.882,2611.475830,218.2616,4.164710640907e-02,296.3363,4.0967,15.2890,0.0000
24822.155,2597.653076,218.3319,4.141331464052e-02,296.3840,4.0897,15.2628,0.0000
24856.475,2583.888184,218.4023,4.118059203029e-02,296.4318,4.0827,15.2367,0.0000
24890.843,2570.182373,218.4728,4.094894602895e-02,296.4795,4.0756,15.2105,0.0000
24925.258,2556.534424,218.5432,4.071836546063e-02,296.5273,4.0686,15.1844,0.0000
24959.721,2542.944336,218.6137,4.048885777593e-02,296.5751,4.0616,15.1582,0.0000
24994.231,2529.413574,218.6843,4.026041924953e-02,296.6229,4.0546,15.1321,0.0000
25028.789,2515.940674,218.7549,4.003304615617e-02,296.6708,4.0476,15.1060,0.0000
25063.395,2502.524658,218.8256,3.980671241879e-02,296.7186,4.0406,15.0798,0.0000
25098.049,2489.166748,218.8963,3.958144411445e-02,296.7665,4.0336,15.0537,0.0000
25132.751,2475.865234,218.9671,3.935720026493e-02,296.8145,4.0266,15.0276,0.0000
25167.500,2462.622314,219.0379,3.913403674960e-02,296.8624,4.0197,15.0016,0.0000
25202.298,2449.436035,219.1088,3.891190513968e-02,296.9104,4.0127,14.9755,0.0000
25237.144,2436.306396,219.1797,3.869079425931e-02,296.9584,4.0057,14.9494,0.0000
25272.038,2423.233887,219.2507,3.847073018551e-02,297.0065,3.9987,14.9234,0.0000
25306.980,2410.217773,219.3218,3.825169056654e-02,297.0546,3.9917,14.8973,0.0000
25341.971,2397.258301,219.3929,3.803367540240e-02,297.1028,3.9847,14.8713,0.0000
25377.010,2384.354492,219.4641,3.781666979194e-02,297.1509,3.9778,14.8452,0.0000
25412.097,2371.506836,219.5354,3.760069608688e-02,297.1991,3.9708,14.8192,0.0000
25447.233,2358.715332,219.6068,3.738573193550e-02,297.2474,3.9638,14.7932,0.0000
25482.417,2345.979736,219.6781,3.717178851366e-02,297.2956,3.9569,14.7672,0.0000
25517.650,2333.299316,219.7496,3.695884719491e-02,297.3439,3.9499,14.7412,0.0000
25552.932,2320.674072,219.8212,3.674690052867e-02,297.3923,3.9429,14.7152,0.0000
25588.263,2308.105225,219.8928,3.653596714139e-02,297.4408,3.9360,14.6893,0.0000
25623.642,2295.590820,219.9646,3.632602095604e-02,297.4892,3.9290,14.6633,0.0000
25659.071,2283.131104,220.0363,3.611706942320e-02,297.5378,3.9221,14.6373,0.0000
25694.548,2270.725830,220.1082,3.590909764171e-02,297.5863,3.9151,14.6114,0.0000
25730.075,2258.375244,220.1802,3.570210933685e-02,297.6349,3.9082,14.5855,0.0000
25765.650,2246.078857,220.2523,3.549609705806e-02,297.6836,3.9012,14.5595,0.0000
25801.275,2233.837158,220.3245,3.529107943177e-02,297.7323,3.8943,14.5336,0.0000
25836.949,2221.649170,220.3968,3.508701547980e-02,297.7811,3.8873,14.5077,0.0000
25872.672,2209.516113,220.4691,3.488393500447e-02,297.8299,3.8804,14.4818,0.0000
25908.445,2197.435059,220.5416,3.468180447817e-02,297.8788,3.8735,14.4560,0.0000
25944.267,2185.408447,220.6141,3.448064997792e-02,297.9278,3.8665,14.4301,0.0000
25980.139,2173.435547,220.6868,3.428044542670e-02,297.9768,3.8596,14.4042,0.0000
26016.060,2161.515137,220.7596,3.408118709922e-02,298.0259,3.8527,14.3784,0.0000
26052.031,2149.647949,220.8324,3.388290107250e-02,298.0750,3.8458,14.3525,0.0000
26088.052,2137.834717,220.9055,3.368555754423e-02,298.1243,3.8388,14.3267,0.0000
26124.122,2126.073242,220.9785,3.348915651441e-02,298.1736,3.8319,14.3009,0.0000
26160.242,2114.364258,221.0518,3.329368680716e-02,298.2229,3.8250,14.2751,0.0000
26196.413,2102.707764,221.1251,3.309915587306e-02,298.2724,3.8181,14.2493,0.0000
26232.633,2091.103760,221.1986,3.290555998683e-02,298.3219,3.8112,14.2235,0.0000
26268.903,2079.552490,221.2722,3.271290287375e-02,298.3715,3.8043,14.1978,0.0000
26305.224,2068.052002,221.3459,3.252116218209e-02,298.4211,3.7974,14.1720,0.0000
26341.595,2056.603760,221.4198,3.233033791184e-02,298.4709,3.7905,14.1462,0.0000
26378.016,2045.207275,221.4938,3.214044868946e-02,298.5207,3.7836,14.1205,0.0000
26414.487,2033.861694,221.5679,3.195146098733e-02,298.5706,3.7767,14.0948,0.0000
26451.009,2022.567261,221.6422,3.176338225603e-02,298.6206,3.7698,14.0691,0.0000
26487.581,2011.324829,221.7165,3.157622367144e-02,298.6706,3.7629,14.0434,0.0000
26524.204,2000.133179,221.7911,3.138996288180e-02,298.7208,3.7560,14.0177,0.0000
26560.878,1988.991699,221.8658,3.120461292565e-02,298.7710,3.7491,13.9920,0.0000
26597.602,1977.901489,221.9406,3.102015517652e-02,298.8214,3.7423,13.9663,0.0000
26634.377,1966.861816,222.0156,3.083659335971e-02,298.8718,3.7354,13.9407,0.0000
26671.203,1955.871582,222.0908,3.065391443670e-02,298.9224,3.7285,13.9150,0.0000
26708.080,1944.932373,222.1660,3.047213889658e-02,298.9730,3.7217,13.8894,0.0000
26745.008,1934.042847,222.2415,3.029123321176e-02,299.0237,3.7148,13.8638,0.0000
26781.986,1923.203369,222.3172,3.011121228337e-02,299.0746,3.7079,13.8382,0.0000
26819.016,1912.413574,222.3930,2.993207611144e-02,299.1255,3.7011,13.8126,0.0000
26856.097,1901.672729,222.4689,2.975380606949e-02,299.1765,3.6942,13.7870,0.0000
26893.230,1890.981812,222.5451,2.957640215755e-02,299.2277,3.6874,13.7614,0.0000
26930.414,1880.339844,222.6214,2.939987368882e-02,299.2790,3.6805,13.7358,0.0000
26967.649,1869.746948,222.6979,2.922421135008e-02,299.3303,3.6737,13.7103,0.0000
27004.935,1859.202637,222.7746,2.904940024018e-02,299.3818,3.6668,13.6848,0.0000
27042.274,1848.707642,222.8515,2.887545339763e-02,299.4334,3.6600,13.6592,0.0000
27079.664,1838.261475,222.9285,2.870236709714e-02,299.4851,3.6531,13.6337,0.0000
27117.105,1827.863159,223.0058,2.853013016284e-02,299.5370,3.6463,13.6082,0.0000
27154.598,1817.513306,223.0832,2.835872955620e-02,299.5889,3.6395,13.5827,0.0000
27192.144,1807.211304,223.1609,2.818817459047e-02,299.6410,3.6327,13.5573,0.0000
27229.741,1796.957520,223.2387,2.801847085357e-02,299.6932,3.6258,13.5318,0.0000
27267.390,1786.751465,223.3168,2.784959971905e-02,299.7455,3.6190,13.5063,0.0000
27305.091,1776.593262,223.3951,2.768155932426e-02,299.7981,3.6122,13.4809,0.0000
27342.844,1766.481812,223.4735,2.751434594393e-02,299.8506,3.6054,13.4555,0.0000
27380.649,1756.418701,223.5522,2.734797261655e-02,299.9034,3.5986,13.4301,0.0000
27418.507,1746.402222,223.6311,2.718241512775e-02,299.9563,3.5918,13.4047,0.0000
27456.417,1736.432739,223.7103,2.701768279076e-02,300.0093,3.5850,13.3793,0.0000
27494.380,1726.510254,223.7897,2.685376442969e-02,300.0625,3.5782,13.3539,0.0000
27532.395,1716.634277,223.8693,2.669066004455e-02,300.1158,3.5714,13.3286,0.0000
27570.462,1706.805176,223.9491,2.652837708592e-02,300.1693,3.5646,13.3032,0.0000
27608.582,1697.022461,224.0292,2.636690251529e-02,300.2229,3.5578,13.2779,0.0000
27646.755,1687.285034,224.1095,2.620621584356e-02,300.2766,3.5510,13.2526,0.0000
27684.981,1677.594971,224.1900,2.604635059834e-02,300.3306,3.5442,13.2273,0.0000
27723.259,1667.950317,224.2709,2.588727325201e-02,300.3846,3.5375,13.2020,0.0000
27761.591,1658.351440,224.3519,2.572899684310e-02,300.4388,3.5307,13.1767,0.0000
27799.975,1648.798340,224.4333,2.557151205838e-02,300.4933,3.5239,13.1514,0.0000
27838.412,1639.290649,224.5148,2.541481517255e-02,300.5478,3.5171,13.1262,0.0000
27876.903,1629.828247,224.5967,2.525890804827e-02,300.6025,3.5104,13.1009,0.0000
27915.447,1620.411499,224.6788,2.510378323495e-02,300.6575,3.5036,13.0757,0.0000
27954.044,1611.039307,224.7612,2.494943886995e-02,300.7126,3.4969,13.0505,0.0000
27992.694,1601.712158,224.8439,2.479587309062e-02,300.7678,3.4901,13.0253,0.0000
28031.398,1592.429688,224.9269,2.464308217168e-02,300.8232,3.4834,13.0001,0.0000
28070.156,1583.191895,225.0101,2.449106425047e-02,300.8788,3.4766,12.9750,0.0000
28108.967,1573.998535,225.0936,2.433980815113e-02,300.9347,3.4699,12.9498,0.0000
28147.832,1564.849609,225.1774,2.418932877481e-02,300.9906,3.4632,12.9247,0.0000
28186.750,1555.744385,225.2616,2.403959818184e-02,301.0468,3.4564,12.8995,0.0000
28225.722,1546.683716,225.3460,2.389063686132e-02,301.1031,3.4497,12.8744,0.0000
28264.748,1537.666626,225.4307,2.374243177474e-02,301.1597,3.4430,12.8493,0.0000
28303.829,1528.692627,225.5158,2.359496429563e-02,301.2164,3.4362,12.8242,0.0000
28342.963,1519.762817,225.6011,2.344826050103e-02,301.2733,3.4295,12.7992,0.0000
28382.151,1510.876343,225.6868,2.330229617655e-02,301.3305,3.4228,12.7741,0.0000
28421.393,1502.033325,225.7728,2.315708994865e-02,301.3879,3.4161,12.7491,0.0000
28460.690,1493.233154,225.8592,2.301261201501e-02,301.4455,3.4094,12.7241,0.0000
28500.041,1484.475952,225.9459,2.286887727678e-02,301.5032,3.4027,12.6990,0.0000
28539.446,1475.761475,226.0329,2.272587455809e-02,301.5612,3.3960,12.6741,0.0000
28578.906,1467.089478,226.1203,2.258360013366e-02,301.6194,3.3893,12.6491,0.0000
28618.421,1458.460083,226.2079,2.244206517935e-02,301.6779,3.3826,12.6241,0.0000
28657.990,1449.873291,226.2961,2.230124734342e-02,301.7365,3.3759,12.5992,0.0000
28697.614,1441.329224,226.3844,2.216117084026e-02,301.7954,3.3693,12.5742,0.0000
28737.292,1432.826172,226.4733,2.202179282904e-02,301.8546,3.3626,12.5493,0.0000
28777.026,1424.365479,226.5624,2.188314497471e-02,301.9139,3.3559,12.5244,0.0000
28816.814,1415.946533,226.6519,2.174520678818e-02,301.9735,3.3492,12.4995,0.0000
28856.657,1407.569214,226.7418,2.160798013210e-02,302.0334,3.3426,12.4746,0.0000
28896.556,1399.233521,226.8321,2.147147059441e-02,302.0933,3.3359,12.4498,0.0000
28936.510,1390.939087,226.9228,2.133565954864e-02,302.1537,3.3292,12.4249,0.0000
28976.519,1382.685669,227.0138,2.120055630803e-02,302.2142,3.3226,12.4001,0.0000
29016.583,1374.473877,227.1053,2.106615155935e-02,302.2751,3.3159,12.3753,0.0000
29056.702,1366.302490,227.1972,2.093244530261e-02,302.3361,3.3093,12.3505,0.0000
29096.877,1358.171875,227.2895,2.079943194985e-02,302.3975,3.3027,12.3257,0.0000
29137.108,1350.081909,227.3822,2.066711336374e-02,302.4590,3.2960,12.3009,0.0000
29177.394,1342.032715,227.4753,2.053548395634e-02,302.5209,3.2894,12.2762,0.0000
29217.736,1334.023315,227.5689,2.040453441441e-02,302.5831,3.2828,12.2514,0.0000
29258.134,1326.054688,227.6628,2.027427963912e-02,302.6454,3.2761,12.2267,0.0000
29298.588,1318.125732,227.7572,2.014469727874e-02,302.7081,3.2695,12.2020,0.0000
29339.097,1310.237061,227.8521,2.001580037177e-02,302.7711,3.2629,12.1773,0.0000
29379.663,1302.388062,227.9474,1.988757401705e-02,302.8344,3.2563,12.1526,0.0000
29420.284,1294.578613,228.0432,1.976002380252e-02,302.8979,3.2497,12.1280,0.0000
29460.962,1286.808594,228.1394,1.963314041495e-02,302.9617,3.2431,12.1033,0.0000
29501.696,1279.078369,228.2361,1.950692571700e-02,303.0258,3.2365,12.0787,0.0000
29542.486,1271.386841,228.3332,1.938137970865e-02,303.0903,3.2299,12.0541,0.0000
29583.333,1263.733887,228.4309,1.925647817552e-02,303.1550,3.2233,12.0295,0.0000
29624.236,1256.120728,228.5290,1.913225464523e-02,303.2201,3.2167,12.0049,0.0000
29665.196,1248.546509,228.6276,1.900868676603e-02,303.2854,3.2101,11.9804,0.0000
29706.213,1241.010010,228.7267,1.888576149940e-02,303.3511,3.2036,11.9558,0.0000
29747.286,1233.512695,228.8263,1.876349188387e-02,303.4170,3.1970,11.9313,0.0000
29788.416,1226.053223,228.9264,1.864187046885e-02,303.4833,3.1904,11.9068,0.0000
29829.602,1218.632324,229.0271,1.852089352906e-02,303.5500,3.1838,11.8823,0.0000
29870.846,1211.249756,229.1282,1.840056665242e-02,303.6169,3.1773,11.8578,0.0000
29912.147,1203.904663,229.2299,1.828087307513e-02,303.6842,3.1707,11.8333,0.0000
29953.505,1196.597900,229.3321,1.816182397306e-02,303.7518,3.1642,11.8089,0.0000
29994.920,1189.328125,229.4349,1.804340071976e-02,303.8198,3.1576,11.7845,0.0000
30036.392,1182.096436,229.5381,1.792561635375e-02,303.8881,3.1511,11.7601,0.0000
30077.922,1174.902100,229.6420,1.780846528709e-02,303.9568,3.1446,11.7357,0.0000
30119.509,1167.744751,229.7464,1.769192889333e-02,304.0258,3.1380,11.7113,0.0000
30161.153,1160.624634,229.8514,1.757602579892e-02,304.0951,3.1315,11.6869,0.0000
30202.855,1153.541504,229.9570,1.746074296534e-02,304.1649,3.1250,11.6626,0.0000
30244.615,1146.495361,230.0631,1.734608411789e-02,304.2350,3.1185,11.6383,0.0000
30286.433,1139.485840,230.1698,1.723203994334e-02,304.3055,3.1120,11.6140,0.0000
30328.308,1132.512939,230.2772,1.711860299110e-02,304.3764,3.1054,11.5897,0.0000
30370.241,1125.576294,230.3851,1.700578443706e-02,304.4476,3.0989,11.5654,0.0000
30412.233,1118.676147,230.4936,1.689357124269e-02,304.5193,3.0924,11.5411,0.0000
30454.282,1111.812012,230.6028,1.678196899593e-02,304.5912,3.0859,11.5169,0.0000
30496.389,1104.983887,230.7126,1.667096652091e-02,304.6637,3.0795,11.4927,0.0000
30538.555,1098.192017,230.8230,1.656056940556e-02,304.7365,3.0730,11.4685,0.0000
30580.779,1091.435791,230.9340,1.645077578723e-02,304.8097,3.0665,11.4443,0.0000
30623.061,1084.714844,231.0458,1.634156517684e-02,304.8833,3.0600,11.4201,0.0000
30665.402,1078.029785,231.1581,1.623295992613e-02,304.9574,3.0535,11.3960,0.0000
30707.802,1071.379883,231.2711,1.612494140863e-02,305.0318,3.0471,11.3718,0.0000
30750.259,1064.765137,231.3848,1.601751521230e-02,305.1067,3.0406,11.3477,0.0000
30792.776,1058.185791,231.4992,1.591067574918e-02,305.1820,3.0342,11.3236,0.0000
30835.352,1051.640991,231.6142,1.580441556871e-02,305.2577,3.0277,11.2995,0.0000
30877.986,1045.131470,231.7299,1.569874212146e-02,305.3339,3.0213,11.2755,0.0000
30920.679,1038.656372,231.8464,1.559364516288e-02,305.4105,3.0148,11.2514,0.0000
30963.431,1032.215820,231.9636,1.548912283033e-02,305.4876,3.0084,11.2274,0.0000
31006.243,1025.809814,232.0814,1.538517884910e-02,305.5651,3.0019,11.2034,0.0000
31049.114,1019.438049,232.2001,1.528180297464e-02,305.6431,2.9955,11.1794,0.0000
31092.043,1013.100647,232.3194,1.517900172621e-02,305.7215,2.9891,11.1554,0.0000
31135.033,1006.797302,232.4395,1.507676392794e-02,305.8005,2.9827,11.1315,0.0000
31178.081,1000.527405,232.5603,1.497509051114e-02,305.8798,2.9763,11.1076,0.0000
31221.189,994.291870,232.6819,1.487398240715e-02,305.9597,2.9699,11.0836,0.0000
31264.357,988.089783,232.8043,1.477343402803e-02,306.0401,2.9634,11.0597,0.0000
31307.585,981.920959,232.9274,1.467344071716e-02,306.1209,2.9570,11.0359,0.0000
31350.872,975.785767,233.0514,1.457400154322e-02,306.2022,2.9507,11.0120,0.0000
31394.219,969.683960,233.1761,1.447512209415e-02,306.2841,2.9443,10.9882,0.0000
31437.626,963.614929,233.3017,1.437678281218e-02,306.3664,2.9379,10.9643,0.0000
31481.093,957.579041,233.4280,1.427899766713e-02,306.4492,2.9315,10.9405,0.0000
31524.620,951.576050,233.5552,1.418175641447e-02,306.5326,2.9251,10.9167,0.0000
31568.208,945.606018,233.6833,1.408506184816e-02,306.6166,2.9188,10.8930,0.0000
31611.855,939.668396,233.8121,1.398890558630e-02,306.7010,2.9124,10.8692,0.0000
31655.563,933.763000,233.9418,1.389328204095e-02,306.7859,2.9060,10.8455,0.0000
31699.332,927.890320,234.0724,1.379820145667e-02,306.8714,2.8997,10.8218,0.0000
31743.161,922.049805,234.2039,1.370365265757e-02,306.9575,2.8933,10.7981,0.0000
31787.050,916.241394,234.3362,1.360963657498e-02,307.0441,2.8870,10.7744,0.0000
31831.000,910.464905,234.4694,1.351615320891e-02,307.1313,2.8807,10.7508,0.0000
31875.011,904.720215,234.6036,1.342318952084e-02,307.2189,2.8743,10.7272,0.0000
31919.083,899.007446,234.7386,1.333075668663e-02,307.3073,2.8680,10.7035,0.0000
31963.216,893.326172,234.8746,1.323884353042e-02,307.3962,2.8617,10.6800,0.0000
32007.409,887.676331,235.0115,1.314745098352e-02,307.4856,2.8554,10.6564,0.0000
32051.664,882.058105,235.1494,1.305658183992e-02,307.5757,2.8491,10.6328,0.0000
32095.980,876.470459,235.2882,1.296621467918e-02,307.6664,2.8428,10.6093,0.0000
32140.358,870.914429,235.4280,1.287637185305e-02,307.7576,2.8365,10.5858,0.0000
32184.796,865.389282,235.5687,1.278704032302e-02,307.8494,2.8302,10.5623,0.0000
32229.296,859.894714,235.7105,1.269820984453e-02,307.9419,2.8239,10.5388,0.0000
32273.858,854.431396,235.8532,1.260989625007e-02,308.0351,2.8176,10.5154,0.0000
32318.481,848.998169,235.9970,1.252207811922e-02,308.1288,2.8113,10.4919,0.0000
32363.166,843.595459,236.1418,1.243476383388e-02,308.2231,2.8050,10.4685,0.0000
32407.913,838.223389,236.2876,1.234795432538e-02,308.3182,2.7988,10.4451,0.0000
32452.722,832.881775,236.4344,1.226164493710e-02,308.4138,2.7925,10.4217,0.0000
32497.592,827.569702,236.5823,1.217582449317e-02,308.5102,2.7862,10.3984,0.0000
32542.525,822.288147,236.7308,1.209053024650e-02,308.6068,2.7800,10.3750,0.0000
32587.520,817.035522,236.8792,1.200577523559e-02,308.7034,2.7737,10.3517,0.0000
32632.577,811.813416,237.0275,1.192157343030e-02,308.7999,2.7675,10.3284,0.0000
32677.696,806.620178,237.1757,1.183790620416e-02,308.8963,2.7613,10.3052,0.0000
32722.877,801.456909,237.3238,1.175479125232e-02,308.9926,2.7550,10.2819,0.0000
32768.121,796.323120,237.4719,1.167221367359e-02,309.0888,2.7488,10.2587,0.0000
32813.428,791.217834,237.6198,1.159016322345e-02,309.1850,2.7426,10.2355,0.0000
32858.797,786.141663,237.7677,1.150864269584e-02,309.2810,2.7364,10.2123,0.0000
32904.229,781.094910,237.9154,1.142766233534e-02,309.3770,2.7302,10.1891,0.0000
32949.724,776.075256,238.0631,1.134717930108e-02,309.4728,2.7240,10.1659,0.0000
32995.282,771.086304,238.2106,1.126725133508e-02,309.5685,2.7178,10.1428,0.0000
33040.903,766.123840,238.3581,1.118780951947e-02,309.6642,2.7116,10.1197,0.0000
33086.587,761.190491,238.5055,1.110889948905e-02,309.7598,2.7054,10.0966,0.0000
33132.334,756.285095,238.6527,1.103049982339e-02,309.8553,2.6992,10.0735,0.0000
33178.144,751.408142,238.7999,1.095261797309e-02,309.9507,2.6930,10.0505,0.0000
33224.017,746.557739,238.9469,1.087521854788e-02,310.0460,2.6869,10.0275,0.0000
33269.954,741.736755,239.0939,1.079835090786e-02,310.1411,2.6807,10.0045,0.0000
33315.955,736.942139,239.2407,1.072196476161e-02,310.2362,2.6745,9.9815,0.0000
33362.019,732.175293,239.3874,1.064608432353e-02,310.3312,2.6684,9.9585,0.0000
33408.147,727.435242,239.5340,1.057068910450e-02,310.4261,2.6622,9.9356,0.0000
33454.338,722.723206,239.6805,1.049579679966e-02,310.5208,2.6561,9.9127,0.0000
33500.594,718.037415,239.8268,1.042138412595e-02,310.6155,2.6500,9.8898,0.0000
33546.913,713.379028,239.9731,1.034746319056e-02,310.7100,2.6438,9.8669,0.0000
33593.297,708.746826,240.1192,1.027401816100e-02,310.8045,2.6377,9.8440,0.0000
33639.744,704.141724,240.2652,1.020105928183e-02,310.8988,2.6316,9.8212,0.0000
33686.256,699.562988,240.4111,1.012857630849e-02,310.9930,2.6255,9.7984,0.0000
33732.832,695.010193,240.5569,1.005656085908e-02,311.0872,2.6194,9.7756,0.0000
33779.473,690.483765,240.7025,9.985022246838e-03,311.1811,2.6133,9.7528,0.0000
33826.178,685.983276,240.8480,9.913946501911e-03,311.2751,2.6072,9.7301,0.0000
33872.947,681.509033,240.9933,9.843344800174e-03,311.3688,2.6011,9.7073,0.0000
33919.781,677.060547,241.1386,9.773203171790e-03,311.4625,2.5950,9.6846,0.0000
33966.680,672.638184,241.2836,9.703529067338e-03,311.5560,2.5889,9.6619,0.0000
34013.644,668.240540,241.4286,9.634300135076e-03,311.6495,2.5828,9.6393,0.0000
34060.673,663.868652,241.5734,9.565532207489e-03,311.7428,2.5768,9.6166,0.0000
34107.767,659.521790,241.7181,9.497212246060e-03,311.8359,2.5707,9.5940,0.0000
34154.926,655.199890,241.8626,9.429338388145e-03,311.9290,2.5647,9.5714,0.0000
34202.150,650.904236,242.0069,9.361928328872e-03,312.0220,2.5586,9.5489,0.0000
34249.439,646.631897,242.1512,9.294940158725e-03,312.1148,2.5526,9.5263,0.0000
34296.794,642.385071,242.2953,9.228403680027e-03,312.2075,2.5465,9.5038,0.0000
34344.214,638.162964,242.4392,9.162306785583e-03,312.3000,2.5405,9.4813,0.0000
34391.700,633.965332,242.5830,9.096646681428e-03,312.3925,2.5345,9.4588,0.0000
34439.252,629.792297,242.7266,9.031422436237e-03,312.4848,2.5285,9.4363,0.0000
34486.869,625.642883,242.8700,8.966618217528e-03,312.5770,2.5224,9.4139,0.0000
34534.552,621.517944,243.0134,8.902247995138e-03,312.6690,2.5164,9.3915,0.0000
34582.301,617.417236,243.1565,8.838306181133e-03,312.7610,2.5104,9.3691,0.0000
34630.116,613.340271,243.2995,8.774785324931e-03,312.8528,2.5044,9.3467,0.0000
34677.997,609.286987,243.4422,8.711683563888e-03,312.9444,2.4985,9.3244,0.0000
34725.944,605.257324,243.5849,8.648999966681e-03,313.0359,2.4925,9.3020,0.0000
34773.958,601.251526,243.7274,8.586734533310e-03,313.1273,2.4865,9.2797,0.0000
34822.038,597.269043,243.8697,8.524878881872e-03,313.2185,2.4805,9.2574,0.0000
34870.185,593.309570,244.0118,8.463433943689e-03,313.3096,2.4746,9.2352,0.0000
34918.398,589.373474,244.1537,8.402397856116e-03,313.4006,2.4686,9.2129,0.0000
34966.677,585.460144,244.2955,8.341765031219e-03,313.4914,2.4626,9.1907,0.0000
35015.024,581.570435,244.4371,8.281543850899e-03,313.5822,2.4567,9.1685,0.0000
35063.437,577.702637,244.5785,8.221708238125e-03,313.6727,2.4508,9.1464,0.0000
35111.917,573.858276,244.7198,8.162284269929e-03,313.7631,2.4448,9.1242,0.0000
35160.465,570.036011,244.8608,8.103247731924e-03,313.8534,2.4389,9.1021,0.0000
35209.079,566.236877,245.0016,8.044615387917e-03,313.9435,2.4330,9.0800,0.0000
35257.761,562.459778,245.1423,7.986366748810e-03,314.0334,2.4271,9.0579,0.0000
35306.510,558.704102,245.2828,7.928496226668e-03,314.1232,2.4212,9.0359,0.0000
35355.326,554.970886,245.4231,7.871016860008e-03,314.2129,2.4153,9.0139,0.0000
35404.210,551.260559,245.5632,7.813935168087e-03,314.3024,2.4094,8.9919,0.0000
35453.161,547.571594,245.7030,7.757226936519e-03,314.3917,2.4035,8.9699,0.0000
35502.180,543.904297,245.8428,7.700893096626e-03,314.4810,2.3976,8.9479,0.0000
35551.267,540.258789,245.9822,7.644942495972e-03,314.5700,2.3917,8.9260,0.0000
35600.422,536.634583,246.1215,7.589359767735e-03,314.6589,2.3858,8.9041,0.0000
35649.645,533.032288,246.2605,7.534158416092e-03,314.7476,2.3800,8.8822,0.0000
35698.935,529.450684,246.3994,7.479316089302e-03,314.8362,2.3741,8.8603,0.0000
35748.294,525.890320,246.5381,7.424842100590e-03,314.9246,2.3683,8.8385,0.0000
35797.722,522.351562,246.6765,7.370739243925e-03,315.0129,2.3624,8.8167,0.0000
35847.217,518.833679,246.8148,7.317001465708e-03,315.1010,2.3566,8.7949,0.0000
35896.781,515.336365,246.9528,7.263618987054e-03,315.1888,2.3507,8.7731,0.0000
35946.413,511.860321,247.0905,7.210599724203e-03,315.2766,2.3449,8.7514,0.0000
35996.115,508.404724,247.2281,7.157935760915e-03,315.3643,2.3391,8.7296,0.0000
36045.884,504.969574,247.3654,7.105623837560e-03,315.4516,2.3333,8.7079,0.0000
36095.723,501.554779,247.5026,7.053663022816e-03,315.5389,2.3275,8.6863,0.0000
36145.631,498.160645,247.6395,7.002057041973e-03,315.6260,2.3217,8.6646,0.0000
36195.607,494.786652,247.7761,6.950797047466e-03,315.7129,2.3159,8.6430,0.0000
36245.653,491.432556,247.9126,6.899878848344e-03,315.7997,2.3101,8.6214,0.0000
36295.768,488.098541,248.0488,6.849304772913e-03,315.8863,2.3043,8.5998,0.0000
36345.952,484.784607,248.1847,6.799075286835e-03,315.9727,2.2985,8.5783,0.0000
36396.205,481.490479,248.3204,6.749184336513e-03,316.0589,2.2928,8.5567,0.0000
36446.528,478.215973,248.4559,6.699629593641e-03,316.1449,2.2870,8.5352,0.0000
36496.921,474.961151,248.5912,6.650411058217e-03,316.2309,2.2813,8.5138,0.0000
36547.383,471.725952,248.7262,6.601526401937e-03,316.3165,2.2755,8.4923,0.0000
36597.915,468.509766,248.8609,6.552967242897e-03,316.4020,2.2698,8.4709,0.0000
36648.517,465.313110,248.9954,6.504741962999e-03,316.4873,2.2640,8.4495,0.0000
36699.189,462.135620,249.1297,6.456841249019e-03,316.5725,2.2583,8.4281,0.0000
36749.931,458.977417,249.2637,6.409267894924e-03,316.6575,2.2526,8.4067,0.0000
36800.743,455.837952,249.3974,6.362014915794e-03,316.7422,2.2469,8.3854,0.0000
36851.625,452.717773,249.5308,6.315089296550e-03,316.8268,2.2412,8.3641,0.0000
36902.578,449.615845,249.6641,6.268470548093e-03,316.9112,2.2354,8.3428,0.0000
36953.601,446.532806,249.7970,6.222174037248e-03,316.9954,2.2298,8.3216,0.0000
37004.695,443.468292,249.9297,6.176190916449e-03,317.0794,2.2241,8.3003,0.0000
37055.859,440.422760,250.0622,6.130527704954e-03,317.1633,2.2184,8.2791,0.0000
37107.094,437.395020,250.1943,6.085166241974e-03,317.2469,2.2127,8.2579,0.0000
37158.400,434.385773,250.3262,6.040117237717e-03,317.3304,2.2070,8.2368,0.0000
37209.777,431.394562,250.4578,5.995372310281e-03,317.4136,2.2014,8.2156,0.0000
37261.225,428.421722,250.5891,5.950936581939e-03,317.4967,2.1957,8.1945,0.0000
37312.744,425.467163,250.7202,5.906806793064e-03,317.5795,2.1901,8.1735,0.0000
37364.334,422.530365,250.8509,5.862977821380e-03,317.6622,2.1844,8.1524,0.0000
37415.996,419.610901,250.9814,5.819440353662e-03,317.7446,2.1788,8.1314,0.0000
37467.729,416.709564,251.1116,5.776206962764e-03,317.8268,2.1732,8.1104,0.0000
37519.533,413.825897,251.2416,5.733267404139e-03,317.9089,2.1675,8.0894,0.0000
37571.409,410.959259,251.3712,5.690615624189e-03,317.9908,2.1619,8.0684,0.0000
37623.357,408.110443,251.5006,5.648261867464e-03,318.0724,2.1563,8.0475,0.0000
37675.377,405.278961,251.6296,5.606197286397e-03,318.1538,2.1507,8.0266,0.0000
37727.469,402.464569,251.7584,5.564418155700e-03,318.2350,2.1451,8.0057,0.0000
37779.632,399.667694,251.8869,5.522930063307e-03,318.3161,2.1395,7.9849,0.0000
37831.868,396.887665,252.0150,5.481725092977e-03,318.3969,2.1340,7.9640,0.0000
37884.176,394.124786,252.1428,5.440805573016e-03,318.4774,2.1284,7.9432,0.0000
37936.556,391.378601,252.2704,5.400162655860e-03,318.5579,2.1228,7.9225,0.0000
37989.009,388.649261,252.3976,5.359800532460e-03,318.6380,2.1173,7.9017,0.0000
38041.534,385.936523,252.5246,5.319715477526e-03,318.7179,2.1117,7.8810,0.0000
38094.132,383.240631,252.6512,5.279907491058e-03,318.7977,2.1062,7.8603,0.0000
38146.803,380.560822,252.7775,5.240368656814e-03,318.8771,2.1006,7.8396,0.0000
38199.546,377.897888,252.9035,5.201105959713e-03,318.9565,2.0951,7.8190,0.0000
38252.363,375.251312,253.0291,5.162115208805e-03,319.0356,2.0896,7.7983,0.0000
38305.252,372.620758,253.1545,5.123390816152e-03,319.1144,2.0840,7.7777,0.0000
38358.215,370.006378,253.2795,5.084933247417e-03,319.1930,2.0785,7.7572,0.0000
38411.250,367.408325,253.4042,5.046743899584e-03,319.2714,2.0730,7.7366,0.0000
38464.360,364.825867,253.5286,5.008811596781e-03,319.3496,2.0675,7.7161,0.0000
38517.542,362.259613,253.6526,4.971147514880e-03,319.4276,2.0620,7.6956,0.0000
38570.798,359.709442,253.7763,4.933746531606e-03,319.5053,2.0566,7.6752,0.0000
38624.128,357.174774,253.8997,4.896599333733e-03,319.5828,2.0511,7.6547,0.0000
38677.531,354.655334,254.0228,4.859704524279e-03,319.6600,2.0456,7.6343,0.0000
38731.009,352.152069,254.1454,4.823075141758e-03,319.7370,2.0401,7.6139,0.0000
38784.560,349.663910,254.2678,4.786692559719e-03,319.8138,2.0347,7.5936,0.0000
38838.185,347.191254,254.3899,4.750562366098e-03,319.8904,2.0292,7.5732,0.0000
38891.884,344.734070,254.5115,4.714685957879e-03,319.9668,2.0238,7.5529,0.0000
38945.658,342.291992,254.6328,4.679057747126e-03,320.0428,2.0184,7.5326,0.0000
38999.506,339.864899,254.7538,4.643673542887e-03,320.1187,2.0129,7.5124,0.0000
39053.428,337.453339,254.8744,4.608542192727e-03,320.1942,2.0075,7.4922,0.0000
39107.425,335.056244,254.9947,4.573647398502e-03,320.2697,2.0021,7.4720,0.0000
39161.497,332.674347,255.1146,4.538999404758e-03,320.3448,1.9967,7.4518,0.0000
39215.644,330.307281,255.2341,4.504592157900e-03,320.4197,1.9913,7.4316,0.0000
39269.865,327.954895,255.3533,4.470423795283e-03,320.4943,1.9859,7.4115,0.0000
39324.161,325.617218,255.4722,4.436493385583e-03,320.5688,1.9805,7.3914,0.0000
39378.532,323.293945,255.5906,4.402798134834e-03,320.6428,1.9752,7.3714,0.0000
39432.979,320.985199,255.7087,4.369337111712e-03,320.7168,1.9698,7.3513,0.0000
39487.501,318.691315,255.8264,4.336115904152e-03,320.7904,1.9644,7.3313,0.0000
39542.098,316.411194,255.9437,4.303120076656e-03,320.8638,1.9591,7.3113,0.0000
39596.770,314.145538,256.0607,4.270354751498e-03,320.9370,1.9537,7.2914,0.0000
39651.519,311.894104,256.1773,4.237820394337e-03,321.0098,1.9484,7.2714,0.0000
39706.343,309.656799,256.2935,4.205513279885e-03,321.0825,1.9430,7.2515,0.0000
39761.242,307.433685,256.4093,4.173434805125e-03,321.1549,1.9377,7.2316,0.0000
39816.218,305.224121,256.5248,4.141575191170e-03,321.2270,1.9324,7.2118,0.0000
39871.270,303.028870,256.6398,4.109945148230e-03,321.2989,1.9271,7.1920,0.0000
39926.397,300.846893,256.7545,4.078528378159e-03,321.3705,1.9218,7.1722,0.0000
39981.601,298.679138,256.8687,4.047339782119e-03,321.4418,1.9165,7.1524,0.0000
40036.882,296.524780,256.9826,4.016366321594e-03,321.5129,1.9112,7.1327,0.0000
40092.239,294.383942,257.0961,3.985609393567e-03,321.5837,1.9059,7.1130,0.0000
40147.672,292.256897,257.2092,3.955071326345e-03,321.6543,1.9006,7.0933,0.0000
40203.182,290.143005,257.3219,3.924744669348e-03,321.7246,1.8954,7.0736,0.0000
40258.769,288.042511,257.4341,3.894633613527e-03,321.7946,1.8901,7.0540,0.0000
40314.432,285.955444,257.5461,3.864733967930e-03,321.8643,1.8849,7.0344,0.0000
40370.173,283.881409,257.6575,3.835043404251e-03,321.9338,1.8796,7.0148,0.0000
40425.990,281.820496,257.7686,3.805561922491e-03,322.0030,1.8744,6.9952,0.0000
40481.885,279.772797,257.8792,3.776289056987e-03,322.0719,1.8691,6.9757,0.0000
40537.857,277.737885,257.9894,3.747220616788e-03,322.1406,1.8639,6.9562,0.0000
40593.906,275.716034,258.0992,3.718358930200e-03,322.2090,1.8587,6.9368,0.0000
40650.033,273.706970,258.2086,3.689700970426e-03,322.2771,1.8535,6.9173,0.0000
40706.238,271.710785,258.3176,3.661245573312e-03,322.3450,1.8483,6.8979,0.0000
40762.520,269.727051,258.4262,3.632988780737e-03,322.4125,1.8431,6.8785,0.0000
40818.880,267.756042,258.5343,3.604933153838e-03,322.4798,1.8379,6.8592,0.0000
40875.318,265.797821,258.6420,3.577078226954e-03,322.5468,1.8327,6.8398,0.0000
40931.834,263.851746,258.7493,3.549416316673e-03,322.6135,1.8276,6.8205,0.0000
40988.428,261.918152,258.8561,3.521950216964e-03,322.6800,1.8224,6.8013,0.0000
41045.101,259.997040,258.9625,3.494681557640e-03,322.7461,1.8172,6.7820,0.0000
41101.852,258.088165,259.0684,3.467605216429e-03,322.8120,1.8121,6.7628,0.0000
41158.681,256.191559,259.1740,3.440720960498e-03,322.8776,1.8069,6.7436,0.0000
41215.589,254.306992,259.2791,3.414026927203e-03,322.9429,1.8018,6.7244,0.0000
41272.575,252.434433,259.3837,3.387520788237e-03,323.0079,1.7967,6.7053,0.0000
41329.640,250.574142,259.4879,3.361206967384e-03,323.0726,1.7916,6.6862,0.0000
41386.785,248.725677,259.5916,3.335078246891e-03,323.1370,1.7865,6.6671,0.0000
41444.008,246.888931,259.6949,3.309133462608e-03,323.2011,1.7813,6.6481,0.0000
41501.310,245.064041,259.7978,3.283373080194e-03,323.2650,1.7763,6.6291,0.0000
41558.692,243.250961,259.9002,3.257797099650e-03,323.3285,1.7712,6.6101,0.0000
41616.152,241.449493,260.0021,3.232403192669e-03,323.3918,1.7661,6.5911,0.0000
41673.693,239.659637,260.1036,3.207189729437e-03,323.4547,1.7610,6.5722,0.0000
41731.313,237.881607,260.2046,3.182160202414e-03,323.5173,1.7559,6.5533,0.0000
41789.012,236.114700,260.3051,3.157303901389e-03,323.5797,1.7509,6.5344,0.0000
41846.792,234.359238,260.4052,3.132625482976e-03,323.6418,1.7458,6.5155,0.0000
41904.651,232.615173,260.5049,3.108123783022e-03,323.7035,1.7408,6.4967,0.0000
41962.590,230.882477,260.6040,3.083798103034e-03,323.7649,1.7358,6.4779,0.0000
42020.609,229.160843,260.7027,3.059645183384e-03,323.8261,1.7307,6.4592,0.0000
42078.709,227.450653,260.8008,3.035667585209e-03,323.8869,1.7257,6.4404,0.0000
42136.889,225.751297,260.8986,3.011858556420e-03,323.9474,1.7207,6.4217,0.0000
42195.149,224.063049,260.9958,2.988221822307e-03,324.0076,1.7157,6.4030,0.0000
42253.490,222.385742,261.0926,2.964752260596e-03,324.0676,1.7107,6.3844,0.0000
42311.912,220.719360,261.1889,2.941452665254e-03,324.1271,1.7057,6.3658,0.0000
42370.414,219.063736,261.2847,2.918318146840e-03,324.1864,1.7007,6.3472,0.0000
42428.997,217.419189,261.3800,2.895353129134e-03,324.2454,1.6957,6.3286,0.0000
42487.661,215.785156,261.4748,2.872551092878e-03,324.3040,1.6908,6.3101,0.0000
42546.407,214.161713,261.5692,2.849911572412e-03,324.3624,1.6858,6.2916,0.0000
42605.233,212.548904,261.6630,2.827435266227e-03,324.4204,1.6809,6.2731,0.0000
42664.141,210.946762,261.7563,2.805121708661e-03,324.4781,1.6759,6.2546,0.0000
42723.130,209.355057,261.8492,2.782968571410e-03,324.5355,1.6710,6.2362,0.0000
42782.201,207.773712,261.9415,2.760973758996e-03,324.5927,1.6661,6.2178,0.0000
42841.354,206.202698,262.0334,2.739137504250e-03,324.6494,1.6611,6.1995,0.0000
42900.588,204.642120,262.1247,2.717459807172e-03,324.7059,1.6562,6.1811,0.0000
42959.904,203.091614,262.2156,2.695935545489e-03,324.7620,1.6513,6.1628,0.0000
43019.303,201.551407,262.3059,2.674569608644e-03,324.8177,1.6464,6.1445,0.0000
43078.783,200.021347,262.3957,2.653357107192e-03,324.8732,1.6415,6.1263,0.0000
43138.346,198.501328,262.4850,2.632297109812e-03,324.9283,1.6367,6.1081,0.0000
43197.991,196.991409,262.5738,2.611391479149e-03,324.9831,1.6318,6.0899,0.0000
43257.718,195.491211,262.6621,2.590633230284e-03,325.0376,1.6269,6.0717,0.0000
43317.528,194.001129,262.7498,2.570028183982e-03,325.0918,1.6221,6.0536,0.0000
43377.421,192.520691,262.8371,2.549569820985e-03,325.1456,1.6172,6.0355,0.0000
43437.396,191.050095,262.9238,2.529259305447e-03,325.1991,1.6124,6.0174,0.0000
43497.455,189.589355,263.0100,2.509098500013e-03,325.2523,1.6075,5.9994,0.0000
43557.596,188.138184,263.0957,2.489082748070e-03,325.3051,1.6027,5.9814,0.0000
43617.821,186.696701,263.1808,2.469212515280e-03,325.3576,1.5979,5.9634,0.0000
43678.129,185.264755,263.2655,2.449485706165e-03,325.4098,1.5931,5.9454,0.0000
43738.520,183.842285,263.3495,2.429903019220e-03,325.4615,1.5883,5.9275,0.0000
43798.995,182.429337,263.4331,2.410462824628e-03,325.5131,1.5835,5.9096,0.0000
43859.554,181.025742,263.5161,2.391163259745e-03,325.5642,1.5787,5.8917,0.0000
43920.196,179.631439,263.5986,2.372003160417e-03,325.6151,1.5739,5.8739,0.0000
43980.922,178.246506,263.6805,2.352984156460e-03,325.6655,1.5691,5.8561,0.0000
44041.732,176.870773,263.7620,2.334102522582e-03,325.7157,1.5644,5.8383,0.0000
44102.626,175.504211,263.8428,2.315358957276e-03,325.7654,1.5596,5.8206,0.0000
44163.604,174.146805,263.9231,2.296752296388e-03,325.8149,1.5549,5.8028,0.0000
44224.666,172.798462,264.0029,2.278281142935e-03,325.8640,1.5501,5.7852,0.0000
44285.813,171.459198,264.0821,2.259945031255e-03,325.9127,1.5454,5.7675,0.0000
44347.045,170.128754,264.1608,2.241740701720e-03,325.9612,1.5407,5.7499,0.0000
44408.361,168.807419,264.2389,2.223672578111e-03,326.0092,1.5360,5.7323,0.0000
44469.762,167.494781,264.3165,2.205734374002e-03,326.0569,1.5312,5.7147,0.0000
44531.248,166.191086,264.3935,2.187927952036e-03,326.1043,1.5265,5.6972,0.0000
44592.819,164.896057,264.4699,2.170251449570e-03,326.1513,1.5219,5.6796,0.0000
44654.475,163.609848,264.5458,2.152705797926e-03,326.1980,1.5172,5.6622,0.0000
44716.216,162.332230,264.6212,2.135286573321e-03,326.2443,1.5125,5.6447,0.0000
44778.043,161.063309,264.6959,2.117997501045e-03,326.2902,1.5078,5.6273,0.0000
44839.955,159.802917,264.7701,2.100834157318e-03,326.3358,1.5032,5.6099,0.0000
44901.953,158.550995,264.8438,2.083796309307e-03,326.3811,1.4985,5.5925,0.0000
44964.036,157.307556,264.9169,2.066883957013e-03,326.4261,1.4939,5.5752,0.0000
45026.205,156.072372,264.9894,2.050093607977e-03,326.4706,1.4892,5.5579,0.0000
45088.460,154.845856,265.0613,2.033430384472e-03,326.5147,1.4846,5.5406,0.0000
45150.802,153.627441,265.1326,2.016887534410e-03,326.5586,1.4800,5.5234,0.0000
45213.229,152.417343,265.2033,2.000467386097e-03,326.6020,1.4754,5.5062,0.0000
45275.743,151.215485,265.2734,1.984168775380e-03,326.6450,1.4708,5.4890,0.0000
45338.343,150.021790,265.3429,1.967990305275e-03,326.6877,1.4662,5.4718,0.0000
45401.030,148.836258,265.4117,1.951932674274e-03,326.7299,1.4616,5.4547,0.0000
45463.804,147.658737,265.4798,1.935992971994e-03,326.7717,1.4570,5.4376,0.0000
45526.664,146.489304,265.5472,1.920172711834e-03,326.8131,1.4524,5.4205,0.0000
45589.611,145.327774,265.6139,1.904469565488e-03,326.8539,1.4479,5.4035,0.0000
45652.645,144.174301,265.6798,1.888884231448e-03,326.8944,1.4433,5.3865,0.0000
45715.767,143.028534,265.7450,1.873413682915e-03,326.9344,1.4388,5.3695,0.0000
45778.975,141.890717,265.8094,1.858059782535e-03,326.9739,1.4342,5.3526,0.0000
45842.271,140.760757,265.8731,1.842821948230e-03,327.0130,1.4297,5.3357,0.0000
45905.655,139.638428,265.9359,1.827696454711e-03,327.0515,1.4252,5.3188,0.0000
45969.126,138.523819,265.9979,1.812684698962e-03,327.0895,1.4207,5.3019,0.0000
46032.685,137.416885,266.0591,1.797786331736e-03,327.1270,1.4161,5.2851,0.0000
46096.332,136.317535,266.1194,1.782999956049e-03,327.1640,1.4116,5.2683,0.0000
46160.067,135.225815,266.1788,1.768325688317e-03,327.2004,1.4072,5.2516,0.0000
46223.890,134.141556,266.2373,1.753761665896e-03,327.2362,1.4027,5.2348,0.0000
46287.801,133.064774,266.2948,1.739307772368e-03,327.2715,1.3982,5.2181,0.0000
46351.800,131.995392,266.3515,1.724962727167e-03,327.3062,1.3937,5.2015,0.0000
46415.888,130.933289,266.4072,1.710724900477e-03,327.3404,1.3893,5.1848,0.0000
46480.065,129.878677,266.4619,1.696597784758e-03,327.3738,1.3848,5.1682,0.0000
46544.330,128.831314,266.5156,1.682576839812e-03,327.4067,1.3804,5.1516,0.0000
46608.685,127.791107,266.5682,1.668662182055e-03,327.4390,1.3759,5.1351,0.0000
46673.128,126.758209,266.6198,1.654854393564e-03,327.4706,1.3715,5.1186,0.0000
46737.660,125.732422,266.6704,1.641150796786e-03,327.5016,1.3671,5.1021,0.0000
46802.282,124.713799,266.7199,1.627553021535e-03,327.5319,1.3627,5.0856,0.0000
46866.993,123.702187,266.7682,1.614058739506e-03,327.5615,1.3583,5.0692,0.0000
46931.793,122.697594,266.8155,1.600667252205e-03,327.5904,1.3539,5.0528,0.0000
46996.683,121.700012,266.8616,1.587378908880e-03,327.6187,1.3495,5.0364,0.0000
47061.663,120.709297,266.9065,1.574191614054e-03,327.6461,1.3451,5.0201,0.0000
47126.732,119.725571,266.9503,1.561106881127e-03,327.6729,1.3408,5.0038,0.0000
47191.892,118.748657,266.9928,1.548122381791e-03,327.6989,1.3364,4.9875,0.0000
47257.141,117.778496,267.0341,1.535236835480e-03,327.7242,1.3320,4.9713,0.0000
47322.481,116.815231,267.0741,1.522452337667e-03,327.7487,1.3277,4.9550,0.0000
47387.911,115.858604,267.1129,1.509765861556e-03,327.7724,1.3234,4.9389,0.0000
47453.432,114.908699,267.1503,1.497177639976e-03,327.7953,1.3190,4.9227,0.0000
47519.043,113.965347,267.1864,1.484685577452e-03,327.8174,1.3147,4.9066,0.0000
47584.745,113.028625,267.2213,1.472290721722e-03,327.8387,1.3104,4.8905,0.0000
47650.538,112.098511,267.2547,1.459992257878e-03,327.8592,1.3061,4.8744,0.0000
47716.422,111.174889,267.2867,1.447789254598e-03,327.8788,1.3018,4.8584,0.0000
47782.396,110.257698,267.3174,1.435680780560e-03,327.8975,1.2975,4.8424,0.0000
47848.462,109.347023,267.3466,1.423667068593e-03,327.9153,1.2932,4.8264,0.0000
47914.620,108.442719,267.3743,1.411746954545e-03,327.9323,1.2890,4.8105,0.0000
47980.869,107.544701,267.4006,1.399918459356e-03,327.9484,1.2847,4.7946,0.0000
48047.209,106.653023,267.4254,1.388182747178e-03,327.9634,1.2804,4.7787,0.0000
48113.641,105.767700,267.4486,1.376540050842e-03,327.9777,1.2762,4.7629,0.0000
48180.165,104.888504,267.4703,1.364986877888e-03,327.9910,1.2720,4.7470,0.0000
48246.781,104.015572,267.4904,1.353524858132e-03,328.0033,1.2677,4.7313,0.0000
48313.490,103.148750,267.5089,1.342152012512e-03,328.0146,1.2635,4.7155,0.0000
48380.290,102.288033,267.5258,1.330868806690e-03,328.0249,1.2593,4.6998,0.0000
48447.183,101.433464,267.5411,1.319674658589e-03,328.0342,1.2551,4.6841,0.0000
48514.168,100.584854,267.5547,1.308567589149e-03,328.0425,1.2509,4.6684,0.0000
48581.246,99.742287,267.5666,1.297548413277e-03,328.0498,1.2467,4.6528,0.0000
48648.416,98.905678,267.5767,1.286616199650e-03,328.0560,1.2425,4.6372,0.0000
48715.680,98.074974,267.5852,1.275769551285e-03,328.0612,1.2384,4.6216,0.0000
48783.036,97.250168,267.5918,1.265008933842e-03,328.0652,1.2342,4.6061,0.0000
48850.486,96.431183,267.5968,1.254332601093e-03,328.0683,1.2300,4.5906,0.0000
48918.029,95.617989,267.5999,1.243740669452e-03,328.0702,1.2259,4.5751,0.0000
48985.665,94.810638,267.6011,1.233233371750e-03,328.0709,1.2218,4.5597,0.0000
49053.395,94.008942,267.6004,1.222808379680e-03,328.0706,1.2176,4.5442,0.0000
49121.218,93.212997,267.5980,1.212466391735e-03,328.0690,1.2135,4.5289,0.0000
49189.135,92.422676,267.5935,1.202206360176e-03,328.0663,1.2094,4.5135,0.0000
49257.146,91.638039,267.5872,1.192028517835e-03,328.0624,1.2053,4.4982,0.0000
49325.251,90.858910,267.5788,1.181930303574e-03,328.0573,1.2012,4.4829,0.0000
49393.451,90.085365,267.5685,1.171912997961e-03,328.0510,1.1971,4.4676,0.0000
49461.744,89.317383,267.5562,1.161975553259e-03,328.0435,1.1930,4.4524,0.0000
49530.132,88.554787,267.5418,1.152116456069e-03,328.0347,1.1889,4.4372,0.0000
49598.615,87.797668,267.5255,1.142336404882e-03,328.0247,1.1849,4.4220,0.0000
49667.192,87.046013,267.5069,1.132634934038e-03,328.0134,1.1808,4.4069,0.0000
49735.864,86.299667,267.4863,1.123010064475e-03,328.0007,1.1768,4.3918,0.0000
49804.631,85.558640,267.4635,1.113462029025e-03,327.9868,1.1727,4.3767,0.0000
49873.493,84.822968,267.4386,1.103990711272e-03,327.9716,1.1687,4.3617,0.0000
49942.450,84.092529,267.4115,1.094594597816e-03,327.9551,1.1647,4.3467,0.0000
50011.503,83.367363,267.3822,1.085274852812e-03,327.9371,1.1607,4.3317,0.0000
50080.651,82.647324,267.3506,1.076028449461e-03,327.9178,1.1567,4.3167,0.0000
50149.895,81.932526,267.3168,1.066856901161e-03,327.8971,1.1527,4.3018,0.0000
50219.234,81.222809,267.2806,1.057758578099e-03,327.8750,1.1487,4.2869,0.0000
50288.670,80.518188,267.2422,1.048733363859e-03,327.8514,1.1447,4.2721,0.0000
50358.201,79.818657,267.2014,1.039780792780e-03,327.8265,1.1407,4.2572,0.0000
50427.828,79.124153,267.1582,1.030899933539e-03,327.8002,1.1368,4.2424,0.0000
50497.552,78.434616,267.1127,1.022090436891e-03,327.7723,1.1328,4.2277,0.0000
50567.372,77.750092,267.0647,1.013352419250e-03,327.7429,1.1289,4.2129,0.0000
50637.289,77.070435,267.0143,1.004683901556e-03,327.7121,1.1249,4.1982,0.0000
50707.302,76.395699,266.9613,9.960854658857e-04,327.6797,1.1210,4.1836,0.0000
50777.413,75.725891,266.9059,9.875572286546e-04,327.6458,1.1171,4.1689,0.0000
50847.620,75.060829,266.8480,9.790963958949e-04,327.6103,1.1131,4.1543,0.0000
50917.924,74.400620,266.7875,9.707047138363e-04,327.5733,1.1092,4.1397,0.0000
50988.325,73.745125,266.7245,9.623799123801e-04,327.5347,1.1053,4.1252,0.0000
51058.824,73.094452,266.6588,9.541234467179e-04,327.4944,1.1015,4.1107,0.0000
51129.420,72.448418,266.5905,9.459326392971e-04,327.4527,1.0976,4.0962,0.0000
51200.114,71.807068,266.5196,9.378083632328e-04,327.4092,1.0937,4.0817,0.0000
51270.905,71.170395,266.4460,9.297503274865e-04,327.3641,1.0898,4.0673,0.0000
51341.795,70.538322,266.3696,9.217570768669e-04,327.3173,1.0860,4.0529,0.0000
51412.782,69.910828,266.2906,9.138286695816e-04,327.2689,1.0821,4.0386,0.0000
51483.868,69.287910,266.2087,9.059645817615e-04,327.2188,1.0783,4.0242,0.0000
51555.052,68.669464,266.1241,8.981636492535e-04,327.1669,1.0745,4.0099,0.0000
51626.334,68.055542,266.0367,8.904262213036e-04,327.1133,1.0706,3.9957,0.0000
51697.715,67.446037,265.9465,8.827510755509e-04,327.0580,1.0668,3.9814,0.0000
51769.194,66.841026,265.8534,8.751389686950e-04,327.0009,1.0630,3.9672,0.0000
51840.773,66.240402,265.7574,8.675883873366e-04,326.9420,1.0592,3.9531,0.0000
51912.450,65.644157,265.6585,8.600990404375e-04,326.8813,1.0554,3.9389,0.0000
51984.227,65.052216,265.5566,8.526699966751e-04,326.8189,1.0516,3.9248,0.0000
52056.102,64.464638,265.4518,8.453020127490e-04,326.7545,1.0479,3.9107,0.0000
52128.077,63.881325,265.3441,8.379934006371e-04,326.6884,1.0441,3.8967,0.0000
52200.152,63.302269,265.2333,8.307443349622e-04,326.6204,1.0404,3.8827,0.0000
52272.326,62.727448,265.1194,8.235540590249e-04,326.5505,1.0366,3.8687,0.0000
52344.600,62.156845,265.0025,8.164226310328e-04,326.4787,1.0329,3.8547,0.0000
52416.974,61.590393,264.8826,8.093488286249e-04,326.4049,1.0291,3.8408,0.0000
52489.448,61.028084,264.7595,8.023324189708e-04,326.3293,1.0254,3.8269,0.0000
52562.022,60.469906,264.6332,7.953732274473e-04,326.2517,1.0217,3.8130,0.0000
52634.697,59.915821,264.5039,7.884707301855e-04,326.1722,1.0180,3.7992,0.0000
52707.472,59.365780,264.3713,7.816240540706e-04,326.0907,1.0143,3.7854,0.0000
52780.348,58.819805,264.2355,7.748336065561e-04,326.0071,1.0106,3.7716,0.0000
52853.324,58.277786,264.0965,7.680976996198e-04,325.9216,1.0069,3.7579,0.0000
52926.402,57.739792,263.9543,7.614169735461e-04,325.8341,1.0033,3.7442,0.0000
52999.580,57.205734,263.8087,7.547904970124e-04,325.7444,0.9996,3.7305,0.0000
53072.859,56.675613,263.6599,7.482181536034e-04,325.6528,0.9959,3.7169,0.0000
53146.240,56.149426,263.5078,7.416993612424e-04,325.5591,0.9923,3.7033,0.0000
53219.723,55.627060,263.3523,7.352333632298e-04,325.4632,0.9887,3.6897,0.0000
53293.307,55.108585,263.1934,7.288201013580e-04,325.3653,0.9850,3.6761,0.0000
53366.992,54.593925,263.0311,7.224591681734e-04,325.2653,0.9814,3.6626,0.0000
53440.780,54.083065,262.8655,7.161497487687e-04,325.1631,0.9778,3.6491,0.0000
53514.669,53.575970,262.6964,7.098917267285e-04,325.0588,0.9742,3.6357,0.0000
53588.661,53.072632,262.5238,7.036846945994e-04,324.9522,0.9706,3.6223,0.0000
53662.755,52.573036,262.3477,6.975283613428e-04,324.8435,0.9670,3.6089,0.0000
53736.952,52.077122,262.1682,6.914218538441e-04,324.7326,0.9634,3.5955,0.0000
53811.251,51.584854,261.9851,6.853647064418e-04,324.6195,0.9598,3.5822,0.0000
53885.653,51.096272,261.7985,6.793571519665e-04,324.5042,0.9563,3.5689,0.0000
53960.157,50.611324,261.6083,6.733987247571e-04,324.3866,0.9527,3.5556,0.0000
54034.765,50.129978,261.4145,6.674887263216e-04,324.2667,0.9492,3.5424,0.0000
54109.476,49.652164,261.2171,6.616260507144e-04,324.1446,0.9456,3.5291,0.0000
54184.290,49.177910,261.0161,6.558112218045e-04,324.0202,0.9421,3.5160,0.0000
54259.208,48.707226,260.8115,6.500441231765e-04,323.8935,0.9386,3.5028,0.0000
54334.229,48.240036,260.6031,6.443235906772e-04,323.7644,0.9351,3.4897,0.0000
54409.354,47.776321,260.3911,6.386495078914e-04,323.6330,0.9316,3.4766,0.0000
54484.582,47.316074,260.1754,6.330215255730e-04,323.4992,0.9281,3.4636,0.0000
54559.915,46.859268,259.9560,6.274392944761e-04,323.3632,0.9246,3.4505,0.0000
54635.352,46.405849,259.7328,6.219019996934e-04,323.2247,0.9211,3.4376,0.0000
54710.893,45.955860,259.5059,6.164100486785e-04,323.0838,0.9176,3.4246,0.0000
54786.539,45.509201,259.2752,6.109620444477e-04,322.9405,0.9142,3.4117,0.0000
54862.289,45.065926,259.0408,6.055586854927e-04,322.7948,0.9107,3.3988,0.0000
54938.145,44.625957,258.8025,6.001988658682e-04,322.6466,0.9073,3.3859,0.0000
55014.104,44.189289,258.5603,5.948825273663e-04,322.4961,0.9038,3.3731,0.0000
55090.169,43.755901,258.3144,5.896089714952e-04,322.3430,0.9004,3.3603,0.0000
55166.339,43.325768,258.0646,5.843779654242e-04,322.1875,0.8970,3.3475,0.0000
55242.615,42.898888,257.8112,5.791890434921e-04,322.0296,0.8935,3.3348,0.0000
55318.996,42.475227,257.5540,5.740417400375e-04,321.8693,0.8901,3.3220,0.0000
55395.482,42.054756,257.2932,5.689352983609e-04,321.7067,0.8867,3.3094,0.0000
55472.074,41.637466,257.0288,5.638694274239e-04,321.5417,0.8834,3.2967,0.0000
55548.773,41.223328,256.7609,5.588436033577e-04,321.3745,0.8800,3.2841,0.0000
55625.577,40.812336,256.4895,5.538574187085e-04,321.2049,0.8766,3.2715,0.0000
55702.487,40.404408,256.2145,5.489099421538e-04,321.0331,0.8732,3.2589,0.0000
55779.504,39.999653,255.9363,5.440019303933e-04,320.8592,0.8699,3.2464,0.0000
55856.627,39.597919,255.6547,5.391315207817e-04,320.6830,0.8665,3.2339,0.0000
55933.857,39.199268,255.3697,5.342994118109e-04,320.5046,0.8632,3.2215,0.0000
56011.194,38.803646,255.0815,5.295044393279e-04,320.3241,0.8599,3.2090,0.0000
56088.637,38.411037,254.7902,5.247463122942e-04,320.1415,0.8565,3.1966,0.0000
56166.188,38.021461,254.4957,5.200252053328e-04,319.9568,0.8532,3.1843,0.0000
56243.846,37.634842,254.1980,5.153401289135e-04,319.7701,0.8499,3.1719,0.0000
56321.611,37.251194,253.8974,5.106908502057e-04,319.5813,0.8466,3.1596,0.0000
56399.484,36.870495,253.5937,5.060770199634e-04,319.3905,0.8433,3.1473,0.0000
56477.464,36.492733,253.2871,5.014982889406e-04,319.1978,0.8400,3.1351,0.0000
56555.552,36.117855,252.9776,4.969537258148e-04,319.0032,0.8368,3.1229,0.0000
56633.748,35.745918,252.6653,4.924440872855e-04,318.8065,0.8335,3.1107,0.0000
56712.053,35.376816,252.3502,4.879678890575e-04,318.6081,0.8302,3.0985,0.0000
56790.465,35.010582,252.0323,4.835252766497e-04,318.4078,0.8270,3.0864,0.0000
56868.986,34.647202,251.7118,4.791159881279e-04,318.2057,0.8238,3.0743,0.0000
56947.616,34.286644,251.3886,4.747395578306e-04,318.0017,0.8205,3.0622,0.0000
57026.354,33.928905,251.0629,4.703957238235e-04,317.7961,0.8173,3.0502,0.0000
57105.201,33.573963,250.7346,4.660842241719e-04,317.5886,0.8141,3.0382,0.0000
57184.158,33.221794,250.4039,4.618044476956e-04,317.3795,0.8109,3.0262,0.0000
57263.223,32.872387,250.0707,4.575562779792e-04,317.1687,0.8077,3.0143,0.0000
57342.398,32.525734,249.7352,4.533392784651e-04,316.9563,0.8045,3.0024,0.0000
57421.682,32.181789,249.3973,4.491532163229e-04,316.7422,0.8013,2.9905,0.0000
57501.075,31.840569,249.0572,4.449977423064e-04,316.5266,0.7981,2.9787,0.0000
57580.579,31.502073,248.7149,4.408728564158e-04,316.3094,0.7950,2.9668,0.0000
57660.192,31.166252,248.3705,4.367780056782e-04,316.0906,0.7918,2.9551,0.0000
57739.916,30.833082,248.0238,4.327126080170e-04,315.8704,0.7887,2.9433,0.0000
57819.750,30.502604,247.6752,4.286771290936e-04,315.6488,0.7855,2.9316,0.0000
57899.694,30.174732,247.3246,4.246706084814e-04,315.4256,0.7824,2.9199,0.0000
57979.749,29.849501,246.9720,4.206930461805e-04,315.2012,0.7793,2.9082,0.0000
58059.914,29.526884,246.6176,4.167443257757e-04,314.9753,0.7761,2.8966,0.0000
58140.190,29.206858,246.2613,4.128238069825e-04,314.7481,0.7730,2.8850,0.0000
58220.577,28.889420,245.9032,4.089316935278e-04,314.5195,0.7699,2.8734,0.0000
58301.076,28.574556,245.5434,4.050675197504e-04,314.2897,0.7668,2.8619,0.0000
58381.685,28.262239,245.1819,4.012308490928e-04,314.0587,0.7638,2.8504,0.0000
58462.406,27.952473,244.8187,3.974218561780e-04,313.8264,0.7607,2.8389,0.0000
58543.239,27.645218,244.4540,3.936398134101e-04,313.5929,0.7576,2.8274,0.0000
58624.184,27.340492,244.0878,3.898848372046e-04,313.3583,0.7545,2.8160,0.0000
58705.240,27.038277,243.7200,3.861569275614e-04,313.1226,0.7515,2.8046,0.0000
58786.408,26.738529,243.3509,3.824551822618e-04,312.8858,0.7485,2.7933,0.0000
58867.689,26.441263,242.9804,3.787799214479e-04,312.6479,0.7454,2.7819,0.0000
58949.082,26.146458,242.6086,3.751307667699e-04,312.4090,0.7424,2.7706,0.0000
59030.588,25.854099,242.2356,3.715074562933e-04,312.1691,0.7394,2.7594,0.0000
59112.206,25.564173,241.8613,3.679099027067e-04,311.9282,0.7364,2.7481,0.0000
59193.937,25.276670,241.4858,3.643378440756e-04,311.6863,0.7334,2.7369,0.0000
59275.781,24.991577,241.1093,3.607911348809e-04,311.4436,0.7304,2.7257,0.0000
59357.739,24.708870,240.7316,3.572693676688e-04,311.2000,0.7274,2.7146,0.0000
59439.809,24.428555,240.3530,3.537726297509e-04,310.9556,0.7244,2.7035,0.0000
59521.993,24.150614,239.9734,3.503007465042e-04,310.7102,0.7214,2.6924,0.0000
59604.291,23.875029,239.5929,3.468533977866e-04,310.4642,0.7185,2.6813,0.0000
59686.703,23.601780,239.2116,3.434303216636e-04,310.2173,0.7155,2.6703,0.0000
59769.228,23.330868,238.8294,3.400314599276e-04,309.9698,0.7126,2.6593,0.0000
59851.868,23.062283,238.4465,3.366567543708e-04,309.7216,0.7096,2.6483,0.0000
59934.622,22.796017,238.0629,3.333060885780e-04,309.4727,0.7067,2.6374,0.0000
60017.490,22.532026,237.6787,3.299788804725e-04,309.2232,0.7038,2.6265,0.0000
60100.473,22.270330,237.2938,3.266753046773e-04,308.9731,0.7009,2.6156,0.0000
60183.570,22.010904,236.9084,3.233951865695e-04,308.7224,0.6980,2.6048,0.0000
60266.783,21.753750,236.5225,3.201383806299e-04,308.4712,0.6951,2.5940,0.0000
60350.110,21.498825,236.1361,3.169045376126e-04,308.2195,0.6922,2.5832,0.0000
60433.553,21.246151,235.7493,3.136937739328e-04,307.9673,0.6893,2.5724,0.0000
60517.111,20.995687,235.3621,3.105057112407e-04,307.7146,0.6864,2.5617,0.0000
60600.785,20.747450,234.9747,3.073404368479e-04,307.4616,0.6835,2.5510,0.0000
60684.574,20.501402,234.5870,3.041975724045e-04,307.2081,0.6807,2.5403,0.0000
60768.479,20.257561,234.1990,3.010773798451e-04,306.9543,0.6778,2.5297,0.0000
60852.500,20.015879,233.8109,2.979792188853e-04,306.7002,0.6750,2.5191,0.0000
60936.638,19.776373,233.4227,2.949033223558e-04,306.4457,0.6722,2.5085,0.0000
61020.891,19.539019,233.0344,2.918494574260e-04,306.1911,0.6693,2.4980,0.0000
61105.262,19.303808,232.6461,2.888174203690e-04,305.9361,0.6665,2.4875,0.0000
61189.748,19.070738,232.2578,2.858072984964e-04,305.6811,0.6637,2.4770,0.0000
61274.352,18.839777,231.8695,2.828187425621e-04,305.4258,0.6609,2.4665,0.0000
61359.073,18.610928,231.4814,2.798516943585e-04,305.1703,0.6581,2.4561,0.0000
61443.910,18.384188,231.0935,2.769063285086e-04,304.9148,0.6553,2.4457,0.0000
61528.866,18.159519,230.7057,2.739820338320e-04,304.6591,0.6525,2.4353,0.0000
61613.938,17.936934,230.3183,2.710790431593e-04,304.4035,0.6498,2.4250,0.0000
61699.128,17.716412,229.9310,2.681971818674e-04,304.1477,0.6470,2.4147,0.0000
61784.436,17.497931,229.5442,2.653361589182e-04,303.8921,0.6443,2.4044,0.0000
61869.862,17.281502,229.1577,2.624962362461e-04,303.6364,0.6415,2.3942,0.0000
61955.406,17.067101,228.7717,2.596770646051e-04,303.3809,0.6388,2.3840,0.0000
62041.068,16.854715,228.3861,2.568784984760e-04,303.1254,0.6360,2.3738,0.0000
62126.849,16.644339,228.0011,2.541006251704e-04,302.8700,0.6333,2.3636,0.0000
62212.748,16.435966,227.6166,2.513433282729e-04,302.6148,0.6306,2.3535,0.0000
62298.767,16.229574,227.2327,2.486064040568e-04,302.3597,0.6279,2.3434,0.0000
62384.904,16.025162,226.8495,2.458898525219e-04,302.1049,0.6252,2.3333,0.0000
62471.160,15.822701,226.4670,2.431933680782e-04,301.8504,0.6225,2.3233,0.0000
62557.535,15.621627,226.0853,2.405073464615e-04,301.5967,0.6198,2.3132,0.0000
62644.030,15.422198,225.7043,2.378363424214e-04,301.3437,0.6172,2.3033,0.0000
62730.644,15.224730,225.3241,2.351857256144e-04,301.0910,0.6145,2.2933,0.0000
62817.378,15.029206,224.9448,2.325553650735e-04,300.8386,0.6118,2.2834,0.0000
62904.233,14.835607,224.5664,2.299450861756e-04,300.5867,0.6092,2.2735,0.0000
62991.207,14.643923,224.1890,2.273548161611e-04,300.3351,0.6065,2.2636,0.0000
63078.301,14.454152,223.8125,2.247845841339e-04,300.0840,0.6039,2.2538,0.0000
63165.516,14.266271,223.4371,2.222341427114e-04,299.8333,0.6013,2.2440,0.0000
63252.851,14.080276,223.0628,2.197035064455e-04,299.5832,0.5987,2.2342,0.0000
63340.308,13.896149,222.6895,2.171925007133e-04,299.3337,0.5960,2.2245,0.0000
63427.885,13.713894,222.3175,2.147012419300e-04,299.0847,0.5934,2.2147,0.0000
63515.583,13.533481,221.9466,2.122295118170e-04,298.8363,0.5908,2.2050,0.0000
63603.402,13.354907,221.5770,2.097772521665e-04,298.5884,0.5883,2.1954,0.0000
63691.343,13.178167,221.2086,2.073443756672e-04,298.3413,0.5857,2.1858,0.0000
63779.406,13.003230,220.8416,2.049307222478e-04,298.0948,0.5831,2.1762,0.0000
63867.590,12.830115,220.4759,2.025365247391e-04,297.8491,0.5805,2.1666,0.0000
63955.896,12.658789,220.1116,2.001614193432e-04,297.6041,0.5780,2.1570,0.0000
64044.324,12.489240,219.7488,1.978053478524e-04,297.3598,0.5754,2.1475,0.0000
64132.875,12.321474,219.3874,1.954684703378e-04,297.1163,0.5729,2.1380,0.0000
64221.548,12.155460,219.0276,1.931503938977e-04,296.8737,0.5703,2.1286,0.0000
64310.343,11.991208,218.6693,1.908514095703e-04,296.6319,0.5678,2.1191,0.0000
64399.262,11.828686,218.3126,1.885711681098e-04,296.3910,0.5653,2.1097,0.0000
64488.303,11.667887,217.9575,1.863095822046e-04,296.1510,0.5628,2.1004,0.0000
64577.467,11.508809,217.6041,1.840667682700e-04,295.9119,0.5603,2.0910,0.0000
64666.755,11.351445,217.2524,1.818426972022e-04,295.6738,0.5578,2.0817,0.0000
64756.166,11.195770,216.9025,1.796370779630e-04,295.4367,0.5553,2.0724,0.0000
64845.701,11.041774,216.5542,1.774499396561e-04,295.2006,0.5528,2.0632,0.0000
64935.359,10.889463,216.2079,1.752814132487e-04,294.9655,0.5504,2.0539,0.0000
65025.142,10.738803,215.8634,1.731310621835e-04,294.7315,0.5479,2.0447,0.0000
65115.048,10.589787,215.5208,1.709989446681e-04,294.4987,0.5454,2.0356,0.0000
65205.079,10.442424,215.1801,1.688852207735e-04,294.2670,0.5430,2.0264,0.0000
65295.235,10.296679,214.8415,1.667895558057e-04,294.0364,0.5405,2.0173,0.0000
65385.515,10.152559,214.5048,1.647121243877e-04,293.8070,0.5381,2.0082,0.0000
65475.920,10.010034,214.1701,1.626525772735e-04,293.5787,0.5357,1.9992,0.0000
65566.450,9.869110,213.8375,1.606110599823e-04,293.3519,0.5333,1.9901,0.0000
65657.105,9.729774,213.5071,1.585875288583e-04,293.1263,0.5308,1.9811,0.0000
65747.885,9.592005,213.1788,1.565817510709e-04,292.9019,0.5284,1.9722,0.0000
65838.791,9.455798,212.8527,1.545937702758e-04,292.6789,0.5260,1.9632,0.0000
65929.823,9.321140,212.5288,1.526234991616e-04,292.4572,0.5237,1.9543,0.0000
66020.980,9.188025,212.2072,1.506709086243e-04,292.2369,0.5213,1.9454,0.0000
66112.264,9.056434,211.8879,1.487358240411e-04,292.0180,0.5189,1.9366,0.0000
66203.674,8.926367,211.5710,1.468183618272e-04,291.8007,0.5165,1.9277,0.0000
66295.210,8.797799,211.2563,1.449182746001e-04,291.5847,0.5142,1.9189,0.0000
66386.872,8.670736,210.9441,1.430357224308e-04,291.3702,0.5118,1.9102,0.0000
66478.662,8.545149,210.6344,1.411703560734e-04,291.1573,0.5095,1.9014,0.0000
66570.578,8.421033,210.3271,1.393222337356e-04,290.9460,0.5071,1.8927,0.0000
66662.621,8.298388,210.0224,1.374914281769e-04,290.7362,0.5048,1.8840,0.0000
66754.792,8.177187,209.7202,1.356776629109e-04,290.5280,0.5025,1.8753,0.0000
66847.090,8.057424,209.4206,1.338809088338e-04,290.3215,0.5002,1.8667,0.0000
66939.516,7.939097,209.1236,1.321012387052e-04,290.1166,0.4979,1.8581,0.0000
67032.070,7.822187,208.8293,1.303385215579e-04,289.9135,0.4956,1.8495,0.0000
67124.751,7.706678,208.5377,1.285925682168e-04,289.7121,0.4933,1.8410,0.0000
67217.561,7.592564,208.2487,1.268633932341e-04,289.5123,0.4910,1.8324,0.0000
67310.499,7.479835,207.9626,1.251509238500e-04,289.3145,0.4887,1.8239,0.0000
67403.565,7.368487,207.6793,1.234552328242e-04,289.1184,0.4865,1.8155,0.0000
67496.760,7.258501,207.3988,1.217761309817e-04,288.9242,0.4842,1.8070,0.0000
67590.084,7.149855,207.1212,1.201133491122e-04,288.7318,0.4819,1.7986,0.0000
67683.537,7.042559,206.8466,1.184671491501e-04,288.5414,0.4797,1.7902,0.0000
67777.120,6.936593,206.5749,1.168373346445e-04,288.3528,0.4775,1.7819,0.0000
67870.831,6.831945,206.3061,1.152238037321e-04,288.1663,0.4752,1.7736,0.0000
67964.672,6.728605,206.0404,1.136265200330e-04,287.9818,0.4730,1.7653,0.0000
68058.643,6.626562,205.7778,1.120453816839e-04,287.7992,0.4708,1.7570,0.0000
68152.744,6.525805,205.5182,1.104803523049e-04,287.6187,0.4686,1.7487,0.0000
68246.975,6.426325,205.2618,1.089313373086e-04,287.4403,0.4664,1.7405,0.0000
68341.337,6.328109,205.0086,1.073982712114e-04,287.2639,0.4642,1.7323,0.0000
68435.828,6.231148,204.7586,1.058811030816e-04,287.0898,0.4620,1.7242,0.0000
68530.451,6.135432,204.5118,1.043797528837e-04,286.9178,0.4598,1.7160,0.0000
68625.204,6.040940,204.2683,1.028939805110e-04,286.7480,0.4576,1.7079,0.0000
68720.088,5.947677,204.0282,1.014240260702e-04,286.5804,0.4555,1.6998,0.0000
68815.104,5.855621,203.7914,9.996955486713e-05,286.4152,0.4533,1.6918,0.0000
68910.250,5.764764,203.5580,9.853057417786e-05,286.2522,0.4512,1.6837,0.0000
69005.529,5.675092,203.3281,9.710695303511e-05,286.0915,0.4490,1.6757,0.0000
69100.939,5.586606,203.1016,9.569876419846e-05,285.9332,0.4469,1.6678,0.0000
69196.481,5.499283,202.8787,9.430579666514e-05,285.7773,0.4447,1.6598,0.0000
69292.155,5.413118,202.6593,9.292802860728e-05,285.6237,0.4426,1.6519,0.0000
69387.961,5.328097,202.4436,9.156529995380e-05,285.4727,0.4405,1.6440,0.0000
69483.900,5.244212,202.2314,9.021762525663e-05,285.3242,0.4384,1.6361,0.0000
69579.972,5.161453,202.0230,8.888490992831e-05,285.1781,0.4363,1.6283,0.0000
69676.176,5.079807,201.8183,8.756701572565e-05,285.0347,0.4342,1.6205,0.0000
69772.514,4.999267,201.6174,8.626392082078e-05,284.8938,0.4321,1.6127,0.0000
69868.984,4.919822,201.4202,8.497558883391e-05,284.7555,0.4300,1.6049,0.0000
69965.588,4.841450,201.2269,8.370169962291e-05,284.6199,0.4280,1.5972,0.0000
70062.326,4.764160,201.0375,8.244247874245e-05,284.4869,0.4259,1.5895,0.0000
70159.197,4.687929,200.8521,8.119767153403e-05,284.3568,0.4238,1.5818,0.0000
70256.202,4.612747,200.6706,7.996717613423e-05,284.2293,0.4218,1.5742,0.0000
70353.341,4.538608,200.4932,7.875096343923e-05,284.1046,0.4198,1.5665,0.0000
70450.615,4.465499,200.3198,7.754895341350e-05,283.9828,0.4177,1.5589,0.0000
70548.023,4.393414,200.1505,7.636108784936e-05,283.8639,0.4157,1.5514,0.0000
70645.566,4.322330,199.9854,7.518709026044e-05,283.7478,0.4137,1.5438,0.0000
70743.244,4.252256,199.8245,7.402719347738e-05,283.6346,0.4116,1.5363,0.0000
70841.056,4.183163,199.6678,7.288099004654e-05,283.5245,0.4096,1.5288,0.0000
70939.004,4.115054,199.5155,7.174858183134e-05,283.4174,0.4076,1.5213,0.0000
71037.088,4.047914,199.3675,7.062985969242e-05,283.3133,0.4056,1.5139,0.0000
71135.307,3.981731,199.2240,6.952465628274e-05,283.2123,0.4037,1.5065,0.0000
71233.662,3.916502,199.0848,6.843299343018e-05,283.1144,0.4017,1.4991,0.0000
71332.152,3.852205,198.9502,6.735460192431e-05,283.0197,0.3997,1.4917,0.0000
71430.779,3.788840,198.8201,6.628959090449e-05,282.9282,0.3977,1.4844,0.0000
71529.543,3.726395,198.6946,6.523774936795e-05,282.8399,0.3958,1.4771,0.0000
71628.443,3.664859,198.5738,6.419901910704e-05,282.7549,0.3938,1.4698,0.0000
71727.479,3.604222,198.4576,6.317332008621e-05,282.6733,0.3919,1.4625,0.0000
71826.653,3.544473,198.3463,6.216049951036e-05,282.5950,0.3899,1.4553,0.0000
71925.964,3.485604,198.2397,6.116050644778e-05,282.5201,0.3880,1.4481,0.0000
72025.412,3.427606,198.1380,6.017327905283e-05,282.4487,0.3861,1.4409,0.0000
72124.997,3.370468,198.0413,5.919866816839e-05,282.3808,0.3842,1.4337,0.0000
72224.720,3.314180,197.9495,5.823660831084e-05,282.3164,0.3823,1.4266,0.0000
72324.581,3.258735,197.8628,5.728700853069e-05,282.2556,0.3804,1.4195,0.0000
72424.581,3.204120,197.7812,5.634975241264e-05,282.1984,0.3785,1.4124,0.0000
72524.718,3.151409,197.7046,5.544382656808e-05,282.1447,0.3766,1.4054,0.0000
72624.994,3.098466,197.6301,5.453264384414e-05,282.0924,0.3747,1.3983,0.0000
72725.408,3.046317,197.5563,5.363454692997e-05,282.0405,0.3728,1.3913,0.0000
72825.962,2.994963,197.4833,5.274960130919e-05,281.9891,0.3709,1.3844,0.0000
72926.654,2.944388,197.4110,5.187753049540e-05,281.9384,0.3691,1.3774,0.0000
73027.486,2.894578,197.3394,5.101812712383e-05,281.8881,0.3672,1.3705,0.0000
73128.457,2.845530,197.2685,5.017135481467e-05,281.8383,0.3654,1.3636,0.0000
73229.567,2.797225,197.1984,4.933692616760e-05,281.7890,0.3635,1.3567,0.0000
73330.818,2.749663,197.1289,4.851484482060e-05,281.7402,0.3617,1.3498,0.0000
73432.208,2.702833,197.0601,4.770495797857e-05,281.6919,0.3599,1.3430,0.0000
73533.739,2.656717,196.9919,4.690693822340e-05,281.6440,0.3580,1.3362,0.0000
73635.410,2.611314,196.9244,4.612083648681e-05,281.5966,0.3562,1.3294,0.0000
73737.221,2.566607,196.8575,4.534634354059e-05,281.5497,0.3544,1.3227,0.0000
73839.174,2.522593,196.7912,4.458345938474e-05,281.5031,0.3526,1.3160,0.0000
73941.267,2.479259,196.7255,4.383195846458e-05,281.4570,0.3508,1.3093,0.0000
74043.502,2.436602,196.6605,4.309179348638e-05,281.4114,0.3490,1.3026,0.0000
74145.877,2.394608,196.5959,4.236274980940e-05,281.3661,0.3472,1.2959,0.0000
74248.395,2.353260,196.5320,4.164454367128e-05,281.3212,0.3455,1.2893,0.0000
74351.054,2.312566,196.4685,4.093735333299e-05,281.2767,0.3437,1.2827,0.0000
74453.855,2.272505,196.4056,4.024080408271e-05,281.2327,0.3419,1.2761,0.0000
74556.798,2.233075,196.3432,3.955491047236e-05,281.1889,0.3402,1.2696,0.0000
74659.884,2.194264,196.2813,3.887944330927e-05,281.1455,0.3384,1.2631,0.0000
74763.112,2.156059,196.2198,3.821420614258e-05,281.1024,0.3367,1.2566,0.0000
74866.482,2.118459,196.1589,3.755920624826e-05,281.0597,0.3350,1.2501,0.0000
74969.996,2.081455,196.0984,3.691427991726e-05,281.0174,0.3332,1.2436,0.0000
75073.653,2.045035,196.0383,3.627923433669e-05,280.9753,0.3315,1.2372,0.0000
75177.453,2.009195,195.9786,3.565402585082e-05,280.9335,0.3298,1.2308,0.0000
75281.397,1.973922,195.9193,3.503844345687e-05,280.8920,0.3281,1.2244,0.0000
75385.484,1.939212,195.8605,3.443243258516e-05,280.8508,0.3264,1.2181,0.0000
75489.716,1.905055,195.8020,3.383579314686e-05,280.8099,0.3247,1.2117,0.0000
75594.091,1.871442,195.7438,3.324844146846e-05,280.7692,0.3230,1.2054,0.0000
75698.611,1.838373,195.6860,3.267032661824e-05,280.7288,0.3213,1.1991,0.0000
75803.275,1.805830,195.6285,3.210118666175e-05,280.6886,0.3196,1.1929,0.0000
75908.084,1.773812,195.5713,3.154101796099e-05,280.6486,0.3180,1.1866,0.0000
76013.038,1.742308,195.5145,3.098960587522e-05,280.6088,0.3163,1.1804,0.0000
76118.137,1.711316,195.4579,3.044695586141e-05,280.5693,0.3146,1.1742,0.0000
76223.381,1.680822,195.4015,2.991281689901e-05,280.5300,0.3130,1.1681,0.0000
76328.771,1.650823,195.3454,2.938714169431e-05,280.4908,0.3113,1.1619,0.0000
76434.306,1.621312,195.2896,2.886984293582e-05,280.4518,0.3097,1.1558,0.0000
76539.988,1.592280,195.2339,2.836074236257e-05,280.4129,0.3081,1.1497,0.0000
76645.815,1.563721,195.1784,2.785974720609e-05,280.3742,0.3064,1.1437,0.0000
76751.789,1.535626,195.1231,2.736674650805e-05,280.3356,0.3048,1.1376,0.0000
76857.910,1.507993,195.0680,2.688166568987e-05,280.2971,0.3032,1.1316,0.0000
76964.177,1.480812,195.0130,2.640436105139e-05,280.2588,0.3016,1.1256,0.0000
77070.591,1.454079,194.9582,2.593476710899e-05,280.2206,0.3000,1.1196,0.0000
77177.152,1.427784,194.9034,2.547270560171e-05,280.1824,0.2984,1.1137,0.0000
77283.861,1.401922,194.8488,2.501812195987e-05,280.1443,0.2968,1.1078,0.0000
77390.717,1.376488,194.7942,2.457090704411e-05,280.1063,0.2952,1.1019,0.0000
77497.721,1.351473,194.7397,2.413092261122e-05,280.0683,0.2937,1.0960,0.0000
77604.872,1.326872,194.6852,2.369809044467e-05,280.0303,0.2921,1.0901,0.0000
77712.172,1.302679,194.6308,2.327230686205e-05,279.9924,0.2905,1.0843,0.0000
77819.621,1.278890,194.5763,2.285350274178e-05,279.9545,0.2890,1.0785,0.0000
77927.217,1.255496,194.5219,2.244154893560e-05,279.9166,0.2874,1.0727,0.0000
78034.963,1.232492,194.4673,2.203632357123e-05,279.8786,0.2859,1.0669,0.0000
78142.858,1.209874,194.4128,2.163779390685e-05,279.8406,0.2843,1.0612,0.0000
78250.901,1.187635,194.3582,2.124583807017e-05,279.8026,0.2828,1.0555,0.0000
78359.095,1.165767,194.3035,2.086032509396e-05,279.7646,0.2813,1.0498,0.0000
78467.437,1.144266,194.2487,2.048115857178e-05,279.7265,0.2798,1.0441,0.0000
78575.930,1.123129,194.1938,2.010831849475e-05,279.6883,0.2783,1.0385,0.0000
78684.572,1.102347,194.1387,1.974165388674e-05,279.6500,0.2767,1.0328,0.0000
78793.365,1.081916,194.0835,1.938109016919e-05,279.6115,0.2752,1.0272,0.0000
78902.308,1.061831,194.0281,1.902652365970e-05,279.5730,0.2737,1.0216,0.0000
79011.402,1.042086,193.9725,1.867789615062e-05,279.5344,0.2723,1.0161,0.0000
79120.647,1.022678,193.9167,1.833512760641e-05,279.4956,0.2708,1.0106,0.0000
79230.043,1.003599,193.8607,1.799809069780e-05,279.4567,0.2693,1.0050,0.0000
79339.589,0.984844,193.8044,1.766668901837e-05,279.4175,0.2678,0.9995,0.0000
79449.288,0.966410,193.7478,1.734088073135e-05,279.3782,0.2664,0.9941,0.0000
79559.138,0.948292,193.6910,1.702060035313e-05,279.3387,0.2649,0.9886,0.0000
79669.140,0.930483,193.6338,1.670570054557e-05,279.2990,0.2635,0.9832,0.0000
79779.294,0.912980,193.5763,1.639614310989e-05,279.2591,0.2620,0.9778,0.0000
79889.600,0.895777,193.5185,1.609183345863e-05,279.2189,0.2606,0.9724,0.0000
80000.059,0.878871,193.4602,1.579271702212e-05,279.1784,0.2591,0.9671,0.0000
80110.671,0.862257,193.4016,1.549868829898e-05,279.1377,0.2577,0.9617,0.0000
80221.435,0.845929,193.3426,1.520967998658e-05,279.0967,0.2563,0.9564,0.0000
80332.353,0.829885,193.2831,1.492561659688e-05,279.0554,0.2549,0.9511,0.0000
80443.424,0.814117,193.2232,1.464640081394e-05,279.0138,0.2534,0.9459,0.0000
80554.649,0.798625,193.1628,1.437200717191e-05,278.9720,0.2520,0.9406,0.0000
80666.027,0.783401,193.1019,1.410230743204e-05,278.9296,0.2506,0.9354,0.0000
80777.560,0.768443,193.0405,1.383728340443e-05,278.8871,0.2492,0.9302,0.0000
80889.246,0.753745,192.9786,1.357681048830e-05,278.8441,0.2479,0.9250,0.0000
81001.087,0.739304,192.9161,1.332083320449e-05,278.8008,0.2465,0.9199,0.0000
81113.083,0.725117,192.8531,1.306931153522e-05,278.7570,0.2451,0.9147,0.0000
81225.234,0.711178,192.7895,1.282215362153e-05,278.7128,0.2437,0.9096,0.0000
81337.539,0.697484,192.7252,1.257928670384e-05,278.6682,0.2424,0.9045,0.0000
81450.000,0.684032,192.6603,1.234066439793e-05,278.6232,0.2410,0.8995,0.0000
81562.616,0.670816,192.5947,1.210618484038e-05,278.5778,0.2397,0.8944,0.0000
81675.389,0.657834,192.5284,1.187580892292e-05,278.5318,0.2383,0.8894,0.0000
81788.317,0.645082,192.4615,1.164948662336e-05,278.4854,0.2370,0.8844,0.0000
81901.401,0.632555,192.3938,1.142712517321e-05,278.4384,0.2356,0.8794,0.0000
82014.641,0.620251,192.3254,1.120867091231e-05,278.3911,0.2343,0.8744,0.0000
82128.038,0.608166,192.2562,1.099407108995e-05,278.3431,0.2330,0.8695,0.0000
82241.592,0.596295,192.1862,1.078323657566e-05,278.2947,0.2317,0.8645,0.0000
82355.303,0.584637,192.1154,1.057614645106e-05,278.2456,0.2303,0.8596,0.0000
82469.171,0.573186,192.0438,1.037271067617e-05,278.1961,0.2290,0.8548,0.0000
82583.197,0.561942,191.9713,1.017289650918e-05,278.1460,0.2277,0.8499,0.0000
82697.380,0.550898,191.8980,9.976622095564e-06,278.0952,0.2264,0.8451,0.0000
82811.721,0.540053,191.8237,9.783842870092e-06,278.0439,0.2251,0.8402,0.0000
82926.220,0.529404,191.7485,9.594508810551e-06,277.9919,0.2239,0.8355,0.0000
83040.877,0.518946,191.6724,9.408537152922e-06,277.9393,0.2226,0.8307,0.0000
83155.693,0.508677,191.5953,9.225910616806e-06,277.8860,0.2213,0.8259,0.0000
83270.668,0.498594,191.5172,9.046545528690e-06,277.8322,0.2200,0.8212,0.0000
83385.802,0.488693,191.4381,8.870397323335e-06,277.7775,0.2188,0.8165,0.0000
83501.095,0.478972,191.3580,8.697433258931e-06,277.7223,0.2175,0.8118,0.0000
83616.547,0.469428,191.2768,8.527563295502e-06,277.6664,0.2163,0.8071,0.0000
83732.159,0.460057,191.1945,8.360764695681e-06,277.6097,0.2150,0.8025,0.0000
83847.931,0.450858,191.1111,8.196990165743e-06,277.5523,0.2138,0.7978,0.0000
83963.863,0.441827,191.0266,8.036174222070e-06,277.4942,0.2125,0.7932,0.0000
84079.955,0.432961,190.9410,7.878269570938e-06,277.4353,0.2113,0.7886,0.0000
84196.207,0.424258,190.8542,7.723239832558e-06,277.3757,0.2101,0.7841,0.0000
84312.621,0.415714,190.7661,7.571022251796e-06,277.3152,0.2089,0.7795,0.0000
84429.195,0.407328,190.6769,7.421589543810e-06,277.2540,0.2077,0.7750,0.0000
84545.931,0.399096,190.5864,7.274871677510e-06,277.1920,0.2064,0.7705,0.0000
84662.828,0.391017,190.4947,7.130847279768e-06,277.1292,0.2052,0.7660,0.0000
84779.886,0.383087,190.4016,6.989456323936e-06,277.0656,0.2040,0.7615,0.0000
84897.107,0.375303,190.3073,6.850647878309e-06,277.0011,0.2029,0.7570,0.0000
85014.489,0.367665,190.2115,6.714410119457e-06,276.9358,0.2017,0.7526,0.0000
85132.034,0.360168,190.1145,6.580667104572e-06,276.8696,0.2005,0.7482,0.0000
85249.741,0.352811,190.0161,6.449393367802e-06,276.8026,0.1993,0.7438,0.0000
85367.611,0.345592,189.9162,6.320537522697e-06,276.7346,0.1981,0.7394,0.0000
85485.644,0.338507,189.8150,6.194077741384e-06,276.6658,0.1970,0.7351,0.0000
85603.841,0.331555,189.7122,6.069942628528e-06,276.5961,0.1958,0.7308,0.0000
85722.200,0.324734,189.6080,5.948127636657e-06,276.5255,0.1947,0.7265,0.0000
85840.723,0.318041,189.5023,5.828572739119e-06,276.4539,0.1935,0.7222,0.0000
85959.411,0.311474,189.3951,5.711242010875e-06,276.3815,0.1924,0.7179,0.0000
86078.262,0.305031,189.2863,5.596099072136e-06,276.3080,0.1912,0.7136,0.0000
86197.278,0.298709,189.1760,5.483097993420e-06,276.2337,0.1901,0.7094,0.0000
86316.458,0.292507,189.0641,5.372221494326e-06,276.1584,0.1890,0.7052,0.0000
86435.803,0.286423,188.9505,5.263415459922e-06,276.0820,0.1878,0.7010,0.0000
86555.313,0.280455,188.8353,5.156662155059e-06,276.0047,0.1867,0.6968,0.0000
86674.988,0.274600,188.7184,5.051905191067e-06,275.9265,0.1856,0.6927,0.0000
86794.829,0.268856,188.5999,4.949119556841e-06,275.8472,0.1845,0.6885,0.0000
86914.835,0.263223,188.4796,4.848281605518e-06,275.7670,0.1834,0.6844,0.0000
87035.007,0.257698,188.3576,4.749340860144e-06,275.6858,0.1823,0.6803,0.0000
87155.346,0.252278,188.2338,4.652271854866e-06,275.6034,0.1812,0.6762,0.0000
87275.850,0.246963,188.1083,4.557041847875e-06,275.5201,0.1801,0.6722,0.0000
87396.522,0.241749,187.9809,4.463614004635e-06,275.4356,0.1790,0.6681,0.0000
87517.360,0.236637,187.8517,4.371973773232e-06,275.3503,0.1779,0.6641,0.0000
87638.366,0.231623,187.7207,4.282064764993e-06,275.2638,0.1769,0.6601,0.0000
87759.538,0.226706,187.5878,4.193878794467e-06,275.1762,0.1758,0.6561,0.0000
87880.878,0.221884,187.4530,4.107368567929e-06,275.0877,0.1747,0.6521,0.0000
88002.386,0.217157,187.3162,4.022519078717e-06,274.9980,0.1737,0.6482,0.0000
88124.062,0.212521,187.1776,3.939292128052e-06,274.9073,0.1726,0.6442,0.0000
88245.907,0.207975,187.0369,3.857662250084e-06,274.8154,0.1716,0.6403,0.0000
88367.919,0.203518,186.8943,3.777597612498e-06,274.7225,0.1705,0.6364,0.0000
88490.101,0.199149,186.7496,3.699079343278e-06,274.6284,0.1695,0.6326,0.0000
88612.451,0.194866,186.6029,3.622072654252e-06,274.5333,0.1685,0.6287,0.0000
88734.971,0.190666,186.4542,3.546545258359e-06,274.4370,0.1674,0.6249,0.0000
88857.659,0.186549,186.3033,3.472482148936e-06,274.3396,0.1664,0.6210,0.0000
88980.518,0.182513,186.1504,3.399854904274e-06,274.2411,0.1654,0.6172,0.0000
89103.546,0.178556,185.9953,3.328629645694e-06,274.1414,0.1644,0.6135,0.0000
89226.745,0.174679,185.8381,3.258792503402e-06,274.0405,0.1634,0.6097,0.0000
89350.114,0.170878,185.6787,3.190310053469e-06,273.9386,0.1624,0.6059,0.0000
89473.653,0.167152,185.5172,3.123163196506e-06,273.8354,0.1614,0.6022,0.0000
89597.363,0.163501,185.3534,3.057322828681e-06,273.7312,0.1604,0.5985,0.0000
89721.245,0.159922,185.1873,2.992772806465e-06,273.6257,0.1594,0.5948,0.0000
89845.297,0.156415,185.0191,2.929478569058e-06,273.5190,0.1584,0.5911,0.0000
89969.521,0.152977,184.8485,2.867428747777e-06,273.4112,0.1574,0.5875,0.0000
90093.917,0.149609,184.6757,2.806595375660e-06,273.3022,0.1564,0.5838,0.0000
90218.485,0.146309,184.5007,2.746953214228e-06,273.1920,0.1555,0.5802,0.0000
90343.225,0.143074,184.3237,2.688479980861e-06,273.0811,0.1545,0.5766,0.0000
90468.138,0.139905,184.1450,2.631147935972e-06,272.9692,0.1535,0.5730,0.0000
90593.223,0.136800,183.9647,2.574939571787e-06,272.8568,0.1526,0.5694,0.0000
90718.481,0.133758,183.7831,2.519825329728e-06,272.7439,0.1516,0.5659,0.0000
90843.912,0.130777,183.6002,2.465792022122e-06,272.6307,0.1507,0.5623,0.0000
90969.517,0.127857,183.4164,2.412806679786e-06,272.5173,0.1497,0.5588,0.0000
91095.296,0.124997,183.2319,2.360856342420e-06,272.4040,0.1488,0.5553,0.0000
91221.248,0.122194,183.0467,2.309921455890e-06,272.2908,0.1479,0.5518,0.0000
91347.375,0.119449,182.8612,2.259974507979e-06,272.1779,0.1469,0.5484,0.0000
91473.675,0.116761,182.6754,2.211000037278e-06,272.0654,0.1460,0.5449,0.0000
91600.151,0.114127,182.4897,2.162983946619e-06,271.9536,0.1451,0.5415,0.0000
91726.801,0.111548,182.3042,2.115904408129e-06,271.8426,0.1442,0.5380,0.0000
91853.627,0.109022,182.1191,2.069734819088e-06,271.7325,0.1433,0.5346,0.0000
91980.628,0.106548,181.9346,2.024472678386e-06,271.6234,0.1424,0.5313,0.0000
92107.804,0.104126,181.7509,1.980090473808e-06,271.5156,0.1414,0.5279,0.0000
92235.157,0.101754,181.5682,1.936575245054e-06,271.4092,0.1406,0.5245,0.0000
92362.685,0.099431,181.3867,1.893908347483e-06,271.3043,0.1397,0.5212,0.0000
92490.390,0.097158,181.2066,1.852078980846e-06,271.2012,0.1388,0.5179,0.0000
92618.271,0.094931,181.0281,1.811064862522e-06,271.0999,0.1379,0.5146,0.0000
92746.329,0.092752,180.8514,1.770856329131e-06,271.0006,0.1370,0.5113,0.0000
92874.564,0.090618,180.6766,1.731435418151e-06,270.9035,0.1361,0.5080,0.0000
93002.977,0.088529,180.5040,1.692789055596e-06,270.8087,0.1353,0.5048,0.0000
93131.567,0.086485,180.3338,1.654902575865e-06,270.7164,0.1344,0.5016,0.0000
93260.335,0.084484,180.1663,1.617760972294e-06,270.6268,0.1335,0.4983,0.0000
93389.281,0.082526,180.0014,1.581354013069e-06,270.5400,0.1327,0.4951,0.0000
93518.405,0.080610,179.8396,1.545666691527e-06,270.4560,0.1318,0.4919,0.0000
93647.707,0.078734,179.6809,1.510685024186e-06,270.3752,0.1310,0.4888,0.0000
93777.189,0.076899,179.5256,1.476395027566e-06,270.2977,0.1301,0.4856,0.0000
93906.849,0.075103,179.3739,1.442787947781e-06,270.2236,0.1293,0.4825,0.0000
94036.689,0.073347,179.2259,1.409850938217e-06,270.1530,0.1284,0.4794,0.0000
94166.708,0.071628,179.0820,1.377570242767e-06,270.0863,0.1276,0.4763,0.0000
94296.907,0.069947,178.9422,1.345936311736e-06,270.0234,0.1268,0.4732,0.0000
94427.286,0.068302,178.8067,1.314935389019e-06,269.9645,0.1260,0.4701,0.0000
94557.846,0.066693,178.6759,1.284558038606e-06,269.9100,0.1251,0.4670,0.0000
94688.586,0.065120,178.5499,1.254792437066e-06,269.8597,0.1243,0.4640,0.0000
94819.506,0.063581,178.4289,1.225628238899e-06,269.8141,0.1235,0.4610,0.0000
94950.608,0.062076,178.3131,1.197054871227e-06,269.7731,0.1227,0.4579,0.0000
95081.891,0.060604,178.2027,1.169060283246e-06,269.7371,0.1219,0.4550,0.0000
95213.355,0.059165,178.0979,1.141638676927e-06,269.7060,0.1211,0.4520,0.0000
95345.001,0.057758,177.9990,1.114776068789e-06,269.6801,0.1203,0.4490,0.0000
95476.830,0.056383,177.9062,1.088463363885e-06,269.6597,0.1195,0.4461,0.0000
95608.840,0.055038,177.8196,1.062692604137e-06,269.6448,0.1187,0.4431,0.0000
95741.033,0.053724,177.7395,1.037452079800e-06,269.6356,0.1180,0.4402,0.0000
95873.409,0.052439,177.6662,1.012735310724e-06,269.6323,0.1172,0.4373,0.0000
96005.968,0.051183,177.5997,9.885304734780e-07,269.6351,0.1164,0.4344,0.0000
96138.710,0.049955,177.5405,9.648296099840e-07,269.6441,0.1156,0.4315,0.0000
96271.635,0.048756,177.4886,9.416226589565e-07,269.6595,0.1149,0.4287,0.0000
96404.745,0.047584,177.4444,9.189034813062e-07,269.6816,0.1141,0.4258,0.0000
96538.038,0.046439,177.4080,8.966619589046e-07,269.7104,0.1133,0.4230,0.0000
96671.516,0.045320,177.3798,8.748903042033e-07,269.7462,0.1126,0.4202,0.0000
96805.178,0.044226,177.3599,8.535802180631e-07,269.7892,0.1118,0.4174,0.0000
96939.026,0.043158,177.3486,8.327218097293e-07,269.8395,0.1111,0.4146,0.0000
97073.058,0.042115,177.3461,8.123092811729e-07,269.8973,0.1104,0.4118,0.0000
97207.275,0.041096,177.3527,7.923348448458e-07,269.9629,0.1096,0.4091,0.0000
97341.678,0.040101,177.3687,7.727890647402e-07,270.0365,0.1089,0.4063,0.0000
97476.267,0.039129,177.3943,7.536653470197e-07,270.1182,0.1081,0.4036,0.0000
97611.042,0.038180,177.4299,7.349550514846e-07,270.2083,0.1074,0.4009,0.0000
97746.004,0.037253,177.4756,7.166528916969e-07,270.3069,0.1067,0.3982,0.0000
97881.152,0.036348,177.5317,6.987496590227e-07,270.4143,0.1060,0.3955,0.0000
98016.486,0.035465,177.5986,6.812389301558e-07,270.5307,0.1053,0.3929,0.0000
98152.008,0.034603,177.6765,6.641137701990e-07,270.6563,0.1046,0.3902,0.0000
98287.718,0.033761,177.7658,6.473666189777e-07,270.7914,0.1038,0.3876,0.0000
98423.614,0.032939,177.8668,6.309909963420e-07,270.9362,0.1031,0.3849,0.0000
98559.699,0.032137,177.9797,6.149799673949e-07,271.0910,0.1024,0.3823,0.0000
98695.972,0.031354,178.1048,5.993275067340e-07,271.2558,0.1018,0.3797,0.0000
98832.434,0.030590,178.2427,5.840250878464e-07,271.4312,0.1011,0.3772,0.0000
98969.084,0.029845,178.3935,5.690679358850e-07,271.6172,0.1004,0.3746,0.0000
99105.923,0.029118,178.5576,5.544495138565e-07,271.8141,0.0997,0.3720,0.0000
99242.951,0.028408,178.7354,5.401631142377e-07,272.0222,0.0990,0.3695,0.0000
99380.169,0.027716,178.9273,5.262031095299e-07,272.2419,0.0983,0.3670,0.0000
99517.576,0.027041,179.1336,5.125618827151e-07,272.4733,0.0977,0.3645,0.0000
99655.174,0.026382,179.3547,4.992345452592e-07,272.7168,0.0970,0.3620,0.0000
99792.961,0.025740,179.5911,4.862147306994e-07,272.9726,0.0963,0.3595,0.0000
99930.939,0.025113,179.8432,4.734969252240e-07,273.2411,0.0957,0.3570,0.0000
100069.108,0.024502,180.1114,4.610745349964e-07,273.5226,0.0000,0.0000,0.0000
100207.468,0.023907,180.3959,4.489433251820e-07,273.8172,0.0000,0.0000,0.0000
100346.020,0.023326,180.6968,4.370983788249e-07,274.1249,0.0000,0.0000,0.0000
100484.762,0.022760,181.0140,4.255343242221e-07,274.4458,0.0000,0.0000,0.0000
100623.697,0.022207,181.3475,4.142476370816e-07,274.7797,0.0000,0.0000,0.0000
100762.824,0.021669,181.6974,4.032323204228e-07,275.1267,0.0000,0.0000,0.0000
100902.143,0.021145,182.0637,3.924847646886e-07,275.4868,0.0000,0.0000,0.0000
101041.655,0.020633,182.4465,3.819995129106e-07,275.8600,0.0000,0.0000,0.0000
101181.359,0.020135,182.8456,3.717723586760e-07,276.2461,0.0000,0.0000,0.0000
101321.257,0.019649,183.2614,3.617977597514e-07,276.6454,0.0000,0.0000,0.0000
101461.348,0.019176,183.6936,3.520714244587e-07,277.0578,0.0000,0.0000,0.0000
101601.633,0.018715,184.1424,3.425890326980e-07,277.4832,0.0000,0.0000,0.0000
101742.112,0.018265,184.6079,3.333446443321e-07,277.9218,0.0000,0.0000,0.0000
101882.785,0.017827,185.0900,3.243345929604e-07,278.3734,0.0000,0.0000,0.0000
102023.653,0.017401,185.5889,3.155536774102e-07,278.8381,0.0000,0.0000,0.0000
102164.716,0.016985,186.1047,3.069969238823e-07,279.3159,0.0000,0.0000,0.0000
102305.973,0.016580,186.6374,2.986605807109e-07,279.8069,0.0000,0.0000,0.0000
102447.426,0.016185,187.1871,2.905391340846e-07,280.3111,0.0000,0.0000,0.0000
102589.074,0.015801,187.7539,2.826285765423e-07,280.8285,0.0000,0.0000,0.0000
102730.918,0.015426,188.3378,2.749239058630e-07,281.3590,0.0000,0.0000,0.0000
102872.959,0.015062,188.9390,2.674211145859e-07,281.9028,0.0000,0.0000,0.0000
103015.195,0.014706,189.5575,2.601152289117e-07,282.4598,0.0000,0.0000,0.0000
103157.629,0.014360,190.1935,2.530022413794e-07,283.0301,0.0000,0.0000,0.0000
103300.259,0.014023,190.8471,2.460778034674e-07,283.6137,0.0000,0.0000,0.0000
103443.086,0.013695,191.5183,2.393377656063e-07,284.2107,0.0000,0.0000,0.0000
103586.111,0.013375,192.2073,2.327770829424e-07,284.8210,0.0000,0.0000,0.0000
103729.334,0.013064,192.9142,2.263923590817e-07,285.4448,0.0000,0.0000,0.0000
103872.755,0.012760,193.6391,2.201792170808e-07,286.0819,0.0000,0.0000,0.0000
104016.374,0.012465,194.3821,2.141336494788e-07,286.7326,0.0000,0.0000,0.0000
104160.192,0.012177,195.1435,2.082515067059e-07,287.3968,0.0000,0.0000,0.0000
104304.208,0.011897,195.9232,2.025292502594e-07,288.0745,0.0000,0.0000,0.0000
104448.424,0.011624,196.7215,1.969624179310e-07,288.7658,0.0000,0.0000,0.0000
104592.839,0.011358,197.5384,1.915475564829e-07,289.4708,0.0000,0.0000,0.0000
104737.453,0.011099,198.3742,1.862812268882e-07,290.1893,0.0000,0.0000,0.0000
104882.268,0.010847,199.2289,1.811589385170e-07,290.9216,0.0000,0.0000,0.0000
105027.283,0.010602,200.1028,1.761777497222e-07,291.6676,0.0000,0.0000,0.0000
105172.498,0.010363,200.9959,1.713338804166e-07,292.4275,0.0000,0.0000,0.0000
105317.914,0.010130,201.9083,1.666240194709e-07,293.2010,0.0000,0.0000,0.0000
105463.532,0.009903,202.8404,1.620446283823e-07,293.9885,0.0000,0.0000,0.0000
105609.350,0.009682,203.7922,1.575923249675e-07,294.7898,0.0000,0.0000,0.0000
105755.370,0.009467,204.7639,1.532639402058e-07,295.6050,0.0000,0.0000,0.0000
105901.592,0.009258,205.7556,1.490560634920e-07,296.4343,0.0000,0.0000,0.0000
106048.017,0.009054,206.7675,1.449658526553e-07,297.2775,0.0000,0.0000,0.0000
106194.643,0.008855,207.7997,1.409902239402e-07,298.1346,0.0000,0.0000,0.0000
106341.473,0.008661,208.8525,1.371256388438e-07,299.0060,0.0000,0.0000,0.0000
106488.505,0.008473,209.9260,1.333699231054e-07,299.8913,0.0000,0.0000,0.0000
106635.741,0.008289,211.0203,1.297196092764e-07,300.7907,0.0000,0.0000,0.0000
106783.180,0.008111,212.1357,1.261720825596e-07,301.7044,0.0000,0.0000,0.0000
106930.823,0.007936,213.2722,1.227246997360e-07,302.6321,0.0000,0.0000,0.0000
107078.670,0.007767,214.4301,1.193746470562e-07,303.5741,0.0000,0.0000,0.0000
107226.722,0.007602,215.6096,1.161191534038e-07,304.5303,0.0000,0.0000,0.0000
107374.979,0.007441,216.8107,1.129559308310e-07,305.5006,0.0000,0.0000,0.0000
107523.440,0.007284,218.0336,1.098823432244e-07,306.4853,0.0000,0.0000,0.0000
107672.107,0.007131,219.2785,1.068959818440e-07,307.4841,0.0000,0.0000,0.0000
107820.979,0.006982,220.5457,1.039943384740e-07,308.4973,0.0000,0.0000,0.0000
107970.057,0.006837,221.8351,1.011752317481e-07,309.5247,0.0000,0.0000,0.0000
108119.341,0.006696,223.1469,9.843629555917e-08,310.5663,0.0000,0.0000,0.0000
108268.832,0.006558,224.4814,9.577536985717e-08,311.6222,0.0000,0.0000,0.0000
108418.529,0.006424,225.8386,9.319026617050e-08,312.6924,0.0000,0.0000,0.0000
108568.433,0.006294,227.2188,9.067878181668e-08,313.7767,0.0000,0.0000,0.0000
108718.545,0.006166,228.6219,8.823906938460e-08,314.8752,0.0000,0.0000,0.0000
108868.864,0.006042,230.0482,8.586896171892e-08,315.9879,0.0000,0.0000,0.0000
109019.391,0.005922,231.4977,8.356656167052e-08,317.1147,0.0000,0.0000,0.0000
109170.126,0.005804,232.9706,8.133005025002e-08,318.2556,0.0000,0.0000,0.0000
109321.069,0.005689,234.4669,7.915748057030e-08,319.4106,0.0000,0.0000,0.0000
109472.221,0.005577,235.9868,7.704704785283e-08,320.5794,0.0000,0.0000,0.0000
109623.582,0.005468,237.5303,7.499702547875e-08,321.7623,0.0000,0.0000,0.0000
109775.153,0.005362,239.0976,7.300562998580e-08,322.9589,0.0000,0.0000,0.0000
109926.933,0.005258,240.6886,7.107135502338e-08,324.1693,0.0000,0.0000,0.0000
110078.923,0.005157,242.3035,6.919241002379e-08,325.3934,0.0000,0.0000,0.0000
110231.123,0.005058,243.9422,6.736740232327e-08,326.6310,0.0000,0.0000,0.0000
110383.533,0.004962,245.6051,6.559458398669e-08,327.8824,0.0000,0.0000,0.0000
110536.154,0.004869,247.2926,6.387235629290e-08,329.1476,0.0000,0.0000,0.0000
110688.986,0.004777,249.0049,6.219935499985e-08,330.4264,0.0000,0.0000,0.0000
110842.030,0.004688,250.7421,6.057403822979e-08,331.7192,0.0000,0.0000,0.0000
110995.285,0.004601,252.5046,5.899510568952e-08,333.0258,0.0000,0.0000,0.0000
111148.752,0.004517,254.2926,5.746105102844e-08,334.3463,0.0000,0.0000,0.0000
111302.431,0.004434,256.1065,5.597063434948e-08,335.6807,0.0000,0.0000,0.0000
111456.323,0.004353,257.9463,5.452252338500e-08,337.0291,0.0000,0.0000,0.0000
111610.427,0.004275,259.8125,5.311547468523e-08,338.3914,0.0000,0.0000,0.0000
111764.745,0.004198,261.7052,5.174829809107e-08,339.7679,0.0000,0.0000,0.0000
111919.276,0.004123,263.6246,5.041986739229e-08,341.1582,0.0000,0.0000,0.0000
112074.020,0.004050,265.5710,4.912893558640e-08,342.5625,0.0000,0.0000,0.0000
112228.979,0.003979,267.5447,4.787444751742e-08,343.9810,0.0000,0.0000,0.0000
112384.151,0.003909,269.5457,4.665540132009e-08,345.4133,0.0000,0.0000,0.0000
112539.539,0.003841,271.5744,4.547065657334e-08,346.8596,0.0000,0.0000,0.0000
112695.141,0.003775,273.6310,4.431923272818e-08,348.3200,0.0000,0.0000,0.0000
112850.958,0.003710,275.7157,4.320014213022e-08,349.7942,0.0000,0.0000,0.0000
113006.991,0.003647,277.8284,4.211252147002e-08,351.2823,0.0000,0.0000,0.0000
113163.239,0.003586,279.9696,4.105535822418e-08,352.7843,0.0000,0.0000,0.0000
113319.704,0.003526,282.1393,4.002781039958e-08,354.3000,0.0000,0.0000,0.0000
113476.385,0.003467,284.3378,3.902897560693e-08,355.8295,0.0000,0.0000,0.0000
113633.282,0.003410,286.5650,3.805807224921e-08,357.3725,0.0000,0.0000,0.0000
113790.396,0.003354,288.8211,3.711428320230e-08,358.9291,0.0000,0.0000,0.0000
113947.728,0.003299,291.1062,3.619677357847e-08,360.4991,0.0000,0.0000,0.0000
114105.277,0.003245,293.4203,3.530483994041e-08,362.0825,0.0000,0.0000,0.0000
114263.044,0.003193,295.7637,3.443768292755e-08,363.6790,0.0000,0.0000,0.0000
114421.029,0.003142,298.1361,3.359464884056e-08,365.2886,0.0000,0.0000,0.0000
114579.233,0.003092,300.5377,3.277499871501e-08,366.9111,0.0000,0.0000,0.0000
114737.655,0.003044,302.9685,3.197807885158e-08,368.5464,0.0000,0.0000,0.0000
114896.297,0.002996,305.4283,3.120322844552e-08,370.1942,0.0000,0.0000,0.0000
115055.157,0.002950,307.9174,3.044979024480e-08,371.8544,0.0000,0.0000,0.0000
115214.238,0.002904,310.4352,2.971720292066e-08,373.5266,0.0000,0.0000,0.0000
115373.538,0.002860,312.9818,2.900488560442e-08,375.2108,0.0000,0.0000,0.0000
115533.059,0.002817,315.5571,2.831218282040e-08,376.9066,0.0000,0.0000,0.0000
115692.800,0.002774,318.1609,2.763857587240e-08,378.6139,0.0000,0.0000,0.0000
115852.762,0.002733,320.7928,2.698356560416e-08,380.3321,0.0000,0.0000,0.0000
116012.945,0.002692,323.4527,2.634654805433e-08,382.0612,0.0000,0.0000,0.0000
116173.349,0.002653,326.1400,2.572708979187e-08,383.8007,0.0000,0.0000,0.0000
116333.976,0.002614,328.8547,2.512464902793e-08,385.5502,0.0000,0.0000,0.0000
116494.824,0.002576,331.5963,2.453875325159e-08,387.3095,0.0000,0.0000,0.0000
116655.895,0.002539,334.3640,2.396898324264e-08,389.0781,0.0000,0.0000,0.0000
116817.189,0.002503,337.1577,2.341480964674e-08,390.8556,0.0000,0.0000,0.0000
116978.705,0.002467,339.9766,2.287587896888e-08,392.6414,0.0000,0.0000,0.0000
117140.445,0.002432,342.8201,2.235173290899e-08,394.4351,0.0000,0.0000,0.0000
117302.409,0.002398,345.6875,2.184196290500e-08,396.2363,0.0000,0.0000,0.0000
117464.596,0.002365,348.5782,2.134615506577e-08,398.0444,0.0000,0.0000,0.0000
117627.008,0.002333,351.4912,2.086397365986e-08,399.8587,0.0000,0.0000,0.0000
117789.644,0.002301,354.4256,2.039500657247e-08,401.6788,0.0000,0.0000,0.0000
117952.506,0.002270,357.3806,1.993889497953e-08,403.5041,0.0000,0.0000,0.0000
118115.592,0.002239,360.3550,1.949531025502e-08,405.3336,0.0000,0.0000,0.0000
118278.904,0.002209,363.3477,1.906390956208e-08,407.1669,0.0000,0.0000,0.0000
118442.441,0.002180,366.3577,1.864433762933e-08,409.0033,0.0000,0.0000,0.0000
118606.205,0.002151,369.3835,1.823630668696e-08,410.8418,0.0000,0.0000,0.0000
118770.195,0.002123,372.4237,1.783950054346e-08,412.6817,0.0000,0.0000,0.0000
118934.412,0.002096,375.4769,1.745362254724e-08,414.5221,0.0000,0.0000,0.0000
119098.856,0.002069,378.5417,1.707836361220e-08,416.3624,0.0000,0.0000,0.0000
119263.528,0.002042,381.6163,1.671345728482e-08,418.2014,0.0000,0.0000,0.0000
119428.427,0.002016,384.6990,1.635862112437e-08,420.0383,0.0000,0.0000,0.0000
119593.554,0.001991,387.7877,1.601361176995e-08,421.8719,0.0000,0.0000,0.0000
119758.909,0.001966,390.8808,1.567815388626e-08,423.7015,0.0000,0.0000,0.0000
119924.493,0.001942,393.9760,1.535201299419e-08,425.5258,0.0000,0.0000,0.0000
120090.306,0.001918,397.0713,1.503492796928e-08,427.3437,0.0000,0.0000,0.0000
120256.348,0.001894,400.1641,1.472669008962e-08,429.1540,0.0000,0.0000,0.0000
120422.620,0.001871,403.2523,1.442704711252e-08,430.9556,0.0000,0.0000,0.0000
120589.121,0.001849,406.3333,1.413580541509e-08,432.7472,0.0000,0.0000,0.0000
120755.853,0.001826,409.4043,1.385273495913e-08,434.5276,0.0000,0.0000,0.0000
120922.816,0.001805,412.4627,1.357763323995e-08,436.2955,0.0000,0.0000,0.0000
121090.009,0.001783,415.5058,1.331028709473e-08,438.0494,0.0000,0.0000,0.0000
121257.433,0.001762,418.5301,1.305053576317e-08,439.7880,0.0000,0.0000,0.0000
121425.089,0.001742,421.5330,1.279815897703e-08,441.5100,0.0000,0.0000,0.0000
121592.977,0.001722,424.5111,1.255297821245e-08,443.2136,0.0000,0.0000,0.0000
121761.097,0.001702,427.4608,1.231483803821e-08,444.8974,0.0000,0.0000,0.0000
121929.449,0.001682,430.3791,1.208353417326e-08,446.5599,0.0000,0.0000,0.0000
122098.034,0.001663,433.2620,1.185892273270e-08,448.1996,0.0000,0.0000,0.0000
122266.852,0.001644,436.1060,1.164083673899e-08,449.8146,0.0000,0.0000,0.0000
122435.904,0.001626,438.9073,1.142911543184e-08,451.4035,0.0000,0.0000,0.0000
122605.189,0.001607,441.6620,1.122361137362e-08,452.9644,0.0000,0.0000,0.0000
122774.708,0.001589,444.3663,1.102415492227e-08,454.4957,0.0000,0.0000,0.0000
122944.462,0.001572,447.0159,1.083062972640e-08,455.9957,0.0000,0.0000,0.0000
123114.450,0.001554,449.6066,1.064288568386e-08,457.4624,0.0000,0.0000,0.0000
123284.674,0.001537,452.1344,1.046077446887e-08,458.8943,0.0000,0.0000,0.0000
123455.133,0.001521,455.0881,1.027391505204e-08,460.5326,0.0000,0.0000,0.0000
123625.827,0.001504,457.5659,1.010109595967e-08,461.9322,0.0000,0.0000,0.0000
123796.758,0.001488,460.0389,9.932080047292e-09,463.3261,0.0000,0.0000,0.0000
123967.925,0.001472,462.5070,9.766782937959e-09,464.7146,0.0000,0.0000,0.0000
124139.328,0.001456,464.9702,9.605093609366e-09,466.0975,0.0000,0.0000,0.0000
124310.969,0.001440,467.4285,9.446913473710e-09,467.4750,0.0000,0.0000,0.0000
124482.847,0.001425,469.8820,9.292144831363e-09,468.8469,0.0000,0.0000,0.0000
124654.962,0.001410,472.3305,9.140705969912e-09,470.2134,0.0000,0.0000,0.0000
124827.316,0.001395,474.7742,8.992492972482e-09,471.5746,0.0000,0.0000,0.0000
124999.907,0.001381,477.2130,8.847426791192e-09,472.9305,0.0000,0.0000,0.0000
125172.738,0.001366,479.6469,8.705425713629e-09,474.2809,0.0000,0.0000,0.0000
125345.807,0.001352,482.0759,8.566396481058e-09,475.6263,0.0000,0.0000,0.0000
125519.116,0.001338,484.5000,8.430279585525e-09,476.9664,0.0000,0.0000,0.0000
125692.664,0.001324,486.9193,8.296987097367e-09,478.3012,0.0000,0.0000,0.0000
125866.452,0.001310,489.3336,8.166447962310e-09,479.6310,0.0000,0.0000,0.0000
126040.481,0.001297,491.7429,8.038595566973e-09,480.9557,0.0000,0.0000,0.0000
126214.750,0.001284,494.1475,7.913349087119e-09,482.2753,0.0000,0.0000,0.0000
126389.260,0.001271,496.5471,7.790654343864e-09,483.5899,0.0000,0.0000,0.0000
126564.011,0.001258,498.9418,7.670441171115e-09,484.8996,0.0000,0.0000,0.0000
126739.004,0.001245,501.3317,7.552642955488e-09,486.2042,0.0000,0.0000,0.0000
126914.239,0.001233,503.7166,7.437209514904e-09,487.5039,0.0000,0.0000,0.0000
127089.717,0.001220,506.0966,7.324071571446e-09,488.7988,0.0000,0.0000,0.0000
127265.436,0.001208,508.4717,7.213175390319e-09,490.0888,0.0000,0.0000,0.0000
127441.399,0.001196,510.8420,7.104463684016e-09,491.3741,0.0000,0.0000,0.0000
127617.605,0.001185,513.2074,6.997885382276e-09,492.6546,0.0000,0.0000,0.0000
127794.055,0.001173,515.5677,6.893390747109e-09,493.9303,0.0000,0.0000,0.0000
127970.749,0.001161,517.9233,6.790921158739e-09,495.2013,0.0000,0.0000,0.0000
128147.687,0.001150,520.2740,6.690429987799e-09,496.4679,0.0000,0.0000,0.0000
128324.869,0.001139,522.6197,6.591874157635e-09,497.7296,0.0000,0.0000,0.0000
128502.297,0.001128,524.9605,6.495204374346e-09,498.9867,0.0000,0.0000,0.0000
128679.970,0.001117,527.2964,6.400375784921e-09,500.2393,0.0000,0.0000,0.0000
128857.889,0.001106,529.6274,6.307343092260e-09,501.4874,0.0000,0.0000,0.0000
129036.053,0.001096,531.9534,6.216068548781e-09,502.7309,0.0000,0.0000,0.0000
129214.464,0.001085,534.2745,6.126507301474e-09,503.9701,0.0000,0.0000,0.0000
129393.122,0.001075,536.5909,6.038612720971e-09,505.2047,0.0000,0.0000,0.0000
129572.026,0.001065,538.9021,5.952361714634e-09,506.4349,0.0000,0.0000,0.0000
129751.178,0.001054,541.2086,5.867700103579e-09,507.6609,0.0000,0.0000,0.0000
129930.578,0.001045,543.5101,5.784600354275e-09,508.8824,0.0000,0.0000,0.0000
130110.226,0.001035,545.8068,5.703016725533e-09,510.0998,0.0000,0.0000,0.0000
130290.122,0.001025,548.0984,5.622933674232e-09,511.3127,0.0000,0.0000,0.0000
130470.267,0.001015,550.3852,5.544298797844e-09,512.5214,0.0000,0.0000,0.0000
130650.661,0.001006,552.6672,5.467080121946e-09,513.7260,0.0000,0.0000,0.0000
130831.304,0.000997,554.9441,5.391260327059e-09,514.9263,0.0000,0.0000,0.0000
131012.197,0.000988,557.2162,5.316795448351e-09,516.1224,0.0000,0.0000,0.0000
131193.341,0.000978,559.4835,5.243654843667e-09,517.3147,0.0000,0.0000,0.0000
131374.734,0.000969,561.7457,5.171816308547e-09,518.5026,0.0000,0.0000,0.0000
131556.379,0.000961,564.0031,5.101248312656e-09,519.6865,0.0000,0.0000,0.0000
131738.275,0.000952,566.2556,5.031919769749e-09,520.8665,0.0000,0.0000,0.0000
131920.422,0.000943,568.5031,4.963809363545e-09,522.0423,0.0000,0.0000,0.0000
132102.821,0.000935,570.7455,4.896888672334e-09,523.2141,0.0000,0.0000,0.0000
132285.472,0.000926,572.9834,4.831122613069e-09,524.3821,0.0000,0.0000,0.0000
132468.376,0.000918,575.2160,4.766502303966e-09,525.5461,0.0000,0.0000,0.0000
132651.532,0.000910,577.4440,4.702987332905e-09,526.7063,0.0000,0.0000,0.0000
132834.942,0.000902,579.6670,4.640563489033e-09,527.8625,0.0000,0.0000,0.0000
133018.606,0.000894,581.8850,4.579207679711e-09,529.0149,0.0000,0.0000,0.0000
133202.523,0.000886,584.0982,4.518889262783e-09,530.1635,0.0000,0.0000,0.0000
133386.695,0.000878,586.3063,4.459598468287e-09,531.3082,0.0000,0.0000,0.0000
133571.121,0.000870,588.5098,4.401301545442e-09,532.4493,0.0000,0.0000,0.0000
133755.802,0.000862,590.7081,4.343986059752e-09,533.5866,0.0000,0.0000,0.0000
133940.739,0.000855,592.9017,4.287626698130e-09,534.7202,0.0000,0.0000,0.0000
134125.932,0.000847,595.0903,4.232203476562e-09,535.8502,0.0000,0.0000,0.0000
134311.380,0.000840,597.2741,4.177697743302e-09,536.9764,0.0000,0.0000,0.0000
134497.085,0.000833,599.4528,4.124096175673e-09,538.0991,0.0000,0.0000,0.0000
134683.046,0.000825,601.6267,4.071374348769e-09,539.2179,0.0000,0.0000,0.0000
134869.265,0.000818,603.7957,4.019514943110e-09,540.3334,0.0000,0.0000,0.0000
135055.741,0.000811,605.9598,3.968498418772e-09,541.4452,0.0000,0.0000,0.0000
135242.475,0.000804,608.1190,3.918312785345e-09,542.5536,0.0000,0.0000,0.0000
135429.468,0.000797,610.2733,3.868938058815e-09,543.6583,0.0000,0.0000,0.0000
135616.718,0.000790,612.4226,3.820360472417e-09,544.7596,0.0000,0.0000,0.0000
135804.228,0.000784,614.5672,3.772557377602e-09,545.8575,0.0000,0.0000,0.0000
135991.997,0.000777,616.7068,3.725519448494e-09,546.9519,0.0000,0.0000,0.0000
136180.026,0.000770,618.8414,3.679234472642e-09,548.0428,0.0000,0.0000,0.0000
136368.314,0.000764,620.9713,3.633678025139e-09,549.1305,0.0000,0.0000,0.0000
136556.863,0.000757,623.0962,3.588841890334e-09,550.2148,0.0000,0.0000,0.0000
136745.672,0.000751,625.2160,3.544714299863e-09,551.2954,0.0000,0.0000,0.0000
136934.743,0.000745,627.3311,3.501275269713e-09,552.3730,0.0000,0.0000,0.0000
137124.075,0.000739,629.4413,3.458514807875e-09,553.4473,0.0000,0.0000,0.0000
137313.669,0.000732,631.5468,3.416414928736e-09,554.5182,0.0000,0.0000,0.0000
137503.525,0.000726,633.6470,3.374972301629e-09,555.5858,0.0000,0.0000,0.0000
137693.643,0.000720,635.7426,3.334165388225e-09,556.6503,0.0000,0.0000,0.0000
137884.025,0.000714,637.8331,3.293989747633e-09,557.7114,0.0000,0.0000,0.0000
138074.669,0.000708,639.9190,3.254423397436e-09,558.7695,0.0000,0.0000,0.0000
138265.577,0.000703,641.9998,3.215464783324e-09,559.8243,0.0000,0.0000,0.0000
138456.749,0.000697,644.0758,3.177094809459e-09,560.8760,0.0000,0.0000,0.0000
138648.186,0.000691,646.1469,3.139307480637e-09,561.9244,0.0000,0.0000,0.0000
138839.887,0.000685,648.2130,3.102091250540e-09,562.9698,0.0000,0.0000,0.0000
139031.853,0.000680,650.2744,3.065430798088e-09,564.0121,0.0000,0.0000,0.0000
139224.085,0.000674,652.3307,3.029322792614e-09,565.0513,0.0000,0.0000,0.0000
139416.582,0.000669,654.3822,2.993751913039e-09,566.0875,0.0000,0.0000,0.0000
139609.346,0.000663,656.4288,2.958709055534e-09,567.1206,0.0000,0.0000,0.0000
139802.376,0.000658,658.4706,2.924186448539e-09,568.1508,0.0000,0.0000,0.0000
139995.673,0.000653,660.5075,2.890170769376e-09,569.1779,0.0000,0.0000,0.0000
140189.237,0.000647,662.5396,2.856653802397e-09,570.2021,0.0000,0.0000,0.0000
140383.069,0.000642,664.5667,2.823630440574e-09,571.2232,0.0000,0.0000,0.0000
140577.168,0.000637,666.5890,2.791088471454e-09,572.2415,0.0000,0.0000,0.0000
140771.537,0.000632,668.6064,2.759018791210e-09,573.2567,0.0000,0.0000,0.0000
140966.174,0.000627,670.6189,2.727414516457e-09,574.2690,0.0000,0.0000,0.0000
141161.080,0.000622,672.6267,2.696263878832e-09,575.2786,0.0000,0.0000,0.0000
141356.255,0.000617,674.6295,2.665562881532e-09,576.2853,0.0000,0.0000,0.0000
141551.701,0.000612,676.6274,2.635303975040e-09,577.2891,0.0000,0.0000,0.0000
141747.416,0.000607,678.6205,2.605474280770e-09,578.2900,0.0000,0.0000,0.0000
141943.403,0.000603,680.6087,2.576070690097e-09,579.2881,0.0000,0.0000,0.0000
142139.660,0.000598,682.5921,2.547083433058e-09,580.2834,0.0000,0.0000,0.0000
142336.188,0.000593,684.5706,2.518507624671e-09,581.2759,0.0000,0.0000,0.0000
142532.989,0.000588,686.5443,2.490332162708e-09,582.2657,0.0000,0.0000,0.0000
142730.061,0.000584,688.5130,2.462553716498e-09,583.2527,0.0000,0.0000,0.0000
142927.406,0.000579,690.4769,2.435164070391e-09,584.2369,0.0000,0.0000,0.0000
143125.024,0.000575,692.4362,2.408153676470e-09,585.2186,0.0000,0.0000,0.0000
143322.915,0.000570,694.3904,2.381520092243e-09,586.1975,0.0000,0.0000,0.0000
143521.079,0.000566,696.3397,2.355257100461e-09,587.1736,0.0000,0.0000,0.0000
143719.518,0.000562,698.2843,2.329354709119e-09,588.1472,0.0000,0.0000,0.0000
143918.231,0.000557,700.2241,2.303808477322e-09,589.1180,0.0000,0.0000,0.0000
144117.219,0.000553,702.1589,2.278613298046e-09,590.0862,0.0000,0.0000,0.0000
144316.481,0.000549,704.0890,2.253761399729e-09,591.0519,0.0000,0.0000,0.0000
144516.020,0.000544,706.0143,2.229248341479e-09,592.0150,0.0000,0.0000,0.0000
144715.834,0.000540,707.9346,2.205067684002e-09,592.9754,0.0000,0.0000,0.0000
144915.924,0.000536,709.8502,2.181214542318e-09,593.9333,0.0000,0.0000,0.0000
145116.292,0.000532,711.7609,2.157684475534e-09,594.8885,0.0000,0.0000,0.0000
145316.936,0.000528,713.6669,2.134467491643e-09,595.8413,0.0000,0.0000,0.0000
145517.857,0.000524,715.5679,2.111564922913e-09,596.7914,0.0000,0.0000,0.0000
145719.057,0.000520,717.4641,2.088966111202e-09,597.7391,0.0000,0.0000,0.0000
145920.534,0.000516,719.3556,2.066668169931e-09,598.6843,0.0000,0.0000,0.0000
146122.291,0.000512,721.2422,2.044666436163e-09,599.6270,0.0000,0.0000,0.0000
146324.326,0.000508,723.1241,2.022954914693e-09,600.5672,0.0000,0.0000,0.0000
146526.640,0.000504,725.0011,2.001530274853e-09,601.5051,0.0000,0.0000,0.0000
146729.234,0.000501,726.8733,1.980387409617e-09,602.4404,0.0000,0.0000,0.0000
146932.109,0.000497,728.7407,1.959520767869e-09,603.3734,0.0000,0.0000,0.0000
147135.264,0.000493,730.6033,1.938927018941e-09,604.3039,0.0000,0.0000,0.0000
147338.699,0.000490,732.4611,1.918602388074e-09,605.2319,0.0000,0.0000,0.0000
147542.416,0.000486,734.3141,1.898539769840e-09,606.1576,0.0000,0.0000,0.0000
147746.415,0.000482,736.1622,1.878738498107e-09,607.0809,0.0000,0.0000,0.0000
147950.696,0.000479,738.0057,1.859190801312e-09,608.0020,0.0000,0.0000,0.0000
148155.259,0.000475,739.8442,1.839896124345e-09,608.9205,0.0000,0.0000,0.0000
148360.105,0.000472,741.6781,1.820847472800e-09,609.8367,0.0000,0.0000,0.0000
148565.234,0.000468,743.5072,1.802042404186e-09,610.7508,0.0000,0.0000,0.0000
148770.647,0.000465,745.3314,1.783477476813e-09,611.6624,0.0000,0.0000,0.0000
148976.344,0.000461,747.1510,1.765147028543e-09,612.5717,0.0000,0.0000,0.0000
149182.325,0.000458,748.9657,1.747050171197e-09,613.4789,0.0000,0.0000,0.0000
149388.591,0.000455,750.7756,1.729180909571e-09,614.3836,0.0000,0.0000,0.0000
149595.142,0.000451,752.5807,1.711537689353e-09,615.2863,0.0000,0.0000,0.0000
149801.979,0.000448,754.3813,1.694114182271e-09,616.1865,0.0000,0.0000,0.0000
150009.102,0.000445,756.1769,1.676909389126e-09,617.0847,0.0000,0.0000,0.0000
150216.511,0.000441,757.9678,1.659919868224e-09,617.9804,0.0000,0.0000,0.0000
150424.207,0.000438,759.7539,1.643141067653e-09,618.8740,0.0000,0.0000,0.0000
150632.191,0.000435,761.5352,1.626571544122e-09,619.7654,0.0000,0.0000,0.0000
150840.461,0.000432,763.3119,1.610205191405e-09,620.6547,0.0000,0.0000,0.0000
151049.020,0.000429,765.0838,1.594040788255e-09,621.5417,0.0000,0.0000,0.0000
151257.867,0.000426,766.8510,1.578075559117e-09,622.4267,0.0000,0.0000,0.0000
151467.003,0.000423,768.6133,1.562306617409e-09,623.3093,0.0000,0.0000,0.0000
151676.428,0.000419,770.3710,1.546729633262e-09,624.1899,0.0000,0.0000,0.0000
151886.142,0.000416,772.1239,1.531342830319e-09,625.0685,0.0000,0.0000,0.0000
152096.147,0.000413,773.8721,1.516142877911e-09,625.9448,0.0000,0.0000,0.0000
152306.442,0.000410,775.6156,1.501126778436e-09,626.8192,0.0000,0.0000,0.0000
152517.027,0.000408,777.3544,1.486292200426e-09,627.6913,0.0000,0.0000,0.0000
152727.904,0.000405,779.0884,1.471637034456e-09,628.5615,0.0000,0.0000,0.0000
152939.072,0.000402,780.8176,1.457157616791e-09,629.4294,0.0000,0.0000,0.0000
153150.533,0.000399,782.5422,1.442851504940e-09,630.2953,0.0000,0.0000,0.0000
153362.285,0.000396,784.2622,1.428716367435e-09,631.1592,0.0000,0.0000,0.0000
153574.331,0.000393,785.9774,1.414749761786e-09,632.0212,0.0000,0.0000,0.0000
153786.670,0.000390,787.6877,1.400949467545e-09,632.8809,0.0000,0.0000,0.0000
153999.302,0.000388,789.3936,1.387312598133e-09,633.7388,0.0000,0.0000,0.0000
154212.228,0.000385,791.0947,1.373835822882e-09,634.5946,0.0000,0.0000,0.0000
154425.449,0.000382,792.7910,1.360519363836e-09,635.4484,0.0000,0.0000,0.0000
154638.964,0.000379,794.4827,1.347358780102e-09,636.3001,0.0000,0.0000,0.0000
154852.775,0.000377,796.1698,1.334352184301e-09,637.1500,0.0000,0.0000,0.0000
155066.881,0.000374,797.8522,1.321497911100e-09,637.9979,0.0000,0.0000,0.0000
155281.283,0.000372,799.5298,1.308793518007e-09,638.8438,0.0000,0.0000,0.0000
155495.982,0.000369,801.2029,1.296236118442e-09,639.6877,0.0000,0.0000,0.0000
155710.978,0.000366,802.8711,1.283825823428e-09,640.5297,0.0000,0.0000,0.0000
155926.271,0.000364,804.5348,1.271557970028e-09,641.3699,0.0000,0.0000,0.0000
156141.861,0.000361,806.1938,1.259432225176e-09,642.2079,0.0000,0.0000,0.0000
156357.750,0.000359,807.8480,1.247445924335e-09,643.0441,0.0000,0.0000,0.0000
156573.937,0.000356,809.4979,1.235595958882e-09,643.8787,0.0000,0.0000,0.0000
156790.423,0.000354,811.1428,1.223883105972e-09,644.7111,0.0000,0.0000,0.0000
157007.208,0.000351,812.7832,1.212303590847e-09,645.5417,0.0000,0.0000,0.0000
157224.294,0.000349,814.4189,1.200855859196e-09,646.3705,0.0000,0.0000,0.0000
157441.679,0.000346,816.0501,1.189537690571e-09,647.1973,0.0000,0.0000,0.0000
157659.365,0.000344,817.6765,1.178348085773e-09,648.0223,0.0000,0.0000,0.0000
157877.351,0.000342,819.2985,1.167284713333e-09,648.8455,0.0000,0.0000,0.0000
158095.640,0.000339,820.9156,1.156346352005e-09,649.6667,0.0000,0.0000,0.0000
158314.230,0.000337,822.5282,1.145531114410e-09,650.4862,0.0000,0.0000,0.0000
158533.122,0.000335,824.1362,1.134836224992e-09,651.3038,0.0000,0.0000,0.0000
158752.317,0.000332,825.7396,1.124261683749e-09,652.1198,0.0000,0.0000,0.0000
158971.815,0.000330,827.3384,1.113804826147e-09,652.9339,0.0000,0.0000,0.0000
159191.616,0.000328,828.9326,1.103464430940e-09,653.7462,0.0000,0.0000,0.0000
159411.722,0.000325,830.5222,1.093238499728e-09,654.5568,0.0000,0.0000,0.0000
159632.131,0.000323,832.1071,1.083127032508e-09,655.3655,0.0000,0.0000,0.0000
159852.846,0.000321,833.6874,1.073126254525e-09,656.1724,0.0000,0.0000,0.0000
160073.865,0.000319,835.2633,1.062851140432e-09,657.0051,0.0000,0.0000,0.0000
160295.191,0.000316,836.8345,1.053076625901e-09,657.8085,0.0000,0.0000,0.0000
160516.822,0.000314,838.4011,1.043409025847e-09,658.6100,0.0000,0.0000,0.0000
160738.759,0.000312,839.9631,1.033847230048e-09,659.4100,0.0000,0.0000,0.0000
160961.004,0.000310,841.5206,1.024389684190e-09,660.2081,0.0000,0.0000,0.0000
161183.556,0.000308,843.0737,1.015034167828e-09,661.0045,0.0000,0.0000,0.0000
161406.415,0.000306,844.6220,1.005781569141e-09,661.7992,0.0000,0.0000,0.0000
161629.583,0.000304,846.1658,9.966288905261e-10,662.5922,0.0000,0.0000,0.0000
161853.059,0.000302,847.7051,9.875747997157e-10,663.3835,0.0000,0.0000,0.0000
162076.844,0.000300,849.2398,9.786180754645e-10,664.1733,0.0000,0.0000,0.0000
162300.939,0.000298,850.7700,9.697579406165e-10,664.9612,0.0000,0.0000,0.0000
162525.343,0.000296,852.2957,9.609928408594e-10,665.7474,0.0000,0.0000,0.0000
162750.058,0.000294,853.8168,9.523213329032e-10,666.5322,0.0000,0.0000,0.0000
162975.083,0.000292,855.3334,9.437426395920e-10,667.3152,0.0000,0.0000,0.0000
163200.420,0.000290,856.8455,9.352552066133e-10,668.0965,0.0000,0.0000,0.0000
163426.068,0.000288,858.3530,9.268581457889e-10,668.8763,0.0000,0.0000,0.0000
163652.028,0.000286,859.8560,9.185502358733e-10,669.6545,0.0000,0.0000,0.0000
163878.301,0.000284,861.3545,9.103303111324e-10,670.4309,0.0000,0.0000,0.0000
164104.886,0.000282,862.8486,9.021963731648e-10,671.2059,0.0000,0.0000,0.0000
164331.785,0.000280,864.3381,8.941486995262e-10,671.9791,0.0000,0.0000,0.0000
164558.997,0.000278,865.8231,8.861859024378e-10,672.7507,0.0000,0.0000,0.0000
164786.524,0.000276,867.3038,8.783058169648e-10,673.5209,0.0000,0.0000,0.0000
165014.365,0.000274,868.7798,8.705087206629e-10,674.2894,0.0000,0.0000,0.0000
165242.521,0.000273,870.2515,8.627925041083e-10,675.0564,0.0000,0.0000,0.0000
165470.993,0.000271,871.7185,8.551574448568e-10,675.8217,0.0000,0.0000,0.0000
165699.780,0.000269,873.1813,8.476008228619e-10,676.5856,0.0000,0.0000,0.0000
165928.884,0.000267,874.6394,8.401234152799e-10,677.3478,0.0000,0.0000,0.0000
166158.305,0.000265,876.0931,8.327227241089e-10,678.1085,0.0000,0.0000,0.0000
166388.042,0.000264,877.5425,8.253985273043e-10,678.8678,0.0000,0.0000,0.0000
166618.098,0.000262,878.9873,8.181500477100e-10,679.6255,0.0000,0.0000,0.0000
166848.471,0.000260,880.4276,8.109764526587e-10,680.3815,0.0000,0.0000,0.0000
167079.163,0.000258,881.8637,8.038754106821e-10,681.1362,0.0000,0.0000,0.0000
167310.175,0.000257,883.2953,7.968474768916e-10,681.8893,0.0000,0.0000,0.0000
167541.505,0.000255,884.7224,7.898916520865e-10,682.6409,0.0000,0.0000,0.0000
167773.155,0.000253,886.1451,7.830062709324e-10,683.3911,0.0000,0.0000,0.0000
168005.126,0.000252,887.5634,7.761912224069e-10,684.1396,0.0000,0.0000,0.0000
168237.417,0.000250,888.9772,7.694455628204e-10,684.8867,0.0000,0.0000,0.0000
168470.030,0.000248,890.3867,7.627676823496e-10,685.6325,0.0000,0.0000,0.0000
168702.964,0.000247,891.7917,7.561578585502e-10,686.3766,0.0000,0.0000,0.0000
168936.220,0.000245,893.1924,7.496143705765e-10,687.1195,0.0000,0.0000,0.0000
169169.799,0.000243,894.5887,7.431366078059e-10,687.8607,0.0000,0.0000,0.0000
169403.700,0.000242,895.9806,7.367239596157e-10,688.6005,0.0000,0.0000,0.0000
169637.925,0.000240,897.3682,7.303755378274e-10,689.3389,0.0000,0.0000,0.0000
169872.474,0.000239,898.7513,7.240911203965e-10,690.0758,0.0000,0.0000,0.0000
170107.347,0.000237,900.1301,7.178687644327e-10,690.8115,0.0000,0.0000,0.0000
170342.545,0.000236,901.5045,7.117089140252e-10,691.5455,0.0000,0.0000,0.0000
170578.068,0.000234,902.8746,7.056100703728e-10,692.2782,0.0000,0.0000,0.0000
170813.917,0.000232,904.2404,6.995716228531e-10,693.0095,0.0000,0.0000,0.0000
171050.092,0.000231,905.6018,6.935930163543e-10,693.7394,0.0000,0.0000,0.0000
171286.594,0.000229,906.9588,6.876738067874e-10,694.4678,0.0000,0.0000,0.0000
171523.422,0.000228,908.3115,6.818126063735e-10,695.1948,0.0000,0.0000,0.0000
171760.578,0.000226,909.6599,6.760094706237e-10,695.9206,0.0000,0.0000,0.0000
171998.062,0.000225,911.0040,6.702629562483e-10,696.6450,0.0000,0.0000,0.0000
172235.874,0.000223,912.3438,6.645731187582e-10,697.3679,0.0000,0.0000,0.0000
172474.015,0.000222,913.6793,6.589386813971e-10,698.0894,0.0000,0.0000,0.0000
172712.485,0.000221,915.0104,6.533593666092e-10,698.8096,0.0000,0.0000,0.0000
172951.285,0.000219,916.3372,6.478345637717e-10,699.5286,0.0000,0.0000,0.0000
173190.415,0.000218,917.6599,6.423631626618e-10,700.2461,0.0000,0.0000,0.0000
173429.876,0.000216,918.9781,6.369452187904e-10,700.9622,0.0000,0.0000,0.0000
173669.667,0.000215,920.2921,6.315796774459e-10,701.6770,0.0000,0.0000,0.0000
173909.791,0.000214,921.6018,6.262662610723e-10,702.3905,0.0000,0.0000,0.0000
174150.246,0.000212,922.9073,6.210036929133e-10,703.1027,0.0000,0.0000,0.0000
174391.034,0.000211,924.2086,6.157921395022e-10,703.8136,0.0000,0.0000,0.0000
174632.155,0.000209,925.5055,6.106307126608e-10,704.5231,0.0000,0.0000,0.0000
174873.609,0.000208,926.7982,6.055186907439e-10,705.2313,0.0000,0.0000,0.0000
175115.397,0.000207,928.0867,6.004557961958e-10,705.9383,0.0000,0.0000,0.0000
175357.519,0.000205,929.3708,5.954414183940e-10,706.6437,0.0000,0.0000,0.0000
175599.976,0.000204,930.6509,5.904747801821e-10,707.3480,0.0000,0.0000,0.0000
175842.768,0.000203,931.9266,5.855553819600e-10,708.0511,0.0000,0.0000,0.0000
176085.896,0.000201,933.1982,5.806830571942e-10,708.7529,0.0000,0.0000,0.0000
176329.361,0.000200,934.4655,5.758567511727e-10,709.4532,0.0000,0.0000,0.0000
176573.161,0.000199,935.7286,5.710762418509e-10,710.1525,0.0000,0.0000,0.0000
176817.299,0.000197,936.9876,5.663408630951e-10,710.8505,0.0000,0.0000,0.0000
177061.775,0.000196,938.2423,5.616506149053e-10,711.5471,0.0000,0.0000,0.0000
177306.588,0.000195,939.4929,5.570040539915e-10,712.2425,0.0000,0.0000,0.0000
177551.740,0.000194,940.7393,5.524015134206e-10,712.9367,0.0000,0.0000,0.0000
177797.231,0.000192,941.9814,5.478422160365e-10,713.6296,0.0000,0.0000,0.0000
178043.061,0.000191,943.2195,5.433254401943e-10,714.3213,0.0000,0.0000,0.0000
178289.231,0.000190,944.4533,5.388512414051e-10,715.0117,0.0000,0.0000,0.0000
178535.742,0.000189,945.6830,5.344188425127e-10,715.7009,0.0000,0.0000,0.0000
178782.593,0.000188,946.9086,5.300274663611e-10,716.3888,0.0000,0.0000,0.0000
179029.786,0.000186,948.1300,5.256771684614e-10,717.0756,0.0000,0.0000,0.0000
179277.320,0.000185,949.3472,5.213675047244e-10,717.7612,0.0000,0.0000,0.0000
179525.197,0.000184,950.5604,5.170974759494e-10,718.4454,0.0000,0.0000,0.0000
179773.417,0.000183,951.7695,5.128669711141e-10,719.1287,0.0000,0.0000,0.0000
180021.979,0.000182,952.9744,5.086759902184e-10,719.8105,0.0000,0.0000,0.0000
180270.886,0.000180,954.1752,5.045232565060e-10,720.4911,0.0000,0.0000,0.0000
180520.136,0.000179,955.3719,5.004089920213e-10,721.1707,0.0000,0.0000,0.0000
180769.731,0.000178,956.5645,4.963326971641e-10,721.8491,0.0000,0.0000,0.0000
181019.672,0.000177,957.7529,4.922938168228e-10,722.5263,0.0000,0.0000,0.0000
181269.957,0.000176,958.9374,4.882917403748e-10,723.2021,0.0000,0.0000,0.0000
181520.589,0.000175,960.1177,4.843266343535e-10,723.8771,0.0000,0.0000,0.0000
181771.568,0.000174,961.2939,4.803975550693e-10,724.5507,0.0000,0.0000,0.0000
182022.893,0.000173,962.4662,4.765043359889e-10,725.2231,0.0000,0.0000,0.0000
182274.566,0.000171,963.6344,4.726464775118e-10,725.8945,0.0000,0.0000,0.0000
182526.587,0.000170,964.7984,4.688239796380e-10,726.5646,0.0000,0.0000,0.0000
182778.956,0.000169,965.9585,4.650358431668e-10,727.2336,0.0000,0.0000,0.0000
183031.674,0.000168,967.1145,4.612822623873e-10,727.9017,0.0000,0.0000,0.0000
183284.742,0.000167,968.2665,4.575626544323e-10,728.5682,0.0000,0.0000,0.0000
183538.160,0.000166,969.4145,4.538764919459e-10,729.2339,0.0000,0.0000,0.0000
183791.928,0.000165,970.5584,4.502237194171e-10,729.8982,0.0000,0.0000,0.0000
184046.046,0.000164,971.6984,4.466037539785e-10,730.5617,0.0000,0.0000,0.0000
184300.517,0.000163,972.8343,4.430165678748e-10,731.2238,0.0000,0.0000,0.0000
184555.339,0.000162,973.9662,4.394612729275e-10,731.8848,0.0000,0.0000,0.0000
184810.513,0.000161,975.0941,4.359381466923e-10,732.5449,0.0000,0.0000,0.0000
185066.040,0.000160,976.2181,4.324463009908e-10,733.2039,0.0000,0.0000,0.0000
185321.921,0.000159,977.3381,4.289859023565e-10,733.8615,0.0000,0.0000,0.0000
185578.155,0.000158,978.4541,4.255561736333e-10,734.5182,0.0000,0.0000,0.0000
185834.744,0.000157,979.5662,4.221570315543e-10,735.1737,0.0000,0.0000,0.0000
186091.687,0.000156,980.6743,4.187880320305e-10,735.8282,0.0000,0.0000,0.0000
186348.985,0.000155,981.7783,4.154492305730e-10,736.4814,0.0000,0.0000,0.0000
186606.640,0.000154,982.8786,4.121396557366e-10,737.1338,0.0000,0.0000,0.0000
186864.650,0.000153,983.9749,4.088597238550e-10,737.7851,0.0000,0.0000,0.0000
187123.018,0.000152,985.0671,4.056087132831e-10,738.4351,0.0000,0.0000,0.0000
187381.742,0.000151,986.1556,4.023862076874e-10,739.0842,0.0000,0.0000,0.0000
187640.825,0.000150,987.2401,3.991922903346e-10,739.7321,0.0000,0.0000,0.0000
187900.265,0.000149,988.3207,3.960265171354e-10,740.3791,0.0000,0.0000,0.0000
188160.064,0.000148,989.3974,3.928883607340e-10,741.0250,0.0000,0.0000,0.0000
188420.223,0.000147,990.4702,3.897778766415e-10,741.6697,0.0000,0.0000,0.0000
188680.741,0.000146,991.5391,3.866946207687e-10,742.3135,0.0000,0.0000,0.0000
188941.619,0.000145,992.6042,3.836382878042e-10,742.9561,0.0000,0.0000,0.0000
189202.858,0.000144,993.6653,3.806086557034e-10,743.5978,0.0000,0.0000,0.0000
189464.458,0.000143,994.7227,3.776055301774e-10,744.2384,0.0000,0.0000,0.0000
189726.420,0.000143,995.7761,3.746286059148e-10,744.8779,0.0000,0.0000,0.0000
189988.744,0.000142,996.8257,3.716774943374e-10,745.5164,0.0000,0.0000,0.0000
190251.431,0.000141,997.8714,3.687520844231e-10,746.1540,0.0000,0.0000,0.0000
190514.481,0.000140,998.9133,3.658519043270e-10,746.7905,0.0000,0.0000,0.0000
190777.895,0.000139,999.9514,3.629768985380e-10,747.4258,0.0000,0.0000,0.0000
191041.673,0.000138,1000.9857,3.601268450115e-10,748.0603,0.0000,0.0000,0.0000
191305.816,0.000137,1002.0161,3.573013551694e-10,748.6935,0.0000,0.0000,0.0000
191570.324,0.000136,1003.0428,3.545000681893e-10,749.3261,0.0000,0.0000,0.0000
191835.197,0.000135,1004.0656,3.517233448935e-10,749.9573,0.0000,0.0000,0.0000
192100.437,0.000135,1005.0847,3.489701305703e-10,750.5877,0.0000,0.0000,0.0000
192366.044,0.000134,1006.1000,3.462405639976e-10,751.2172,0.0000,0.0000,0.0000
192632.017,0.000133,1007.1115,3.435344231306e-10,751.8455,0.0000,0.0000,0.0000
192898.359,0.000132,1008.1192,3.408514859249e-10,752.4728,0.0000,0.0000,0.0000
193165.069,0.000131,1009.1232,3.381915025802e-10,753.0993,0.0000,0.0000,0.0000
193432.147,0.000130,1010.1234,3.355543343186e-10,753.7248,0.0000,0.0000,0.0000
193699.595,0.000130,1011.1199,3.329395925622e-10,754.3491,0.0000,0.0000,0.0000
193967.413,0.000129,1012.1125,3.303471940441e-10,754.9725,0.0000,0.0000,0.0000
194235.601,0.000128,1013.1016,3.277766946752e-10,755.5950,0.0000,0.0000,0.0000
194504.159,0.000127,1014.0869,3.252280944555e-10,756.2165,0.0000,0.0000,0.0000
194773.089,0.000126,1015.0684,3.227012546070e-10,756.8369,0.0000,0.0000,0.0000
195042.391,0.000126,1016.0462,3.201957310406e-10,757.4565,0.0000,0.0000,0.0000
195312.066,0.000125,1017.0204,3.177113017117e-10,758.0751,0.0000,0.0000,0.0000
195582.113,0.000124,1017.9908,3.152480221313e-10,758.6927,0.0000,0.0000,0.0000
195852.533,0.000123,1018.9576,3.128053371881e-10,759.3094,0.0000,0.0000,0.0000
196123.327,0.000122,1019.9205,3.103836354601e-10,759.9250,0.0000,0.0000,0.0000
196394.496,0.000122,1020.8800,3.079819732577e-10,760.5399,0.0000,0.0000,0.0000
196666.040,0.000121,1021.8358,3.056004616031e-10,761.1538,0.0000,0.0000,0.0000
196937.959,0.000120,1022.7878,3.032391560076e-10,761.7666,0.0000,0.0000,0.0000
197210.254,0.000119,1023.7362,3.008976956487e-10,762.3785,0.0000,0.0000,0.0000
197482.926,0.000119,1024.6810,2.985756364371e-10,762.9895,0.0000,0.0000,0.0000
197755.974,0.000118,1025.6222,2.962730893952e-10,763.5995,0.0000,0.0000,0.0000
198029.401,0.000117,1026.5597,2.939898324783e-10,764.2087,0.0000,0.0000,0.0000
198303.205,0.000116,1027.4935,2.917256158863e-10,764.8168,0.0000,0.0000,0.0000
198577.388,0.000116,1028.4238,2.894802453302e-10,765.4242,0.0000,0.0000,0.0000
198851.949,0.000115,1029.3505,2.872535820320e-10,766.0303,0.0000,0.0000,0.0000
199126.891,0.000114,1030.2736,2.850454317027e-10,766.6357,0.0000,0.0000,0.0000
199402.213,0.000114,1031.1931,2.828556555645e-10,767.2404,0.0000,0.0000,0.0000
199677.915,0.000113,1032.1090,2.806838650393e-10,767.8441,0.0000,0.0000,0.0000
199953.998,0.000112,1033.0212,2.785303376829e-10,768.4466,0.0000,0.0000,0.0000
200230.464,0.000111,1033.9302,2.763942130724e-10,769.0481,0.0000,0.0000,0.0000
200507.311,0.000111,1034.8353,2.742761573415e-10,769.6489,0.0000,0.0000,0.0000
200784.541,0.000110,1035.7369,2.721754210899e-10,770.2489,0.0000,0.0000,0.0000
201062.155,0.000109,1036.6350,2.700921153398e-10,770.8480,0.0000,0.0000,0.0000
201340.152,0.000109,1037.5297,2.680258237575e-10,771.4462,0.0000,0.0000,0.0000
201618.534,0.000108,1038.4207,2.659766851210e-10,772.0436,0.0000,0.0000,0.0000
201897.301,0.000107,1039.3083,2.639440610519e-10,772.6399,0.0000,0.0000,0.0000
202176.453,0.000107,1040.1923,2.619284511507e-10,773.2354,0.0000,0.0000,0.0000
202455.991,0.000106,1041.0728,2.599292725503e-10,773.8300,0.0000,0.0000,0.0000
202735.916,0.000105,1041.9498,2.579464142283e-10,774.4238,0.0000,0.0000,0.0000
203016.227,0.000105,1042.8234,2.559798206736e-10,775.0167,0.0000,0.0000,0.0000
203296.927,0.000104,1043.6934,2.540292975972e-10,775.6086,0.0000,0.0000,0.0000
203578.014,0.000103,1044.5601,2.520945396878e-10,776.1997,0.0000,0.0000,0.0000
203859.490,0.000103,1045.4231,2.501757412343e-10,776.7902,0.0000,0.0000,0.0000
204141.355,0.000102,1046.2828,2.482724859032e-10,777.3795,0.0000,0.0000,0.0000
204423.610,0.000101,1047.1389,2.463848014500e-10,777.9678,0.0000,0.0000,0.0000
204706.255,0.000101,1047.9918,2.445122992967e-10,778.5557,0.0000,0.0000,0.0000
204989.291,0.000100,1048.8411,2.426551182211e-10,779.1424,0.0000,0.0000,0.0000
205272.718,0.000100,1049.6870,2.408129529119e-10,779.7285,0.0000,0.0000,0.0000
205556.537,0.000099,1050.5295,2.389856923468e-10,780.3134,0.0000,0.0000,0.0000
205840.749,0.000098,1051.3685,2.371732532591e-10,780.8978,0.0000,0.0000,0.0000
206125.353,0.000098,1052.2042,2.353754413598e-10,781.4811,0.0000,0.0000,0.0000
206410.351,0.000097,1053.0366,2.335920346042e-10,782.0637,0.0000,0.0000,0.0000
206695.743,0.000096,1053.8655,2.318231440146e-10,782.6453,0.0000,0.0000,0.0000
206981.530,0.000096,1054.6909,2.300684781575e-10,783.2264,0.0000,0.0000,0.0000
207267.712,0.000095,1055.5131,2.283278704995e-10,783.8064,0.0000,0.0000,0.0000
207554.289,0.000095,1056.3319,2.266012932850e-10,784.3856,0.0000,0.0000,0.0000
207841.263,0.000094,1057.1473,2.248886216139e-10,784.9640,0.0000,0.0000,0.0000
208128.634,0.000093,1057.9594,2.231896889526e-10,785.5416,0.0000,0.0000,0.0000
208416.402,0.000093,1058.7681,2.215043426457e-10,786.1183,0.0000,0.0000,0.0000
208704.567,0.000092,1059.5736,2.198324022817e-10,786.6943,0.0000,0.0000,0.0000
208993.131,0.000092,1060.3756,2.181739788831e-10,787.2693,0.0000,0.0000,0.0000
209282.095,0.000091,1061.1744,2.165287255051e-10,787.8436,0.0000,0.0000,0.0000
209571.457,0.000091,1061.9700,2.148965588811e-10,788.4171,0.0000,0.0000,0.0000
209861.220,0.000090,1062.7621,2.132774651331e-10,788.9898,0.0000,0.0000,0.0000
210151.383,0.000089,1063.5510,2.116712638500e-10,789.5617,0.0000,0.0000,0.0000
210441.948,0.000089,1064.3365,2.100778023761e-10,790.1326,0.0000,0.0000,0.0000
210732.914,0.000088,1065.1189,2.084971639782e-10,790.7029,0.0000,0.0000,0.0000
211024.283,0.000088,1065.8979,2.069289600781e-10,791.2723,0.0000,0.0000,0.0000
211316.054,0.000087,1066.6737,2.053731906759e-10,791.8409,0.0000,0.0000,0.0000
211608.229,0.000087,1067.4463,2.038297586271e-10,792.4088,0.0000,0.0000,0.0000
211900.808,0.000086,1068.2156,2.022986084205e-10,792.9757,0.0000,0.0000,0.0000
212193.792,0.000086,1068.9817,2.007794625003e-10,793.5419,0.0000,0.0000,0.0000
212487.180,0.000085,1069.7445,1.992724318889e-10,794.1074,0.0000,0.0000,0.0000
212780.974,0.000085,1070.5042,1.977771973971e-10,794.6720,0.0000,0.0000,0.0000
213075.175,0.000084,1071.2606,1.962938145361e-10,795.2360,0.0000,0.0000,0.0000
213369.782,0.000083,1072.0138,1.948221306503e-10,795.7990,0.0000,0.0000,0.0000
213664.796,0.000083,1072.7638,1.933621179839e-10,796.3614,0.0000,0.0000,0.0000
213960.219,0.000082,1073.5106,1.919135128592e-10,796.9229,0.0000,0.0000,0.0000
214256.050,0.000082,1074.2543,1.904762597649e-10,797.4837,0.0000,0.0000,0.0000
214552.290,0.000081,1074.9949,1.890503587010e-10,798.0436,0.0000,0.0000,0.0000
214848.939,0.000081,1075.7322,1.876355876229e-10,798.6028,0.0000,0.0000,0.0000
215145.999,0.000080,1076.4663,1.862319742862e-10,799.1613,0.0000,0.0000,0.0000
215443.469,0.000080,1077.1974,1.848392827686e-10,799.7189,0.0000,0.0000,0.0000
215741.351,0.000079,1077.9253,1.834575685811e-10,800.2759,0.0000,0.0000,0.0000
216039.644,0.000079,1078.6500,1.820866235569e-10,800.8320,0.0000,0.0000,0.0000
216338.350,0.000078,1079.3717,1.807263366738e-10,801.3873,0.0000,0.0000,0.0000
216637.469,0.000078,1080.0902,1.793767634428e-10,801.9420,0.0000,0.0000,0.0000
216937.002,0.000077,1080.8057,1.780376540639e-10,802.4959,0.0000,0.0000,0.0000
217236.948,0.000077,1081.5179,1.767090085369e-10,803.0491,0.0000,0.0000,0.0000
217537.310,0.000076,1082.2273,1.753906186952e-10,803.6016,0.0000,0.0000,0.0000
217838.086,0.000076,1082.9333,1.740825955610e-10,804.1531,0.0000,0.0000,0.0000
218139.279,0.000075,1083.6365,1.727847032118e-10,804.7039,0.0000,0.0000,0.0000
218440.888,0.000075,1084.3365,1.714969000144e-10,805.2540,0.0000,0.0000,0.0000
218742.914,0.000075,1085.0334,1.702191027020e-10,805.8035,0.0000,0.0000,0.0000
219045.358,0.000074,1085.7274,1.689511863745e-10,806.3521,0.0000,0.0000,0.0000
219348.219,0.000074,1086.4183,1.676930955208e-10,806.8999,0.0000,0.0000,0.0000
219651.500,0.000073,1087.1062,1.664447746297e-10,807.4473,0.0000,0.0000,0.0000
219955.200,0.000073,1087.7910,1.652061126789e-10,807.9936,0.0000,0.0000,0.0000
220259.320,0.000072,1088.4729,1.639769570128e-10,808.5393,0.0000,0.0000,0.0000
220563.860,0.000072,1089.1516,1.627573770202e-10,809.0842,0.0000,0.0000,0.0000
220868.821,0.000071,1089.8275,1.615471645344e-10,809.6285,0.0000,0.0000,0.0000
221174.204,0.000071,1090.5002,1.603463195554e-10,810.1721,0.0000,0.0000,0.0000
221480.009,0.000070,1091.1702,1.591546616719e-10,810.7148,0.0000,0.0000,0.0000
221786.238,0.000070,1091.8370,1.579722741507e-10,811.2569,0.0000,0.0000,0.0000
222092.889,0.000070,1092.5010,1.567988378026e-10,811.7984,0.0000,0.0000,0.0000
222399.964,0.000069,1093.1619,1.556345885501e-10,812.3391,0.0000,0.0000,0.0000
222707.464,0.000069,1093.8198,1.544791933261e-10,812.8788,0.0000,0.0000,0.0000
223015.390,0.000068,1094.4750,1.533326243752e-10,813.4181,0.0000,0.0000,0.0000
223323.741,0.000068,1095.1271,1.521949510863e-10,813.9567,0.0000,0.0000,0.0000
223632.518,0.000067,1095.7762,1.510659375370e-10,814.4943,0.0000,0.0000,0.0000
223941.722,0.000067,1096.4226,1.499455282161e-10,815.0315,0.0000,0.0000,0.0000
224251.354,0.000067,1097.0659,1.488338063904e-10,815.5678,0.0000,0.0000,0.0000
224561.414,0.000066,1097.7064,1.477305361375e-10,816.1035,0.0000,0.0000,0.0000
224871.902,0.000066,1098.3440,1.466357174573e-10,816.6384,0.0000,0.0000,0.0000
225182.820,0.000065,1098.9788,1.455492115721e-10,817.1727,0.0000,0.0000,0.0000
225494.168,0.000065,1099.6106,1.444709907261e-10,817.7063,0.0000,0.0000,0.0000
225805.946,0.000064,1100.2395,1.434010826751e-10,818.2391,0.0000,0.0000,0.0000
226118.155,0.000064,1100.8656,1.423392931299e-10,818.7714,0.0000,0.0000,0.0000
226430.796,0.000064,1101.4889,1.412854833127e-10,819.3029,0.0000,0.0000,0.0000
226743.869,0.000063,1102.1093,1.402398058792e-10,819.8335,0.0000,0.0000,0.0000
227057.375,0.000063,1102.7268,1.392020942959e-10,820.3637,0.0000,0.0000,0.0000
227371.315,0.000062,1103.3417,1.381721403959e-10,820.8932,0.0000,0.0000,0.0000
227685.689,0.000062,1103.9536,1.371500829572e-10,821.4218,0.0000,0.0000,0.0000
228000.497,0.000062,1104.5627,1.361358387131e-10,821.9500,0.0000,0.0000,0.0000
228315.741,0.000061,1105.1691,1.351292272522e-10,822.4772,0.0000,0.0000,0.0000
228631.420,0.000061,1105.7726,1.341302763302e-10,823.0040,0.0000,0.0000,0.0000
228947.536,0.000061,1106.3733,1.331388749248e-10,823.5298,0.0000,0.0000,0.0000
229264.089,0.000060,1106.9713,1.321549952804e-10,824.0554,0.0000,0.0000,0.0000
229581.079,0.000060,1107.5665,1.311785818858e-10,824.5798,0.0000,0.0000,0.0000
229898.508,0.000059,1108.1589,1.302095098410e-10,825.1038,0.0000,0.0000,0.0000
230216.376,0.000059,1108.7487,1.292477513903e-10,825.6271,0.0000,0.0000,0.0000
230534.684,0.000059,1109.3356,1.282933342894e-10,826.1497,0.0000,0.0000,0.0000
230853.431,0.000058,1109.9198,1.273460503715e-10,826.6718,0.0000,0.0000,0.0000
231172.619,0.000058,1110.5013,1.264058857586e-10,827.1931,0.0000,0.0000,0.0000
231492.249,0.000058,1111.0801,1.254728543287e-10,827.7137,0.0000,0.0000,0.0000
231812.320,0.000057,1111.6561,1.245468728150e-10,828.2337,0.0000,0.0000,0.0000
232132.834,0.000057,1112.2295,1.236277885619e-10,828.7530,0.0000,0.0000,0.0000
232453.791,0.000056,1112.8002,1.227156570804e-10,829.2716,0.0000,0.0000,0.0000
232775.192,0.000056,1113.3682,1.218104089817e-10,829.7896,0.0000,0.0000,0.0000
233097.037,0.000056,1113.9335,1.209119748768e-10,830.3069,0.0000,0.0000,0.0000
233419.328,0.000055,1114.4961,1.200202437435e-10,830.8235,0.0000,0.0000,0.0000
233742.063,0.000055,1115.0560,1.191351878260e-10,831.3395,0.0000,0.0000,0.0000
234065.246,0.000055,1115.6134,1.182568071245e-10,831.8548,0.0000,0.0000,0.0000
234388.875,0.000054,1116.1681,1.173850322500e-10,832.3696,0.0000,0.0000,0.0000
234712.951,0.000054,1116.7201,1.165197244246e-10,832.8837,0.0000,0.0000,0.0000
235037.475,0.000054,1117.2695,1.156609669151e-10,833.3971,0.0000,0.0000,0.0000
235362.449,0.000053,1117.8163,1.148086070657e-10,833.9099,0.0000,0.0000,0.0000
235687.871,0.000053,1118.3605,1.139626379376e-10,834.4219,0.0000,0.0000,0.0000
236013.744,0.000053,1118.9021,1.131229485085e-10,834.9335,0.0000,0.0000,0.0000
236340.067,0.000052,1119.4410,1.122895526562e-10,835.4443,0.0000,0.0000,0.0000
236666.841,0.000052,1119.9774,1.114624365028e-10,835.9543,0.0000,0.0000,0.0000
236994.067,0.000052,1120.5112,1.106414682095e-10,836.4639,0.0000,0.0000,0.0000
237321.745,0.000051,1121.0425,1.098265992039e-10,836.9728,0.0000,0.0000,0.0000
237649.877,0.000051,1121.5712,1.090178364249e-10,837.4811,0.0000,0.0000,0.0000
237978.462,0.000051,1122.0973,1.082151382392e-10,837.9886,0.0000,0.0000,0.0000
238307.502,0.000050,1122.6208,1.074183450522e-10,838.4956,0.0000,0.0000,0.0000
238636.996,0.000050,1123.1418,1.066275193140e-10,839.0021,0.0000,0.0000,0.0000
238966.946,0.000050,1123.6604,1.058425222467e-10,839.5078,0.0000,0.0000,0.0000
239297.353,0.000049,1124.1764,1.050634163002e-10,840.0128,0.0000,0.0000,0.0000
239628.216,0.000049,1124.6898,1.042901320858e-10,840.5172,0.0000,0.0000,0.0000
239959.536,0.000049,1125.2008,1.035225585810e-10,841.0211,0.0000,0.0000,0.0000
240291.315,0.000048,1125.7094,1.027606610915e-10,841.5243,0.0000,0.0000,0.0000
240623.552,0.000048,1126.2153,1.020044396172e-10,842.0269,0.0000,0.0000,0.0000
240956.249,0.000048,1126.7188,1.012538594636e-10,842.5287,0.0000,0.0000,0.0000
241289.406,0.000048,1127.2197,1.005088928752e-10,843.0301,0.0000,0.0000,0.0000
241623.023,0.000047,1127.7184,9.976931780731e-11,843.5308,0.0000,0.0000,0.0000
241957.102,0.000047,1128.2145,9.903525222121e-11,844.0309,0.0000,0.0000,0.0000
242291.642,0.000047,1128.7081,9.830670999467e-11,844.5303,0.0000,0.0000,0.0000
242626.646,0.000046,1129.1993,9.758348296085e-11,845.0292,0.0000,0.0000,0.0000
242962.112,0.000046,1129.6881,9.686564744760e-11,845.5274,0.0000,0.0000,0.0000
243298.042,0.000046,1130.1744,9.615314100486e-11,846.0250,0.0000,0.0000,0.0000
243634.437,0.000045,1130.6584,9.544585954924e-11,846.5219,0.0000,0.0000,0.0000
243971.296,0.000045,1131.1400,9.474378920293e-11,847.0183,0.0000,0.0000,0.0000
244308.622,0.000045,1131.6191,9.404692996595e-11,847.5141,0.0000,0.0000,0.0000
244646.414,0.000045,1132.0958,9.335525408272e-11,848.0092,0.0000,0.0000,0.0000
244984.673,0.000044,1132.5702,9.266861583646e-11,848.5037,0.0000,0.0000,0.0000
245323.399,0.000044,1133.0421,9.198709849390e-11,848.9976,0.0000,0.0000,0.0000
245662.594,0.000044,1133.5117,9.131057021605e-11,849.4909,0.0000,0.0000,0.0000
246002.258,0.000043,1133.9790,9.063907957518e-11,849.9836,0.0000,0.0000,0.0000
246342.392,0.000043,1134.4438,8.997248779341e-11,850.4756,0.0000,0.0000,0.0000
246682.996,0.000043,1134.9065,8.931080874852e-11,850.9671,0.0000,0.0000,0.0000
247024.071,0.000043,1135.3667,8.865401468494e-11,851.4580,0.0000,0.0000,0.0000
247365.617,0.000042,1135.8246,8.800205009152e-11,851.9483,0.0000,0.0000,0.0000
247707.636,0.000042,1136.2802,8.735488027378e-11,852.4378,0.0000,0.0000,0.0000
248050.127,0.000042,1136.7334,8.671248441505e-11,852.9269,0.0000,0.0000,0.0000
248393.092,0.000042,1137.1843,8.607480700418e-11,853.4153,0.0000,0.0000,0.0000
248736.531,0.000041,1137.6331,8.544179253001e-11,853.9033,0.0000,0.0000,0.0000
249080.446,0.000041,1138.0793,8.481345487032e-11,854.3904,0.0000,0.0000,0.0000
249424.835,0.000041,1138.5234,8.418972463620e-11,854.8771,0.0000,0.0000,0.0000
249769.701,0.000040,1138.9652,8.357060182762e-11,855.3631,0.0000,0.0000,0.0000
250115.044,0.000040,1139.4048,8.295614889464e-11,855.8480,0.0000,0.0000,0.0000
250460.864,0.000040,1139.8420,8.234607440372e-11,856.3329,0.0000,0.0000,0.0000
250807.162,0.000040,1140.2771,8.174041998821e-11,856.8171,0.0000,0.0000,0.0000
251153.939,0.000039,1140.7100,8.113918564812e-11,857.3007,0.0000,0.0000,0.0000
251501.196,0.000039,1141.1405,8.054245465017e-11,857.7839,0.0000,0.0000,0.0000
251848.932,0.000039,1141.5688,7.995004658312e-11,858.2662,0.0000,0.0000,0.0000
252197.150,0.000039,1141.9950,7.936195450808e-11,858.7482,0.0000,0.0000,0.0000
252545.849,0.000038,1142.4189,7.877815760837e-11,859.2294,0.0000,0.0000,0.0000
252895.030,0.000038,1142.8407,7.819866282288e-11,859.7101,0.0000,0.0000,0.0000
253244.694,0.000038,1143.2603,7.762343545714e-11,860.1901,0.0000,0.0000,0.0000
253594.841,0.000038,1143.6775,7.705238530553e-11,860.6696,0.0000,0.0000,0.0000
253945.472,0.000037,1144.0928,7.648549849026e-11,861.1486,0.0000,0.0000,0.0000
254296.589,0.000037,1144.5057,7.592276113355e-11,861.6267,0.0000,0.0000,0.0000
254648.190,0.000037,1144.9166,7.536412466314e-11,862.1046,0.0000,0.0000,0.0000
255000.278,0.000037,1145.3252,7.480961683459e-11,862.5816,0.0000,0.0000,0.0000
255352.853,0.000036,1145.7318,7.425909193115e-11,863.0581,0.0000,0.0000,0.0000
255705.915,0.000036,1146.1362,7.371262628064e-11,863.5341,0.0000,0.0000,0.0000
256059.465,0.000036,1146.5385,7.317015049413e-11,864.0095,0.0000,0.0000,0.0000
256413.504,0.000036,1146.9386,7.263161599935e-11,864.4843,0.0000,0.0000,0.0000
256768.033,0.000036,1147.3367,7.209703667410e-11,864.9584,0.0000,0.0000,0.0000
257123.052,0.000035,1147.7325,7.156634312944e-11,865.4319,0.0000,0.0000,0.0000
257478.561,0.000035,1148.1265,7.103944515974e-11,865.9050,0.0000,0.0000,0.0000
257834.563,0.000035,1148.5182,7.051650235956e-11,866.3772,0.0000,0.0000,0.0000
258191.056,0.000035,1148.9078,6.999729268431e-11,866.8491,0.0000,0.0000,0.0000
258548.043,0.000034,1149.2954,6.948194797296e-11,867.3204,0.0000,0.0000,0.0000
258905.523,0.000034,1149.6809,6.897026699759e-11,867.7911,0.0000,0.0000,0.0000
259263.497,0.000034,1150.0643,6.846235384161e-11,868.2610,0.0000,0.0000,0.0000
259621.966,0.000034,1150.4458,6.795807666604e-11,868.7307,0.0000,0.0000,0.0000
259980.931,0.000034,1150.8252,6.745756037096e-11,869.1996,0.0000,0.0000,0.0000
260340.392,0.000033,1151.2025,6.696062454514e-11,869.6678,0.0000,0.0000,0.0000
260700.350,0.000033,1151.5778,6.646731082194e-11,870.1357,0.0000,0.0000,0.0000
261060.806,0.000033,1151.9510,6.597761920135e-11,870.6029,0.0000,0.0000,0.0000
261421.760,0.000033,1152.3223,6.549146641666e-11,871.0693,0.0000,0.0000,0.0000
261783.213,0.000032,1152.6915,6.500885246785e-11,871.5353,0.0000,0.0000,0.0000
262145.166,0.000032,1153.0588,6.452968714932e-11,872.0009,0.0000,0.0000,0.0000
262507.620,0.000032,1153.4241,6.405406066667e-11,872.4656,0.0000,0.0000,0.0000
262870.574,0.000032,1153.7874,6.358188975319e-11,872.9297,0.0000,0.0000,0.0000
263234.031,0.000032,1154.1487,6.311310501994e-11,873.3936,0.0000,0.0000,0.0000
263597.990,0.000031,1154.5079,6.264778279474e-11,873.8567,0.0000,0.0000,0.0000
263962.452,0.000031,1154.8654,6.218578429973e-11,874.3192,0.0000,0.0000,0.0000
264327.418,0.000031,1155.2208,6.172715810715e-11,874.7811,0.0000,0.0000,0.0000
264692.889,0.000031,1155.5742,6.127186952254e-11,875.2424,0.0000,0.0000,0.0000
265058.865,0.000031,1155.9258,6.081988385143e-11,875.7032,0.0000,0.0000,0.0000
265425.347,0.000030,1156.2754,6.037115946045e-11,876.1633,0.0000,0.0000,0.0000
265792.336,0.000030,1156.6230,5.992571716629e-11,876.6230,0.0000,0.0000,0.0000
266159.832,0.000030,1156.9689,5.948348064111e-11,877.0819,0.0000,0.0000,0.0000
266527.837,0.000030,1157.3127,5.904442906823e-11,877.5406,0.0000,0.0000,0.0000
266896.350,0.000030,1157.6547,5.860859714213e-11,877.9984,0.0000,0.0000,0.0000
267265.373,0.000029,1157.9948,5.817590853496e-11,878.4557,0.0000,0.0000,0.0000
267634.905,0.000029,1158.3330,5.774631467448e-11,878.9125,0.0000,0.0000,0.0000
268004.949,0.000029,1158.6693,5.731990229685e-11,879.3685,0.0000,0.0000,0.0000
268375.505,0.000029,1159.0038,5.689651180751e-11,879.8241,0.0000,0.0000,0.0000
268746.573,0.000029,1159.3363,5.647622994265e-11,880.2791,0.0000,0.0000,0.0000
269118.153,0.000028,1159.6670,5.605899078276e-11,880.7335,0.0000,0.0000,0.0000
269490.248,0.000028,1159.9958,5.564478045006e-11,881.1873,0.0000,0.0000,0.0000
269862.857,0.000028,1160.3230,5.523351567782e-11,881.6406,0.0000,0.0000,0.0000
270235.982,0.000028,1160.6482,5.482523462996e-11,882.0933,0.0000,0.0000,0.0000
270609.622,0.000028,1160.9716,5.441995118427e-11,882.5453,0.0000,0.0000,0.0000
270983.779,0.000028,1161.2931,5.401759942125e-11,882.9969,0.0000,0.0000,0.0000
271358.453,0.000027,1161.6129,5.361810995197e-11,883.4479,0.0000,0.0000,0.0000
271733.645,0.000027,1161.9308,5.322153481813e-11,883.8984,0.0000,0.0000,0.0000
272109.356,0.000027,1162.2469,5.282784626415e-11,884.3480,0.0000,0.0000,0.0000
272485.586,0.000027,1162.5613,5.243695408441e-11,884.7972,0.0000,0.0000,0.0000
272862.337,0.000027,1162.8739,5.204893807620e-11,885.2458,0.0000,0.0000,0.0000
273239.608,0.000026,1163.1847,5.166371844223e-11,885.6938,0.0000,0.0000,0.0000
273617.402,0.000026,1163.4938,5.128123620191e-11,886.1415,0.0000,0.0000,0.0000
273995.717,0.000026,1163.8010,5.090154339693e-11,886.5883,0.0000,0.0000,0.0000
274374.556,0.000026,1164.1066,5.052463308841e-11,887.0345,0.0000,0.0000,0.0000
274753.918,0.000026,1164.4104,5.015040813183e-11,887.4804,0.0000,0.0000,0.0000
275133.805,0.000026,1164.7124,4.977886505775e-11,887.9255,0.0000,0.0000,0.0000
275514.217,0.000025,1165.0127,4.941003162173e-11,888.3701,0.0000,0.0000,0.0000
275895.155,0.000025,1165.3113,4.904388700711e-11,888.8141,0.0000,0.0000,0.0000
276276.620,0.000025,1165.6082,4.868033753880e-11,889.2576,0.0000,0.0000,0.0000
276658.612,0.000025,1165.9033,4.831945260575e-11,889.7004,0.0000,0.0000,0.0000
277041.133,0.000025,1166.1969,4.796111077732e-11,890.1427,0.0000,0.0000,0.0000
277424.182,0.000025,1166.4886,4.760540225912e-11,890.5844,0.0000,0.0000,0.0000
277807.761,0.000024,1166.7787,4.725226807056e-11,891.0255,0.0000,0.0000,0.0000
278191.870,0.000024,1167.0671,4.690168045607e-11,891.4661,0.0000,0.0000,0.0000
278576.511,0.000024,1167.3539,4.655360819061e-11,891.9058,0.0000,0.0000,0.0000
278961.683,0.000024,1167.6389,4.620807209088e-11,892.3453,0.0000,0.0000,0.0000
279347.388,0.000024,1167.9224,4.586498889014e-11,892.7841,0.0000,0.0000,0.0000
279733.626,0.000024,1168.2041,4.552440022176e-11,893.2224,0.0000,0.0000,0.0000
280120.398,0.000023,1168.4843,4.518626445238e-11,893.6600,0.0000,0.0000,0.0000
280507.705,0.000023,1168.7627,4.485059199033e-11,894.0969,0.0000,0.0000,0.0000
280895.547,0.000023,1169.0396,4.451729956889e-11,894.5334,0.0000,0.0000,0.0000
281283.926,0.000023,1169.3147,4.418644963811e-11,894.9692,0.0000,0.0000,0.0000
281672.841,0.000023,1169.5884,4.385795546180e-11,895.4047,0.0000,0.0000,0.0000
282062.295,0.000023,1169.8604,4.353186561223e-11,895.8394,0.0000,0.0000,0.0000
282452.286,0.000023,1170.1307,4.320806559766e-11,896.2736,0.0000,0.0000,0.0000
282842.817,0.000022,1170.3995,4.288664215424e-11,896.7071,0.0000,0.0000,0.0000
283233.888,0.000022,1170.6667,4.256753977083e-11,897.1400,0.0000,0.0000,0.0000
283625.500,0.000022,1170.9324,4.225073763076e-11,897.5724,0.0000,0.0000,0.0000
284017.653,0.000022,1171.1964,4.193621144788e-11,898.0042,0.0000,0.0000,0.0000
284410.349,0.000022,1171.4589,4.162395775276e-11,898.4355,0.0000,0.0000,0.0000
284803.587,0.000022,1171.7198,4.131395225926e-11,898.8660,0.0000,0.0000,0.0000
285197.369,0.000021,1171.9791,4.100619496739e-11,899.2961,0.0000,0.0000,0.0000
285591.695,0.000021,1172.2369,4.070064077433e-11,899.7256,0.0000,0.0000,0.0000
285986.567,0.000021,1172.4933,4.039726886340e-11,900.1545,0.0000,0.0000,0.0000
286381.985,0.000021,1172.7480,4.009610352074e-11,900.5828,0.0000,0.0000,0.0000
286777.949,0.000021,1173.0012,3.979712392965e-11,901.0105,0.0000,0.0000,0.0000
287174.461,0.000021,1173.2529,3.950027457900e-11,901.4377,0.0000,0.0000,0.0000
287571.521,0.000021,1173.5032,3.920555893822e-11,901.8641,0.0000,0.0000,0.0000
287969.130,0.000020,1173.7518,3.891301517123e-11,902.2902,0.0000,0.0000,0.0000
288367.289,0.000020,1173.9990,3.862254266407e-11,902.7153,0.0000,0.0000,0.0000
288765.998,0.000020,1174.2446,3.833417611121e-11,903.1403,0.0000,0.0000,0.0000
289165.259,0.000020,1174.4889,3.804786347095e-11,903.5643,0.0000,0.0000,0.0000
289565.072,0.000020,1174.7316,3.776364984609e-11,903.9879,0.0000,0.0000,0.0000
289965.437,0.000020,1174.9729,3.748146584770e-11,904.4109,0.0000,0.0000,0.0000
290366.356,0.000020,1175.2126,3.720129759799e-11,904.8335,0.0000,0.0000,0.0000
290767.830,0.000020,1175.4509,3.692317632198e-11,905.2552,0.0000,0.0000,0.0000
291169.858,0.000019,1175.6879,3.664704997797e-11,905.6763,0.0000,0.0000,0.0000
291572.442,0.000019,1175.9232,3.637291509651e-11,906.0970,0.0000,0.0000,0.0000
291975.583,0.000019,1176.1572,3.610076473870e-11,906.5171,0.0000,0.0000,0.0000
292379.282,0.000019,1176.3898,3.583056767953e-11,906.9365,0.0000,0.0000,0.0000
292783.538,0.000019,1176.6210,3.556231004120e-11,907.3554,0.0000,0.0000,0.0000
293188.354,0.000019,1176.8506,3.529599876262e-11,907.7737,0.0000,0.0000,0.0000
293593.729,0.000019,1177.0789,3.503160608820e-11,908.1913,0.0000,0.0000,0.0000
293999.664,0.000019,1177.3058,3.476911120126e-11,908.6084,0.0000,0.0000,0.0000
294406.161,0.000018,1177.5312,3.450850716291e-11,909.0249,0.0000,0.0000,0.0000
294813.220,0.000018,1177.7554,3.424977315647e-11,909.4407,0.0000,0.0000,0.0000
295220.842,0.000018,1177.9781,3.399290918193e-11,909.8561,0.0000,0.0000,0.0000
295629.027,0.000018,1178.1995,3.373790483097e-11,910.2708,0.0000,0.0000,0.0000
296037.777,0.000018,1178.4193,3.348474622578e-11,910.6849,0.0000,0.0000,0.0000
296447.092,0.000018,1178.6379,3.323343336636e-11,911.0984,0.0000,0.0000,0.0000
296856.973,0.000018,1178.8551,3.298388298600e-11,911.5112,0.0000,0.0000,0.0000
297267.421,0.000018,1179.0710,3.273615753474e-11,911.9235,0.0000,0.0000,0.0000
297678.436,0.000017,1179.2855,3.249021190976e-11,912.3352,0.0000,0.0000,0.0000
298090.019,0.000017,1179.4987,3.224603223329e-11,912.7463,0.0000,0.0000,0.0000
298502.171,0.000017,1179.7106,3.200362891365e-11,913.1569,0.0000,0.0000,0.0000
298914.894,0.000017,1179.9210,3.176298460361e-11,913.5667,0.0000,0.0000,0.0000
299328.187,0.000017,1180.1302,3.152404032258e-11,913.9760,0.0000,0.0000,0.0000
299742.051,0.000017,1180.3381,3.128683076503e-11,914.3848,0.0000,0.0000,0.0000
300156.488,0.000017,1180.5447,3.104747708926e-11,914.7809,0.0000,0.0000,0.0000
300571.497,0.000017,1180.7499,3.081374044811e-11,915.1885,0.0000,0.0000,0.0000
300987.081,0.000016,1180.9539,3.058170383596e-11,915.5957,0.0000,0.0000,0.0000
301403.239,0.000016,1181.1565,3.035136031393e-11,916.0019,0.0000,0.0000,0.0000
301819.972,0.000016,1181.3579,3.012262314583e-11,916.4077,0.0000,0.0000,0.0000
302237.282,0.000016,1181.5580,2.989558600675e-11,916.8129,0.0000,0.0000,0.0000
302655.168,0.000016,1181.7568,2.967014134381e-11,917.2175,0.0000,0.0000,0.0000
303073.633,0.000016,1181.9543,2.944635507651e-11,917.6215,0.0000,0.0000,0.0000
303492.676,0.000016,1182.1506,2.922418557150e-11,918.0250,0.0000,0.0000,0.0000
303912.298,0.000016,1182.3457,2.900360333846e-11,918.4276,0.0000,0.0000,0.0000
304332.501,0.000016,1182.5394,2.878462572464e-11,918.8297,0.0000,0.0000,0.0000
304753.284,0.000015,1182.7321,2.856721283140e-11,919.2314,0.0000,0.0000,0.0000
305174.650,0.000015,1182.9233,2.835138547541e-11,919.6323,0.0000,0.0000,0.0000
305596.598,0.000015,1183.1134,2.813710896221e-11,920.0325,0.0000,0.0000,0.0000
306019.129,0.000015,1183.3022,2.792437114874e-11,920.4324,0.0000,0.0000,0.0000
306442.245,0.000015,1183.4899,2.771319111694e-11,920.8314,0.0000,0.0000,0.0000
306865.945,0.000015,1183.6764,2.750350641678e-11,921.2300,0.0000,0.0000,0.0000
307290.232,0.000015,1183.8616,2.729535521218e-11,921.6277,0.0000,0.0000,0.0000
307715.105,0.000015,1184.0457,2.708869586976e-11,922.0251,0.0000,0.0000,0.0000
308140.565,0.000015,1184.2284,2.688355267566e-11,922.4216,0.0000,0.0000,0.0000
308566.614,0.000015,1184.4100,2.667987358818e-11,922.8176,0.0000,0.0000,0.0000
308993.252,0.000014,1184.5905,2.647766034203e-11,923.2130,0.0000,0.0000,0.0000
309420.480,0.000014,1184.7698,2.627691640666e-11,923.6078,0.0000,0.0000,0.0000
309848.298,0.000014,1184.9479,2.607761402651e-11,924.0020,0.0000,0.0000,0.0000
310276.708,0.000014,1185.1249,2.587977748769e-11,924.3955,0.0000,0.0000,0.0000
310705.710,0.000014,1185.3007,2.568334087072e-11,924.7885,0.0000,0.0000,0.0000
311135.306,0.000014,1185.4752,2.548834407423e-11,925.1808,0.0000,0.0000,0.0000
311565.495,0.000014,1185.6487,2.529475587321e-11,925.5723,0.0000,0.0000,0.0000
311996.279,0.000014,1185.8210,2.510255371624e-11,925.9634,0.0000,0.0000,0.0000
312427.659,0.000014,1185.9923,2.491174627695e-11,926.3540,0.0000,0.0000,0.0000
312859.635,0.000014,1186.1624,2.472231794282e-11,926.7438,0.0000,0.0000,0.0000
313292.209,0.000013,1186.3313,2.453427218330e-11,927.1330,0.0000,0.0000,0.0000
313725.381,0.000013,1186.4991,2.434758644698e-11,927.5214,0.0000,0.0000,0.0000
314159.151,0.000013,1186.6659,2.416223991719e-11,927.9094,0.0000,0.0000,0.0000
314593.522,0.000013,1186.8314,2.397823953282e-11,928.2966,0.0000,0.0000,0.0000
315028.493,0.000013,1186.9960,2.379556447718e-11,928.6835,0.0000,0.0000,0.0000
315464.065,0.000013,1187.1594,2.361423209751e-11,929.0695,0.0000,0.0000,0.0000
315900.239,0.000013,1187.3218,2.343419382156e-11,929.4549,0.0000,0.0000,0.0000
316337.017,0.000013,1187.4829,2.325547046600e-11,929.8397,0.0000,0.0000,0.0000
316774.399,0.000013,1187.6431,2.307803427526e-11,930.2239,0.0000,0.0000,0.0000
317212.385,0.000013,1187.8022,2.290188177989e-11,930.6075,0.0000,0.0000,0.0000
317650.977,0.000013,1187.9602,2.272701297990e-11,930.9905,0.0000,0.0000,0.0000
318090.175,0.000012,1188.1172,2.255340358914e-11,931.3728,0.0000,0.0000,0.0000
318529.981,0.000012,1188.2731,2.238106054653e-11,931.7545,0.0000,0.0000,0.0000
318970.394,0.000012,1188.4280,2.220995089230e-11,932.1355,0.0000,0.0000,0.0000
319411.417,0.000012,1188.5818,2.204010585150e-11,932.5159,0.0000,0.0000,0.0000
319853.049,0.000012,1188.7345,2.187147338240e-11,932.8958,0.0000,0.0000,0.0000
320295.292,0.000012,1188.8862,2.170406909752e-11,933.2748,0.0000,0.0000,0.0000
320738.146,0.000012,1189.0370,2.153788085379e-11,933.6533,0.0000,0.0000,0.0000
321181.613,0.000012,1189.1866,2.137291038595e-11,934.0311,0.0000,0.0000,0.0000
321625.693,0.000012,1189.3353,2.120911085646e-11,934.4084,0.0000,0.0000,0.0000
322070.387,0.000012,1189.4830,2.104652736812e-11,934.7851,0.0000,0.0000,0.0000
322515.696,0.000012,1189.6296,2.088511308340e-11,935.1610,0.0000,0.0000,0.0000
322961.620,0.000012,1189.7753,2.072486106341e-11,935.5363,0.0000,0.0000,0.0000
323408.161,0.000011,1189.9199,2.056577651233e-11,935.9109,0.0000,0.0000,0.0000
323855.320,0.000011,1190.0636,2.040785943014e-11,936.2851,0.0000,0.0000,0.0000
324303.096,0.000011,1190.2063,2.025108379600e-11,936.6586,0.0000,0.0000,0.0000
324751.492,0.000011,1190.3479,2.009544440573e-11,937.0313,0.0000,0.0000,0.0000
325200.508,0.000011,1190.4886,1.994094299407e-11,937.4035,0.0000,0.0000,0.0000
325650.144,0.000011,1190.6284,1.978755527487e-11,937.7750,0.0000,0.0000,0.0000
326100.403,0.000011,1190.7672,1.963528124815e-11,938.1459,0.0000,0.0000,0.0000
326551.284,0.000011,1190.9050,1.948412958752e-11,938.5160,0.0000,0.0000,0.0000
327002.788,0.000011,1191.0419,1.933406212906e-11,938.8856,0.0000,0.0000,0.0000
327454.916,0.000011,1191.1777,1.918508928112e-11,939.2546,0.0000,0.0000,0.0000
327907.670,0.000011,1191.3127,1.903719890062e-11,939.6230,0.0000,0.0000,0.0000
328361.050,0.000011,1191.4468,1.889039792646e-11,939.9906,0.0000,0.0000,0.0000
328815.056,0.000011,1191.5798,1.874465513363e-11,940.3577,0.0000,0.0000,0.0000
329269.690,0.000010,1191.7120,1.859998439990e-11,940.7239,0.0000,0.0000,0.0000
329724.953,0.000010,1191.8433,1.845635970443e-11,941.0898,0.0000,0.0000,0.0000
330180.845,0.000010,1191.9736,1.831377584305e-11,941.4549,0.0000,0.0000,0.0000
330637.368,0.000010,1192.1030,1.817223801992e-11,941.8193,0.0000,0.0000,0.0000
331094.522,0.000010,1192.2316,1.803173929615e-11,942.1830,0.0000,0.0000,0.0000
331552.308,0.000010,1192.3591,1.789225365090e-11,942.5463,0.0000,0.0000,0.0000
332010.727,0.000010,1192.4858,1.775378975777e-11,942.9088,0.0000,0.0000,0.0000
332469.779,0.000010,1192.6117,1.761632333064e-11,943.2708,0.0000,0.0000,0.0000
332929.467,0.000010,1192.7366,1.747988212508e-11,943.6320,0.0000,0.0000,0.0000
333389.790,0.000010,1192.8607,1.734441409940e-11,943.9928,0.0000,0.0000,0.0000
333850.749,0.000010,1192.9838,1.720995741750e-11,944.3525,0.0000,0.0000,0.0000
334312.346,0.000010,1193.1061,1.707646697657e-11,944.7119,0.0000,0.0000,0.0000
334774.581,0.000010,1193.2275,1.694395838914e-11,945.0706,0.0000,0.0000,0.0000
335237.455,0.000010,1193.3481,1.681240910378e-11,945.4286,0.0000,0.0000,0.0000
335700.969,0.000009,1193.4678,1.668183299830e-11,945.7858,0.0000,0.0000,0.0000
336165.124,0.000009,1193.5867,1.655220578656e-11,946.1427,0.0000,0.0000,0.0000
336629.921,0.000009,1193.7046,1.642352920328e-11,946.4987,0.0000,0.0000,0.0000
337095.360,0.000009,1193.8218,1.629577896234e-11,946.8540,0.0000,0.0000,0.0000
337561.443,0.000009,1193.9381,1.616897761514e-11,947.2089,0.0000,0.0000,0.0000
338028.171,0.000009,1194.0536,1.604310607972e-11,947.5629,0.0000,0.0000,0.0000
338495.543,0.000009,1194.1682,1.591814353941e-11,947.9164,0.0000,0.0000,0.0000
338963.562,0.000009,1194.2821,1.579410040253e-11,948.2694,0.0000,0.0000,0.0000
339432.228,0.000009,1194.3950,1.567097666910e-11,948.6215,0.0000,0.0000,0.0000
339901.542,0.000009,1194.5073,1.554873590992e-11,948.9728,0.0000,0.0000,0.0000
340371.505,0.000009,1194.6187,1.542740761529e-11,949.3238,0.0000,0.0000,0.0000
340842.118,0.000009,1194.7292,1.530695709073e-11,949.6740,0.0000,0.0000,0.0000
341313.381,0.000009,1194.8390,1.518740341822e-11,950.0237,0.0000,0.0000,0.0000
341785.296,0.000009,1194.9480,1.506871190327e-11,950.3726,0.0000,0.0000,0.0000
342257.864,0.000009,1195.0562,1.495089295422e-11,950.7209,0.0000,0.0000,0.0000
342731.085,0.000008,1195.1636,1.483394310164e-11,951.0685,0.0000,0.0000,0.0000
343204.960,0.000008,1195.2701,1.471785367191e-11,951.4154,0.0000,0.0000,0.0000
343679.490,0.000008,1195.3760,1.460261252195e-11,951.7618,0.0000,0.0000,0.0000
344154.677,0.000008,1195.4811,1.448822225386e-11,952.1074,0.0000,0.0000,0.0000
344630.520,0.000008,1195.5853,1.437465597942e-11,952.4525,0.0000,0.0000,0.0000
345107.021,0.000008,1195.6888,1.426194058685e-11,952.7968,0.0000,0.0000,0.0000
345584.182,0.000008,1195.7916,1.415004832056e-11,953.1407,0.0000,0.0000,0.0000
346062.002,0.000008,1195.8937,1.403897918056e-11,953.4835,0.0000,0.0000,0.0000
346540.482,0.000008,1195.9949,1.392872796269e-11,953.8260,0.0000,0.0000,0.0000
347019.624,0.000008,1196.0953,1.381929379957e-11,954.1678,0.0000,0.0000,0.0000
347499.429,0.000008,1196.1952,1.371066194605e-11,954.5090,0.0000,0.0000,0.0000
347979.897,0.000008,1196.2942,1.360282546325e-11,954.8495,0.0000,0.0000,0.0000
348461.030,0.000008,1196.3925,1.349577741228e-11,955.1893,0.0000,0.0000,0.0000
348942.827,0.000008,1196.4900,1.338952299729e-11,955.5283,0.0000,0.0000,0.0000
349425.291,0.000008,1196.5869,1.328405788148e-11,955.8671,0.0000,0.0000,0.0000
349908.422,0.000008,1196.6830,1.317936038081e-11,956.2049,0.0000,0.0000,0.0000
350392.221,0.000008,1196.7784,1.307544437307e-11,956.5421,0.0000,0.0000,0.0000
350876.688,0.000007,1196.8730,1.297229164365e-11,956.8787,0.0000,0.0000,0.0000
351361.826,0.000007,1196.9670,1.286989959048e-11,957.2145,0.0000,0.0000,0.0000
351847.634,0.000007,1197.0603,1.276825867258e-11,957.5497,0.0000,0.0000,0.0000
352334.114,0.000007,1197.1530,1.266736975730e-11,957.8845,0.0000,0.0000,0.0000
352821.267,0.000007,1197.2448,1.256723024257e-11,958.2184,0.0000,0.0000,0.0000
353309.093,0.000007,1197.3361,1.246782451586e-11,958.5518,0.0000,0.0000,0.0000
353797.594,0.000007,1197.4265,1.236915170982e-11,958.8844,0.0000,0.0000,0.0000
354286.770,0.000007,1197.5164,1.227121963071e-11,959.2164,0.0000,0.0000,0.0000
354776.623,0.000007,1197.6055,1.217400399239e-11,959.5479,0.0000,0.0000,0.0000
355267.153,0.000007,1197.6940,1.207750479487e-11,959.8786,0.0000,0.0000,0.0000
355758.361,0.000007,1197.7817,1.198172550759e-11,960.2086,0.0000,0.0000,0.0000
356250.248,0.000007,1197.8689,1.188665485485e-11,960.5383,0.0000,0.0000,0.0000
356742.815,0.000007,1197.9553,1.179228503040e-11,960.8669,0.0000,0.0000,0.0000
357236.064,0.000007,1198.0411,1.169862297312e-11,961.1950,0.0000,0.0000,0.0000
357729.994,0.000007,1198.1263,1.160564439689e-11,961.5226,0.0000,0.0000,0.0000
358224.608,0.000007,1198.2108,1.151335363853e-11,961.8494,0.0000,0.0000,0.0000
358719.905,0.000007,1198.2947,1.142175416746e-11,962.1756,0.0000,0.0000,0.0000
359215.887,0.000007,1198.3779,1.133083297328e-11,962.5011,0.0000,0.0000,0.0000
359712.554,0.000007,1198.4606,1.124058658653e-11,962.8260,0.0000,0.0000,0.0000
360209.909,0.000006,1198.5425,1.115101327248e-11,963.1504,0.0000,0.0000,0.0000
360707.951,0.000006,1198.6238,1.106209828600e-11,963.4741,0.0000,0.0000,0.0000
361206.682,0.000006,1198.7045,1.097384422916e-11,963.7969,0.0000,0.0000,0.0000
361706.102,0.000006,1198.7845,1.088624763251e-11,964.1193,0.0000,0.0000,0.0000
362206.213,0.000006,1198.8640,1.079930676134e-11,964.4410,0.0000,0.0000,0.0000
362707.015,0.000006,1198.9429,1.071301120731e-11,964.7621,0.0000,0.0000,0.0000
363208.510,0.000006,1199.0211,1.062735836832e-11,965.0825,0.0000,0.0000,0.0000
363710.698,0.000006,1199.0988,1.054233870340e-11,965.4022,0.0000,0.0000,0.0000
364213.581,0.000006,1199.1758,1.045794787574e-11,965.7214,0.0000,0.0000,0.0000
364717.158,0.000006,1199.2522,1.037419889577e-11,966.0398,0.0000,0.0000,0.0000
365221.433,0.000006,1199.3280,1.029106400791e-11,966.3577,0.0000,0.0000,0.0000
365726.404,0.000006,1199.4032,1.020855188577e-11,966.6750,0.0000,0.0000,0.0000
366232.073,0.000006,1199.4779,1.012665212102e-11,966.9916,0.0000,0.0000,0.0000
366738.442,0.000006,1199.5520,1.004536905047e-11,967.3076,0.0000,0.0000,0.0000
367245.511,0.000006,1199.6255,9.964688796327e-12,967.6229,0.0000,0.0000,0.0000
367753.281,0.000006,1199.6984,9.884616562761e-12,967.9375,0.0000,0.0000,0.0000
368261.753,0.000006,1199.7706,9.805136737262e-12,968.2516,0.0000,0.0000,0.0000
368770.928,0.000006,1199.8424,9.726248452469e-12,968.5650,0.0000,0.0000,0.0000
369280.807,0.000006,1199.9137,9.647956045189e-12,968.8777,0.0000,0.0000,0.0000
369791.391,0.000006,1199.9843,9.570250841806e-12,969.1899,0.0000,0.0000,0.0000
370302.680,0.000006,1200.0543,9.493120699255e-12,969.5013,0.0000,0.0000,0.0000
370814.677,0.000006,1200.1239,9.416569954346e-12,969.8124,0.0000,0.0000,0.0000
371327.382,0.000005,1200.1929,9.340588198736e-12,970.1225,0.0000,0.0000,0.0000
371840.796,0.000005,1200.2614,9.265178901874e-12,970.4323,0.0000,0.0000,0.0000
372354.919,0.000005,1200.3292,9.190334257503e-12,970.7412,0.0000,0.0000,0.0000
372869.754,0.000005,1200.3965,9.116058602432e-12,971.0496,0.0000,0.0000,0.0000
373385.300,0.000005,1200.4634,9.042325048447e-12,971.3574,0.0000,0.0000,0.0000
373901.559,0.000005,1200.5297,8.969156146954e-12,971.6647,0.0000,0.0000,0.0000
374418.532,0.000005,1200.5953,8.896535418079e-12,971.9711,0.0000,0.0000,0.0000
374936.219,0.000005,1200.6606,8.824455055567e-12,972.2769,0.0000,0.0000,0.0000
375454.623,0.000005,1200.7253,8.752920263588e-12,972.5821,0.0000,0.0000,0.0000
375973.743,0.000005,1200.7894,8.681918899078e-12,972.8869,0.0000,0.0000,0.0000
376493.581,0.000005,1200.8531,8.611457900931e-12,973.1908,0.0000,0.0000,0.0000
377014.137,0.000005,1200.9163,8.541524258721e-12,973.4943,0.0000,0.0000,0.0000
377535.414,0.000005,1200.9789,8.472117105085e-12,973.7972,0.0000,0.0000,0.0000
378057.411,0.000005,1201.0410,8.403231235854e-12,974.0994,0.0000,0.0000,0.0000
378580.130,0.000005,1201.1027,8.334863181580e-12,974.4009,0.0000,0.0000,0.0000
379103.571,0.000005,1201.1638,8.267009472818e-12,974.7017,0.0000,0.0000,0.0000
379627.737,0.000005,1201.2245,8.199670976927e-12,975.0022,0.0000,0.0000,0.0000
380152.627,0.000005,1201.2847,8.132843357100e-12,975.3021,0.0000,0.0000,0.0000
380678.243,0.000005,1201.3442,8.066513602911e-12,975.6012,0.0000,0.0000,0.0000
381204.585,0.000005,1201.4034,8.000686918530e-12,975.8997,0.0000,0.0000,0.0000
381731.656,0.000005,1201.4622,7.935352895616e-12,976.1976,0.0000,0.0000,0.0000
382259.455,0.000005,1201.5204,7.870516738340e-12,976.4949,0.0000,0.0000,0.0000
382787.983,0.000005,1201.5781,7.806173242531e-12,976.7917,0.0000,0.0000,0.0000
383317.243,0.000005,1201.6354,7.742316336656e-12,977.0878,0.0000,0.0000,0.0000
383847.234,0.000005,1201.6921,7.678939949185e-12,977.3834,0.0000,0.0000,0.0000
384377.959,0.000005,1201.7485,7.616041478031e-12,977.6783,0.0000,0.0000,0.0000
384909.416,0.000004,1201.8043,7.553620055833e-12,977.9727,0.0000,0.0000,0.0000
385441.609,0.000004,1201.8597,7.491673947868e-12,978.2663,0.0000,0.0000,0.0000
385974.538,0.000004,1201.9147,7.430197949965e-12,978.5594,0.0000,0.0000,0.0000
386508.203,0.000004,1201.9692,7.369184255868e-12,978.8520,0.0000,0.0000,0.0000
387042.607,0.000004,1202.0232,7.308641539194e-12,979.1439,0.0000,0.0000,0.0000
387577.749,0.000004,1202.0768,7.248548115901e-12,979.4354,0.0000,0.0000,0.0000
388113.631,0.000004,1202.1300,7.188919598500e-12,979.7261,0.0000,0.0000,0.0000
388650.254,0.000004,1202.1827,7.129733869266e-12,980.0165,0.0000,0.0000,0.0000
389187.619,0.000004,1202.2350,7.071004372305e-12,980.3059,0.0000,0.0000,0.0000
389725.727,0.000004,1202.2867,7.012724168726e-12,980.5950,0.0000,0.0000,0.0000
390264.579,0.000004,1202.3383,6.954885018590e-12,980.8835,0.0000,0.0000,0.0000
390804.176,0.000004,1202.3892,6.897489090302e-12,981.1714,0.0000,0.0000,0.0000
391344.519,0.000004,1202.4397,6.840529444968e-12,981.4587,0.0000,0.0000,0.0000
391885.609,0.000004,1202.4899,6.783998710014e-12,981.7457,0.0000,0.0000,0.0000
392427.448,0.000004,1202.5396,6.727902956971e-12,982.0316,0.0000,0.0000,0.0000
392970.035,0.000004,1202.5889,6.672239150074e-12,982.3173,0.0000,0.0000,0.0000
393513.373,0.000004,1202.6377,6.616992110492e-12,982.6024,0.0000,0.0000,0.0000
394057.462,0.000004,1202.6862,6.562172246566e-12,982.8869,0.0000,0.0000,0.0000
394602.303,0.000004,1202.7343,6.507774354125e-12,983.1707,0.0000,0.0000,0.0000
395147.898,0.000004,1202.7819,6.453785422744e-12,983.4540,0.0000,0.0000,0.0000
395694.247,0.000004,1202.8291,6.400209789231e-12,983.7369,0.0000,0.0000,0.0000
396241.351,0.000004,1202.8760,6.347046152544e-12,984.0193,0.0000,0.0000,0.0000
396789.212,0.000004,1202.9224,6.294288874831e-12,984.3009,0.0000,0.0000,0.0000
397337.830,0.000004,1202.9684,6.241937522411e-12,984.5820,0.0000,0.0000,0.0000
397887.207,0.000004,1203.0142,6.189984722710e-12,984.8626,0.0000,0.0000,0.0000
398437.344,0.000004,1203.0593,6.138435679898e-12,985.1427,0.0000,0.0000,0.0000
398988.241,0.000004,1203.1042,6.087277817229e-12,985.4221,0.0000,0.0000,0.0000
399539.899,0.000004,1203.1488,6.036512435748e-12,985.7012,0.0000,0.0000,0.0000
400092.321,0.000004,1203.1929,5.986139969133e-12,985.9797,0.0000,0.0000,0.0000
400645.506,0.000004,1203.2366,5.936150876407e-12,986.2574,0.0000,0.0000,0.0000
401199.457,0.000004,1203.2800,5.886542555483e-12,986.5349,0.0000,0.0000,0.0000
401754.173,0.000004,1203.3230,5.837324113661e-12,986.8117,0.0000,0.0000,0.0000
402309.656,0.000003,1203.3656,5.788480805791e-12,987.0881,0.0000,0.0000,0.0000
402865.907,0.000003,1203.4078,5.740016535000e-12,987.3638,0.0000,0.0000,0.0000
403422.927,0.000003,1203.4497,5.691927831841e-12,987.6388,0.0000,0.0000,0.0000
403980.717,0.000003,1203.4913,5.644199517485e-12,987.9137,0.0000,0.0000,0.0000
404539.279,0.000003,1203.5325,5.596844168676e-12,988.1879,0.0000,0.0000,0.0000
405098.613,0.000003,1203.5732,5.549860050691e-12,988.4615,0.0000,0.0000,0.0000
405658.720,0.000003,1203.6138,5.503230249976e-12,988.7350,0.0000,0.0000,0.0000
406219.602,0.000003,1203.6538,5.456968644318e-12,989.0074,0.0000,0.0000,0.0000
406781.259,0.000003,1203.6936,5.411057452803e-12,989.2796,0.0000,0.0000,0.0000
407343.693,0.000003,1203.7330,5.365504481686e-12,989.5512,0.0000,0.0000,0.0000
407906.904,0.000003,1203.7721,5.320303225753e-12,989.8226,0.0000,0.0000,0.0000
408470.894,0.000003,1203.8108,5.275451950282e-12,990.0931,0.0000,0.0000,0.0000
409035.664,0.000003,1203.8491,5.230950655272e-12,990.3632,0.0000,0.0000,0.0000
409601.215,0.000003,1203.8872,5.186791100786e-12,990.6329,0.0000,0.0000,0.0000
410167.548,0.000003,1203.9249,5.142978057315e-12,990.9021,0.0000,0.0000,0.0000
410734.663,0.000003,1203.9623,5.099501983880e-12,991.1708,0.0000,0.0000,0.0000
411302.563,0.000003,1203.9994,5.056365482564e-12,991.4390,0.0000,0.0000,0.0000
411871.248,0.000003,1204.0361,5.013560313433e-12,991.7067,0.0000,0.0000,0.0000
412440.720,0.000003,1204.0725,4.971091246975e-12,991.9739,0.0000,0.0000,0.0000
413010.979,0.000003,1204.1086,4.928950476935e-12,992.2408,0.0000,0.0000,0.0000
413582.026,0.000003,1204.1444,4.887138436993e-12,992.5072,0.0000,0.0000,0.0000
414153.863,0.000003,1204.1798,4.845652091384e-12,992.7730,0.0000,0.0000,0.0000
414726.490,0.000003,1204.2150,4.804490572746e-12,993.0383,0.0000,0.0000,0.0000
415299.909,0.000003,1204.2498,4.763649544270e-12,993.3031,0.0000,0.0000,0.0000
415874.121,0.000003,1204.2843,4.723124669148e-12,993.5676,0.0000,0.0000,0.0000
416449.127,0.000003,1204.3185,4.682917248422e-12,993.8317,0.0000,0.0000,0.0000
417024.928,0.000003,1204.3524,4.643027282092e-12,994.0953,0.0000,0.0000,0.0000
417601.525,0.000003,1204.3860,4.603443494455e-12,994.3584,0.0000,0.0000,0.0000
418178.920,0.000003,1204.4193,4.564172824406e-12,994.6212,0.0000,0.0000,0.0000
418757.112,0.000003,1204.4523,4.525210501455e-12,994.8832,0.0000,0.0000,0.0000
419336.104,0.000003,1204.4850,4.486551321431e-12,995.1451,0.0000,0.0000,0.0000
419915.897,0.000003,1204.5175,4.448192682249e-12,995.4064,0.0000,0.0000,0.0000
420496.491,0.000003,1204.5496,4.410138053357e-12,995.6673,0.0000,0.0000,0.0000
421077.888,0.000003,1204.5813,4.372380495860e-12,995.9277,0.0000,0.0000,0.0000
421660.089,0.000003,1204.6129,4.334920443438e-12,996.1879,0.0000,0.0000,0.0000
422243.095,0.000003,1204.6442,4.297752691923e-12,996.4476,0.0000,0.0000,0.0000
422826.907,0.000003,1204.6752,4.260880710760e-12,996.7068,0.0000,0.0000,0.0000
423411.526,0.000003,1204.7058,4.224294091609e-12,996.9656,0.0000,0.0000,0.0000
423996.954,0.000003,1204.7362,4.187998038641e-12,997.2241,0.0000,0.0000,0.0000
424583.191,0.000003,1204.7664,4.151986046641e-12,997.4820,0.0000,0.0000,0.0000
425170.238,0.000003,1204.7963,4.116259850334e-12,997.7397,0.0000,0.0000,0.0000
425758.097,0.000002,1204.8258,4.080814245550e-12,997.9969,0.0000,0.0000,0.0000
426346.769,0.000002,1204.8551,4.045648798606e-12,998.2536,0.0000,0.0000,0.0000
426936.255,0.000002,1204.8842,4.010758739015e-12,998.5102,0.0000,0.0000,0.0000
427526.556,0.000002,1204.9130,3.976146235180e-12,998.7664,0.0000,0.0000,0.0000
428117.673,0.000002,1204.9415,3.941805649249e-12,999.0220,0.0000,0.0000,0.0000
428709.608,0.000002,1204.9697,3.907740450670e-12,999.2772,0.0000,0.0000,0.0000
429302.360,0.000002,1204.9978,3.873941532145e-12,999.5323,0.0000,0.0000,0.0000
429895.933,0.000002,1205.0255,3.840411495759e-12,999.7869,0.0000,0.0000,0.0000
430490.326,0.000002,1205.0530,3.807144269979e-12,1000.0411,0.0000,0.0000,0.0000
431085.541,0.000002,1205.0802,3.774145058977e-12,1000.2951,0.0000,0.0000,0.0000
431681.579,0.000002,1205.1072,3.741404321772e-12,1000.5485,0.0000,0.0000,0.0000
432278.441,0.000002,1205.1339,3.708925094131e-12,1000.8017,0.0000,0.0000,0.0000
432876.128,0.000002,1205.1604,3.676702171884e-12,1001.0545,0.0000,0.0000,0.0000
433474.642,0.000002,1205.1866,3.644739458158e-12,1001.3072,0.0000,0.0000,0.0000
434073.983,0.000002,1205.2126,3.613028929858e-12,1001.5591,0.0000,0.0000,0.0000
434674.153,0.000002,1205.2384,3.581568635419e-12,1001.8111,0.0000,0.0000,0.0000
435275.153,0.000002,1205.2639,3.550360309565e-12,1002.0627,0.0000,0.0000,0.0000
435876.983,0.000002,1205.2892,3.519398314444e-12,1002.3138,0.0000,0.0000,0.0000
436479.646,0.000002,1205.3143,3.488685685824e-12,1002.5647,0.0000,0.0000,0.0000
437083.142,0.000002,1205.3391,3.458218086894e-12,1002.8152,0.0000,0.0000,0.0000
437687.473,0.000002,1205.3636,3.427995734495e-12,1003.0656,0.0000,0.0000,0.0000
438292.639,0.000002,1205.3879,3.398012990777e-12,1003.3154,0.0000,0.0000,0.0000
438898.641,0.000002,1205.4121,3.368267904175e-12,1003.5652,0.0000,0.0000,0.0000
439505.482,0.000002,1205.4360,3.338763076774e-12,1003.8145,0.0000,0.0000,0.0000
440113.162,0.000002,1205.4597,3.309495039128e-12,1004.0636,0.0000,0.0000,0.0000
440721.682,0.000002,1205.4832,3.280461405991e-12,1004.3124,0.0000,0.0000,0.0000
441331.043,0.000002,1205.5063,3.251658491077e-12,1004.5610,0.0000,0.0000,0.0000
441941.247,0.000002,1205.5293,3.223089763832e-12,1004.8091,0.0000,0.0000,0.0000
442552.294,0.000002,1205.5521,3.194747201160e-12,1005.0573,0.0000,0.0000,0.0000
443164.187,0.000002,1205.5747,3.166635356711e-12,1005.3051,0.0000,0.0000,0.0000
443776.925,0.000002,1205.5970,3.138748809473e-12,1005.5526,0.0000,0.0000,0.0000
444390.511,0.000002,1205.6191,3.111087559446e-12,1005.7999,0.0000,0.0000,0.0000
445004.944,0.000002,1205.6411,3.083644667737e-12,1006.0469,0.0000,0.0000,0.0000
445620.228,0.000002,1205.6628,3.056425772197e-12,1006.2936,0.0000,0.0000,0.0000
446236.362,0.000002,1205.6843,3.029424367612e-12,1006.5402,0.0000,0.0000,0.0000
446853.348,0.000002,1205.7057,3.002644140271e-12,1006.7866,0.0000,0.0000,0.0000
447471.188,0.000002,1205.7267,2.976077500758e-12,1007.0324,0.0000,0.0000,0.0000
448089.881,0.000002,1205.7477,2.949727051157e-12,1007.2786,0.0000,0.0000,0.0000
448709.430,0.000002,1205.7683,2.923589972545e-12,1007.5241,0.0000,0.0000,0.0000
449329.835,0.000002,1205.7888,2.897663662835e-12,1007.7697,0.0000,0.0000,0.0000
449951.099,0.000002,1205.8091,2.871946604144e-12,1008.0148,0.0000,0.0000,0.0000
450573.221,0.000002,1205.8292,2.846370491735e-12,1008.2578,0.0000,0.0000,0.0000
451196.203,0.000002,1205.8491,2.821072368764e-12,1008.5027,0.0000,0.0000,0.0000
451820.047,0.000002,1205.8689,2.795974606354e-12,1008.7476,0.0000,0.0000,0.0000
452444.754,0.000002,1205.8884,2.771086094963e-12,1008.9921,0.0000,0.0000,0.0000
453070.324,0.000002,1205.9077,2.746397076772e-12,1009.2364,0.0000,0.0000,0.0000
453696.759,0.000002,1205.9269,2.721909503345e-12,1009.4808,0.0000,0.0000,0.0000
454324.060,0.000002,1205.9459,2.697621423117e-12,1009.7249,0.0000,0.0000,0.0000
454952.228,0.000002,1205.9646,2.673529366642e-12,1009.9688,0.0000,0.0000,0.0000
455581.265,0.000002,1205.9833,2.649635285484e-12,1010.2125,0.0000,0.0000,0.0000
456211.172,0.000002,1206.0017,2.625935276515e-12,1010.4563,0.0000,0.0000,0.0000
456841.950,0.000002,1206.0199,2.602429556575e-12,1010.6997,0.0000,0.0000,0.0000
457473.600,0.000002,1206.0380,2.579115089898e-12,1010.9432,0.0000,0.0000,0.0000
458106.123,0.000002,1206.0559,2.555992310166e-12,1011.1865,0.0000,0.0000,0.0000
458739.521,0.000002,1206.0736,2.533058615292e-12,1011.4297,0.0000,0.0000,0.0000
459373.794,0.000002,1206.0911,2.510312270554e-12,1011.6727,0.0000,0.0000,0.0000
460008.945,0.000002,1206.1084,2.487749155983e-12,1011.9157,0.0000,0.0000,0.0000
460644.974,0.000002,1206.1256,2.465376644153e-12,1012.1586,0.0000,0.0000,0.0000
461281.882,0.000002,1206.1427,2.443183025683e-12,1012.4016,0.0000,0.0000,0.0000
461919.670,0.000002,1206.1595,2.421172420539e-12,1012.6442,0.0000,0.0000,0.0000
462558.341,0.000002,1206.1761,2.399343961360e-12,1012.8867,0.0000,0.0000,0.0000
463197.895,0.000001,1206.1927,2.377693311337e-12,1013.1295,0.0000,0.0000,0.0000
463838.332,0.000001,1206.2091,2.356224807279e-12,1013.3719,0.0000,0.0000,0.0000
464479.656,0.000001,1206.2252,2.334928257686e-12,1013.6145,0.0000,0.0000,0.0000
465121.866,0.000001,1206.2413,2.313810384610e-12,1013.8569,0.0000,0.0000,0.0000
465764.964,0.000001,1206.2572,2.292865550202e-12,1014.0995,0.0000,0.0000,0.0000
466408.951,0.000001,1206.2729,2.272091802896e-12,1014.3417,0.0000,0.0000,0.0000
467053.829,0.000001,1206.2885,2.251491744779e-12,1014.5841,0.0000,0.0000,0.0000
467699.598,0.000001,1206.3038,2.231062773764e-12,1014.8266,0.0000,0.0000,0.0000
468346.260,0.000001,1206.3191,2.210801637245e-12,1015.0688,0.0000,0.0000,0.0000
468993.816,0.000001,1206.3342,2.190708118383e-12,1015.3112,0.0000,0.0000,0.0000
469642.268,0.000001,1206.3491,2.170780916133e-12,1015.5535,0.0000,0.0000,0.0000
470291.616,0.000001,1206.3639,2.151020030497e-12,1015.7959,0.0000,0.0000,0.0000
470941.862,0.000001,1206.3785,2.131423293070e-12,1016.0383,0.0000,0.0000,0.0000
471593.007,0.000001,1206.3931,2.111986367043e-12,1016.2808,0.0000,0.0000,0.0000
472245.053,0.000001,1206.4075,2.092713372384e-12,1016.5233,0.0000,0.0000,0.0000
472897.999,0.000001,1206.4216,2.073599755445e-12,1016.7657,0.0000,0.0000,0.0000
473551.849,0.000001,1206.4357,2.054646600427e-12,1017.0084,0.0000,0.0000,0.0000
474206.603,0.000001,1206.4496,2.035850437884e-12,1017.2511,0.0000,0.0000,0.0000
474862.262,0.000001,1206.4634,2.017210183614e-12,1017.4937,0.0000,0.0000,0.0000
475518.827,0.000001,1206.4771,1.998727138658e-12,1017.7365,0.0000,0.0000,0.0000
476176.301,0.000001,1206.4905,1.980398700932e-12,1017.9792,0.0000,0.0000,0.0000
476834.683,0.000001,1206.5039,1.962220099946e-12,1018.2224,0.0000,0.0000,0.0000
477493.976,0.000001,1206.5171,1.944196973552e-12,1018.4654,0.0000,0.0000,0.0000
478154.180,0.000001,1206.5302,1.926323900739e-12,1018.7086,0.0000,0.0000,0.0000
478815.297,0.000001,1206.5432,1.908600447825e-12,1018.9520,0.0000,0.0000,0.0000
479477.328,0.000001,1206.5560,1.891025747450e-12,1019.1955,0.0000,0.0000,0.0000
480140.275,0.000001,1206.5687,1.873596980687e-12,1019.4392,0.0000,0.0000,0.0000
480804.138,0.000001,1206.5813,1.856316315940e-12,1019.6827,0.0000,0.0000,0.0000
481468.919,0.000001,1206.5936,1.839179199561e-12,1019.9266,0.0000,0.0000,0.0000
482134.619,0.000001,1206.6060,1.822189751519e-12,1020.1706,0.0000,0.0000,0.0000
482801.240,0.000001,1206.6182,1.805339515035e-12,1020.4150,0.0000,0.0000,0.0000
483468.782,0.000001,1206.6302,1.788632176397e-12,1020.6594,0.0000,0.0000,0.0000
484137.248,0.000001,1206.6421,1.772067085085e-12,1020.9039,0.0000,0.0000,0.0000
484806.637,0.000001,1206.6539,1.755640988491e-12,1021.1488,0.0000,0.0000,0.0000
485476.952,0.000001,1206.6656,1.739353778195e-12,1021.3937,0.0000,0.0000,0.0000
486148.194,0.000001,1206.6771,1.723204044735e-12,1021.6390,0.0000,0.0000,0.0000
486820.364,0.000001,1206.6886,1.707190487067e-12,1021.8845,0.0000,0.0000,0.0000
487493.463,0.000001,1206.7000,1.691313430453e-12,1022.1302,0.0000,0.0000,0.0000
488167.494,0.000001,1206.7112,1.675570814909e-12,1022.3763,0.0000,0.0000,0.0000
488842.455,0.000001,1206.7222,1.659959821508e-12,1022.6222,0.0000,0.0000,0.0000
489518.351,0.000001,1206.7332,1.644485329161e-12,1022.8687,0.0000,0.0000,0.0000
490195.180,0.000001,1206.7440,1.629139097931e-12,1023.1154,0.0000,0.0000,0.0000
490872.946,0.000001,1206.7548,1.613923621482e-12,1023.3624,0.0000,0.0000,0.0000
491551.648,0.000001,1206.7654,1.598839008236e-12,1023.6098,0.0000,0.0000,0.0000
492231.290,0.000001,1206.7760,1.583880921384e-12,1023.8574,0.0000,0.0000,0.0000
492911.870,0.000001,1206.7864,1.569051637750e-12,1024.1053,0.0000,0.0000,0.0000
493593.392,0.000001,1206.7966,1.554347579466e-12,1024.3538,0.0000,0.0000,0.0000
494275.856,0.000001,1206.8069,1.539771240198e-12,1024.6022,0.0000,0.0000,0.0000
494959.264,0.000001,1206.8169,1.525318174718e-12,1024.8512,0.0000,0.0000,0.0000
495643.616,0.000001,1206.8269,1.510989033546e-12,1025.1005,0.0000,0.0000,0.0000
496328.915,0.000001,1206.8368,1.496781539857e-12,1025.3502,0.0000,0.0000,0.0000
497015.161,0.000001,1206.8466,1.482696561014e-12,1025.6002,0.0000,0.0000,0.0000
497702.356,0.000001,1206.8562,1.468732579134e-12,1025.8506,0.0000,0.0000,0.0000
498390.502,0.000001,1206.8657,1.454888510014e-12,1026.1013,0.0000,0.0000,0.0000
499079.598,0.000001,1206.8752,1.441162402090e-12,1026.3527,0.0000,0.0000,0.0000
499769.648,0.000001,1206.8845,1.427555881665e-12,1026.6044,0.0000,0.0000,0.0000
500460.652,0.000001,1206.8938,1.414064937193e-12,1026.8563,0.0000,0.0000,0.0000
501152.611,0.000001,1206.9030,1.400691194975e-12,1027.1088,0.0000,0.0000,0.0000
501845.526,0.000001,1206.9120,1.387432703448e-12,1027.3617,0.0000,0.0000,0.0000
502539.400,0.000001,1206.9210,1.374287294208e-12,1027.6152,0.0000,0.0000,0.0000
503234.233,0.000001,1206.9298,1.361257786180e-12,1027.8691,0.0000,0.0000,0.0000
503930.027,0.000001,1206.9386,1.348338975193e-12,1028.1234,0.0000,0.0000,0.0000
504626.783,0.000001,1206.9473,1.335532053871e-12,1028.3783,0.0000,0.0000,0.0000
505324.502,0.000001,1206.9558,1.322837347474e-12,1028.6337,0.0000,0.0000,0.0000
506023.186,0.000001,1206.9644,1.310250736034e-12,1028.8896,0.0000,0.0000,0.0000
506722.836,0.000001,1206.9728,1.297773845853e-12,1029.1459,0.0000,0.0000,0.0000
507423.454,0.000001,1206.9811,1.285404833788e-12,1029.4030,0.0000,0.0000,0.0000
508125.040,0.000001,1206.9893,1.273144784042e-12,1029.6604,0.0000,0.0000,0.0000
508827.596,0.000001,1206.9974,1.260989793486e-12,1029.9187,0.0000,0.0000,0.0000
509531.124,0.000001,1207.0055,1.248941705265e-12,1030.1772,0.0000,0.0000,0.0000
510235.624,0.000001,1207.0134,1.236998242553e-12,1030.4364,0.0000,0.0000,0.0000
510941.098,0.000001,1207.0212,1.225158429569e-12,1030.6963,0.0000,0.0000,0.0000
511647.548,0.000001,1207.0291,1.213422591573e-12,1030.9568,0.0000,0.0000,0.0000
512354.974,0.000001,1207.0367,1.201789319102e-12,1031.2179,0.0000,0.0000,0.0000
513063.379,0.000001,1207.0443,1.190257744796e-12,1031.4795,0.0000,0.0000,0.0000
513772.763,0.000001,1207.0519,1.178826025509e-12,1031.7421,0.0000,0.0000,0.0000
514483.128,0.000001,1207.0593,1.167494052823e-12,1032.0051,0.0000,0.0000,0.0000
515194.475,0.000001,1207.0667,1.156263344619e-12,1032.2687,0.0000,0.0000,0.0000
515906.806,0.000001,1207.0740,1.145130214611e-12,1032.5331,0.0000,0.0000,0.0000
516620.121,0.000001,1207.0812,1.134094445958e-12,1032.7981,0.0000,0.0000,0.0000
517334.423,0.000001,1207.0883,1.123156580761e-12,1033.0641,0.0000,0.0000,0.0000
518049.713,0.000001,1207.0953,1.112314667456e-12,1033.3306,0.0000,0.0000,0.0000
518765.991,0.000001,1207.1023,1.101567513422e-12,1033.5978,0.0000,0.0000,0.0000
519483.260,0.000001,1207.1091,1.090915769178e-12,1033.8658,0.0000,0.0000,0.0000
520201.520,0.000001,1207.1160,1.080357483162e-12,1034.1346,0.0000,0.0000,0.0000
520920.774,0.000001,1207.1227,1.069892655373e-12,1034.4042,0.0000,0.0000,0.0000
521641.022,0.000001,1207.1294,1.059520201609e-12,1034.6747,0.0000,0.0000,0.0000
522362.266,0.000001,1207.1360,1.049240447130e-12,1034.9458,0.0000,0.0000,0.0000
523084.507,0.000001,1207.1425,1.039050247752e-12,1035.2178,0.0000,0.0000,0.0000
523807.747,0.000001,1207.1489,1.028951121355e-12,1035.4905,0.0000,0.0000,0.0000
524531.987,0.000001,1207.1553,1.018941441638e-12,1035.7643,0.0000,0.0000,0.0000
525257.228,0.000001,1207.1616,1.009020774920e-12,1036.0388,0.0000,0.0000,0.0000
525983.472,0.000001,1207.1678,9.991879285770e-13,1036.3143,0.0000,0.0000,0.0000
526710.720,0.000001,1207.1740,9.894427941901e-13,1036.5906,0.0000,0.0000,0.0000
527438.973,0.000001,1207.1801,9.797835286152e-13,1036.8678,0.0000,0.0000,0.0000
528168.234,0.000001,1207.1860,9.702111076343e-13,1037.1458,0.0000,0.0000,0.0000
528898.502,0.000001,1207.1920,9.607240133644e-13,1037.4249,0.0000,0.0000,0.0000
529629.781,0.000001,1207.1979,9.513218121246e-13,1037.7051,0.0000,0.0000,0.0000
530362.070,0.000001,1207.2037,9.420038533936e-13,1037.9858,0.0000,0.0000,0.0000
531095.372,0.000001,1207.2095,9.327677519266e-13,1038.2681,0.0000,0.0000,0.0000
531829.688,0.000001,1207.2152,9.236151340269e-13,1038.5509,0.0000,0.0000,0.0000
532565.020,0.000001,1207.2208,9.145454575935e-13,1038.8347,0.0000,0.0000,0.0000
533301.367,0.000001,1207.2263,9.055558494904e-13,1039.1200,0.0000,0.0000,0.0000
534038.733,0.000001,1207.2318,8.966473397098e-13,1039.4060,0.0000,0.0000,0.0000
534777.119,0.000001,1207.2373,8.878202535124e-13,1039.6929,0.0000,0.0000,0.0000
535516.526,0.000001,1207.2427,8.790702540895e-13,1039.9812,0.0000,0.0000,0.0000
536256.954,0.000001,1207.2480,8.704000519465e-13,1040.2704,0.0000,0.0000,0.0000
536998.407,0.000001,1207.2533,8.618082918306e-13,1040.5609,0.0000,0.0000,0.0000
537740.885,0.000001,1207.2584,8.532930221780e-13,1040.8523,0.0000,0.0000,0.0000
538484.389,0.000001,1207.2635,8.448564656031e-13,1041.1448,0.0000,0.0000,0.0000
539228.921,0.000001,1207.2687,8.364942310872e-13,1041.4386,0.0000,0.0000,0.0000
539974.483,0.000001,1207.2737,8.282087580851e-13,1041.7338,0.0000,0.0000,0.0000
540721.076,0.000001,1207.2786,8.199978239823e-13,1042.0298,0.0000,0.0000,0.0000
541468.700,0.000001,1207.2834,8.118613745688e-13,1042.3269,0.0000,0.0000,0.0000
542217.359,0.000001,1207.2883,8.037987593232e-13,1042.6256,0.0000,0.0000,0.0000
542967.053,0.000001,1207.2931,7.958090566737e-13,1042.9253,0.0000,0.0000,0.0000
543717.783,0.000001,1207.2979,7.878924292506e-13,1043.2263,0.0000,0.0000,0.0000
544469.551,0.000001,1207.3025,7.800478470620e-13,1043.5288,0.0000,0.0000,0.0000
545222.359,0.000001,1207.3071,7.722740632751e-13,1043.8323,0.0000,0.0000,0.0000
545976.207,0.000001,1207.3118,7.645711863104e-13,1044.1371,0.0000,0.0000,0.0000
546731.098,0.000000,1207.3163,7.569388366969e-13,1044.4435,0.0000,0.0000,0.0000
547487.033,0.000000,1207.3207,7.493769060146e-13,1044.7511,0.0000,0.0000,0.0000
548244.013,0.000000,1207.3251,7.418832258591e-13,1045.0598,0.0000,0.0000,0.0000
549002.039,0.000000,1207.3295,7.344585551718e-13,1045.3704,0.0000,0.0000,0.0000
549761.113,0.000000,1207.3339,7.271011050192e-13,1045.6820,0.0000,0.0000,0.0000
550521.237,0.000000,1207.3380,7.198116343428e-13,1045.9951,0.0000,0.0000,0.0000
551282.412,0.000000,1207.3423,7.125891673607e-13,1046.3096,0.0000,0.0000,0.0000
552044.640,0.000000,1207.3464,7.054329451313e-13,1046.6255,0.0000,0.0000,0.0000
552807.921,0.000000,1207.3506,6.983421002929e-13,1046.9430,0.0000,0.0000,0.0000
553572.258,0.000000,1207.3546,6.913166328455e-13,1047.2621,0.0000,0.0000,0.0000
554337.651,0.000000,1207.3586,6.843566512094e-13,1047.5823,0.0000,0.0000,0.0000
555104.103,0.000000,1207.3625,6.774595532992e-13,1047.9043,0.0000,0.0000,0.0000
555871.615,0.000000,1207.3665,6.706268027880e-13,1048.2280,0.0000,0.0000,0.0000
556640.187,0.000000,1207.3704,6.638572612634e-13,1048.5531,0.0000,0.0000,0.0000
557409.823,0.000000,1207.3743,6.571500613638e-13,1048.8796,0.0000,0.0000,0.0000
558180.522,0.000000,1207.3781,6.505054199295e-13,1049.2081,0.0000,0.0000,0.0000
558952.287,0.000000,1207.3817,6.439218732876e-13,1049.5380,0.0000,0.0000,0.0000
559725.119,0.000000,1207.3854,6.373995840685e-13,1049.8695,0.0000,0.0000,0.0000
560499.020,0.000000,1207.3890,6.309378475407e-13,1050.2026,0.0000,0.0000,0.0000
561273.991,0.000000,1207.3927,6.245359589728e-13,1050.5376,0.0000,0.0000,0.0000
562050.033,0.000000,1207.3962,6.181932136334e-13,1050.8744,0.0000,0.0000,0.0000
562827.148,0.000000,1207.3998,6.119103162540e-13,1051.2126,0.0000,0.0000,0.0000
563605.338,0.000000,1207.4032,6.056862368424e-13,1051.5526,0.0000,0.0000,0.0000
564384.603,0.000000,1207.4067,5.995194033055e-13,1051.8944,0.0000,0.0000,0.0000
565164.946,0.000000,1207.4100,5.934107372152e-13,1052.2379,0.0000,0.0000,0.0000
565946.368,0.000000,1207.4135,5.873581785873e-13,1052.5835,0.0000,0.0000,0.0000
566728.871,0.000000,1207.4167,5.813632453049e-13,1052.9308,0.0000,0.0000,0.0000
567512.455,0.000000,1207.4200,5.754240400141e-13,1053.2799,0.0000,0.0000,0.0000
568297.123,0.000000,1207.4232,5.695401832442e-13,1053.6310,0.0000,0.0000,0.0000
569082.876,0.000000,1207.4265,5.637121086761e-13,1053.9839,0.0000,0.0000,0.0000
569869.715,0.000000,1207.4297,5.579387321077e-13,1054.3386,0.0000,0.0000,0.0000
570657.642,0.000000,1207.4327,5.522190777568e-13,1054.6954,0.0000,0.0000,0.0000
571446.659,0.000000,1207.4358,5.465542840359e-13,1055.0542,0.0000,0.0000,0.0000
572236.766,0.000000,1207.4388,5.409418572799e-13,1055.4148,0.0000,0.0000,0.0000
573027.966,0.000000,1207.4419,5.353825022203e-13,1055.7776,0.0000,0.0000,0.0000
573820.260,0.000000,1207.4448,5.298763272772e-13,1056.1422,0.0000,0.0000,0.0000
574613.649,0.000000,1207.4478,5.244217061474e-13,1056.5090,0.0000,0.0000,0.0000
575408.135,0.000000,1207.4507,5.190180967299e-13,1056.8782,0.0000,0.0000,0.0000
576203.720,0.000000,1207.4536,5.136663121762e-13,1057.2490,0.0000,0.0000,0.0000
577000.404,0.000000,1207.4564,5.083653224942e-13,1057.6222,0.0000,0.0000,0.0000
577798.191,0.000000,1207.4592,5.031143145325e-13,1057.9976,0.0000,0.0000,0.0000
578597.080,0.000000,1207.4619,4.979134509212e-13,1058.3749,0.0000,0.0000,0.0000
579397.074,0.000000,1207.4647,4.927618100885e-13,1058.7545,0.0000,0.0000,0.0000
580198.174,0.000000,1207.4674,4.876595004547e-13,1059.1364,0.0000,0.0000,0.0000
581000.382,0.000000,1207.4701,4.826054378175e-13,1059.5205,0.0000,0.0000,0.0000
581803.698,0.000000,1207.4727,4.775996221770e-13,1059.9070,0.0000,0.0000,0.0000
582608.126,0.000000,1207.4752,4.726415114321e-13,1060.2957,0.0000,0.0000,0.0000
583413.666,0.000000,1207.4778,4.677312682132e-13,1060.6866,0.0000,0.0000,0.0000
584220.319,0.000000,1207.4803,4.628672120068e-13,1061.0800,0.0000,0.0000,0.0000
585028.088,0.000000,1207.4829,4.580505354353e-13,1061.4757,0.0000,0.0000,0.0000
585836.974,0.000000,1207.4854,4.532791243045e-13,1061.8738,0.0000,0.0000,0.0000
586646.978,0.000000,1207.4878,4.485544151823e-13,1062.2744,0.0000,0.0000,0.0000
587458.102,0.000000,1207.4901,4.438741041390e-13,1062.6775,0.0000,0.0000,0.0000
588270.347,0.000000,1207.4926,4.392394922174e-13,1063.0828,0.0000,0.0000,0.0000
589083.716,0.000000,1207.4949,4.346491428494e-13,1063.4907,0.0000,0.0000,0.0000
589898.209,0.000000,1207.4972,4.301031373503e-13,1063.9014,0.0000,0.0000,0.0000
590713.828,0.000000,1207.4995,4.256009878290e-13,1064.3145,0.0000,0.0000,0.0000
591530.576,0.000000,1207.5018,4.211421521846e-13,1064.7302,0.0000,0.0000,0.0000
592348.452,0.000000,1207.5040,4.167261696310e-13,1065.1483,0.0000,0.0000,0.0000
593167.459,0.000000,1207.5062,4.123529046430e-13,1065.5693,0.0000,0.0000,0.0000
593987.599,0.000000,1207.5084,4.080222759054e-13,1065.9929,0.0000,0.0000,0.0000
594808.872,0.000000,1207.5105,4.037337413172e-13,1066.4191,0.0000,0.0000,0.0000
595631.281,0.000000,1207.5127,3.994864606217e-13,1066.8481,0.0000,0.0000,0.0000
596454.827,0.000000,1207.5148,3.952806777643e-13,1067.2800,0.0000,0.0000,0.0000
597279.512,0.000000,1207.5168,3.911150374923e-13,1067.7146,0.0000,0.0000,0.0000
598105.337,0.000000,1207.5189,3.869908950585e-13,1068.1519,0.0000,0.0000,0.0000
598932.304,0.000000,1207.5209,3.829063260040e-13,1068.5922,0.0000,0.0000,0.0000
599760.414,0.000000,1207.5229,3.788618182198e-13,1069.0353,0.0000,0.0000,0.0000
600589.669,0.000000,1207.5249,3.748570464451e-13,1069.4811,0.0000,0.0000,0.0000
601420.071,0.000000,1207.5269,3.708911433184e-13,1069.9299,0.0000,0.0000,0.0000
602251.621,0.000000,1207.5287,3.669635125284e-13,1070.3817,0.0000,0.0000,0.0000
603084.321,0.000000,1207.5306,3.630749943317e-13,1070.8365,0.0000,0.0000,0.0000
603918.172,0.000000,1207.5325,3.592244232110e-13,1071.2943,0.0000,0.0000,0.0000
604753.176,0.000000,1207.5343,3.554113654856e-13,1071.7552,0.0000,0.0000,0.0000
605589.334,0.000000,1207.5361,3.516360379957e-13,1072.2192,0.0000,0.0000,0.0000
606426.649,0.000000,1207.5380,3.478976004848e-13,1072.6863,0.0000,0.0000,0.0000
607265.121,0.000000,1207.5398,3.441957547971e-13,1073.1566,0.0000,0.0000,0.0000
608104.753,0.000000,1207.5415,3.405308261935e-13,1073.6299,0.0000,0.0000,0.0000
608945.545,0.000000,1207.5432,3.369016491565e-13,1074.1064,0.0000,0.0000,0.0000
609787.500,0.000000,1207.5449,3.333087115771e-13,1074.5862,0.0000,0.0000,0.0000
610630.620,0.000000,1207.5466,3.297509563582e-13,1075.0692,0.0000,0.0000,0.0000
611474.904,0.000000,1207.5483,3.262283563947e-13,1075.5557,0.0000,0.0000,0.0000
612320.357,0.000000,1207.5499,3.227406677412e-13,1076.0454,0.0000,0.0000,0.0000
613166.978,0.000000,1207.5515,3.192875922420e-13,1076.5382,0.0000,0.0000,0.0000
614014.770,0.000000,1207.5531,3.158686420063e-13,1077.0349,0.0000,0.0000,0.0000
614863.734,0.000000,1207.5547,3.124839254541e-13,1077.5345,0.0000,0.0000,0.0000
615713.871,0.000000,1207.5563,3.091326023288e-13,1078.0382,0.0000,0.0000,0.0000
616565.185,0.000000,1207.5579,3.058144286850e-13,1078.5450,0.0000,0.0000,0.0000
617417.675,0.000000,1207.5593,3.025295671529e-13,1079.0554,0.0000,0.0000,0.0000
618271.344,0.000000,1207.5609,2.992774756315e-13,1079.5693,0.0000,0.0000,0.0000
619126.193,0.000000,1207.5624,2.960576120196e-13,1080.0869,0.0000,0.0000,0.0000
619982.224,0.000000,1207.5638,2.928701931578e-13,1080.6079,0.0000,0.0000,0.0000
620839.439,0.000000,1207.5652,2.897147582601e-13,1081.1327,0.0000,0.0000,0.0000
621697.839,0.000000,1207.5667,2.865906025950e-13,1081.6613,0.0000,0.0000,0.0000
622557.426,0.000000,1207.5681,2.834975906373e-13,1082.1936,0.0000,0.0000,0.0000
623418.202,0.000000,1207.5695,2.804358037022e-13,1082.7296,0.0000,0.0000,0.0000
624280.167,0.000000,1207.5708,2.774051062644e-13,1083.2695,0.0000,0.0000,0.0000
625143.324,0.000000,1207.5721,2.744044141217e-13,1083.8131,0.0000,0.0000,0.0000
626007.675,0.000000,1207.5735,2.714338356944e-13,1084.3607,0.0000,0.0000,0.0000
626873.221,0.000000,1207.5748,2.684932083521e-13,1084.9122,0.0000,0.0000,0.0000
627739.964,0.000000,1207.5762,2.655826405150e-13,1085.4677,0.0000,0.0000,0.0000
628607.905,0.000000,1207.5774,2.627011835062e-13,1086.0269,0.0000,0.0000,0.0000
629477.046,0.000000,1207.5786,2.598487831157e-13,1086.5906,0.0000,0.0000,0.0000
630347.389,0.000000,1207.5800,2.570252767130e-13,1087.1580,0.0000,0.0000,0.0000
631218.935,0.000000,1207.5812,2.542303661427e-13,1087.7297,0.0000,0.0000,0.0000
632091.686,0.000000,1207.5824,2.514636990390e-13,1088.3057,0.0000,0.0000,0.0000
632965.644,0.000000,1207.5835,2.487251669816e-13,1088.8855,0.0000,0.0000,0.0000
633840.810,0.000000,1207.5847,2.460144718150e-13,1089.4695,0.0000,0.0000,0.0000
634717.186,0.000000,1207.5859,2.433313695937e-13,1090.0577,0.0000,0.0000,0.0000
635594.775,0.000000,1207.5870,2.406753453216e-13,1090.6506,0.0000,0.0000,0.0000
636473.576,0.000000,1207.5881,2.380467784696e-13,1091.2476,0.0000,0.0000,0.0000
637353.592,0.000000,1207.5894,2.354446661506e-13,1091.8490,0.0000,0.0000,0.0000
638234.826,0.000000,1207.5905,2.328692252050e-13,1092.4547,0.0000,0.0000,0.0000
639117.277,0.000000,1207.5916,2.303200219520e-13,1093.0651,0.0000,0.0000,0.0000
640000.949,0.000000,1207.5925,2.277969750764e-13,1093.6796,0.0000,0.0000,0.0000
640885.843,0.000000,1207.5936,2.252994611620e-13,1094.2991,0.0000,0.0000,0.0000
641771.960,0.000000,1207.5947,2.228279409947e-13,1094.9227,0.0000,0.0000,0.0000
642659.302,0.000000,1207.5957,2.203816285278e-13,1095.5514,0.0000,0.0000,0.0000
643547.871,0.000000,1207.5967,2.179604288938e-13,1096.1844,0.0000,0.0000,0.0000
644437.669,0.000000,1207.5978,2.155640574895e-13,1096.8221,0.0000,0.0000,0.0000
645328.697,0.000000,1207.5988,2.131926769454e-13,1097.4647,0.0000,0.0000,0.0000
646220.957,0.000000,1207.5997,2.108451352964e-13,1098.1121,0.0000,0.0000,0.0000
647114.451,0.000000,1207.6007,2.085221508267e-13,1098.7640,0.0000,0.0000,0.0000
648009.180,0.000000,1207.6017,2.062230730149e-13,1099.4211,0.0000,0.0000,0.0000
648905.146,0.000000,1207.6025,2.039479425186e-13,1100.0830,0.0000,0.0000,0.0000
649802.351,0.000000,1207.6035,2.016958784235e-13,1100.7499,0.0000,0.0000,0.0000
650700.796,0.000000,1207.6044,1.994676803287e-13,1101.4216,0.0000,0.0000,0.0000
651600.484,0.000000,1207.6053,1.972621962694e-13,1102.0986,0.0000,0.0000,0.0000
652501.416,0.000000,1207.6062,1.950798192690e-13,1102.7803,0.0000,0.0000,0.0000
653403.593,0.000000,1207.6071,1.929199123585e-13,1103.4674,0.0000,0.0000,0.0000
654307.017,0.000000,1207.6079,1.907826517209e-13,1104.1595,0.0000,0.0000,0.0000
655211.691,0.000000,1207.6088,1.886675494653e-13,1104.8569,0.0000,0.0000,0.0000
656117.616,0.000000,1207.6096,1.865743480935e-13,1105.5597,0.0000,0.0000,0.0000
657024.793,0.000000,1207.6105,1.845031560258e-13,1106.2676,0.0000,0.0000,0.0000
657933.225,0.000000,1207.6113,1.824533362935e-13,1106.9808,0.0000,0.0000,0.0000
658842.912,0.000000,1207.6121,1.804252006046e-13,1107.6993,0.0000,0.0000,0.0000
659753.858,0.000000,1207.6129,1.784181526479e-13,1108.4233,0.0000,0.0000,0.0000
660666.062,0.000000,1207.6136,1.764320026881e-13,1109.1531,0.0000,0.0000,0.0000
661579.528,0.000000,1207.6145,1.744668184879e-13,1109.8881,0.0000,0.0000,0.0000
662494.258,0.000000,1207.6152,1.725221663662e-13,1110.6288,0.0000,0.0000,0.0000
663410.251,0.000000,1207.6160,1.705978430354e-13,1111.3750,0.0000,0.0000,0.0000
664327.512,0.000000,1207.6167,1.686940788882e-13,1112.1270,0.0000,0.0000,0.0000
665246.040,0.000000,1207.6174,1.668100878781e-13,1112.8844,0.0000,0.0000,0.0000
666165.839,0.000000,1207.6182,1.649461546082e-13,1113.6478,0.0000,0.0000,0.0000
667086.909,0.000000,1207.6189,1.631017234249e-13,1114.4167,0.0000,0.0000,0.0000
668009.253,0.000000,1207.6196,1.612766045928e-13,1115.1918,0.0000,0.0000,0.0000
668932.872,0.000000,1207.6202,1.594709471897e-13,1115.9728,0.0000,0.0000,0.0000
669857.768,0.000000,1207.6210,1.576843717448e-13,1116.7595,0.0000,0.0000,0.0000
670783.943,0.000000,1207.6216,1.559168376006e-13,1117.5522,0.0000,0.0000,0.0000
671711.399,0.000000,1207.6223,1.541677755509e-13,1118.3511,0.0000,0.0000,0.0000
672640.137,0.000000,1207.6229,1.524374295412e-13,1119.1561,0.0000,0.0000,0.0000
673570.159,0.000000,1207.6235,1.507254743108e-13,1119.9669,0.0000,0.0000,0.0000
674501.467,0.000000,1207.6243,1.490314761789e-13,1120.7844,0.0000,0.0000,0.0000
675434.062,0.000000,1207.6249,1.473556519860e-13,1121.6078,0.0000,0.0000,0.0000
676367.947,0.000000,1207.6255,1.456978255491e-13,1122.4374,0.0000,0.0000,0.0000
677303.123,0.000000,1207.6261,1.440575360823e-13,1123.2736,0.0000,0.0000,0.0000
678239.593,0.000000,1207.6267,1.424348784534e-13,1124.1160,0.0000,0.0000,0.0000
679177.357,0.000000,1207.6273,1.408291072733e-13,1124.9650,0.0000,0.0000,0.0000
680116.417,0.000000,1207.6278,1.392409272735e-13,1125.8202,0.0000,0.0000,0.0000
681056.776,0.000000,1207.6284,1.376696743801e-13,1126.6820,0.0000,0.0000,0.0000
681998.435,0.000000,1207.6290,1.361152943830e-13,1127.5504,0.0000,0.0000,0.0000
682941.397,0.000000,1207.6295,1.345773942589e-13,1128.4254,0.0000,0.0000,0.0000
683885.662,0.000000,1207.6301,1.330561095331e-13,1129.3073,0.0000,0.0000,0.0000
684831.232,0.000000,1207.6306,1.315512369177e-13,1130.1954,0.0000,0.0000,0.0000
685778.110,0.000000,1207.6312,1.300624782570e-13,1131.0908,0.0000,0.0000,0.0000
686726.297,0.000000,1207.6317,1.285898335512e-13,1131.9929,0.0000,0.0000,0.0000
687675.795,0.000000,1207.6322,1.271329775395e-13,1132.9016,0.0000,0.0000,0.0000
688626.606,0.000000,1207.6327,1.256918424593e-13,1133.8175,0.0000,0.0000,0.0000
689578.732,0.000000,1207.6333,1.242661843651e-13,1134.7405,0.0000,0.0000,0.0000
690532.174,0.000000,1207.6338,1.228561523348e-13,1135.6703,0.0000,0.0000,0.0000
691486.934,0.000000,1207.6343,1.214611636095e-13,1136.6072,0.0000,0.0000,0.0000
692443.015,0.000000,1207.6348,1.200814621349e-13,1137.5511,0.0000,0.0000,0.0000
693400.417,0.000000,1207.6353,1.187166548877e-13,1138.5026,0.0000,0.0000,0.0000
694359.143,0.000000,1207.6356,1.173666605526e-13,1139.4611,0.0000,0.0000,0.0000
695319.195,0.000000,1207.6361,1.160312487368e-13,1140.4268,0.0000,0.0000,0.0000
696280.574,0.000000,1207.6366,1.147104736502e-13,1141.3998,0.0000,0.0000,0.0000
697243.282,0.000000,1207.6371,1.134039897036e-13,1142.3804,0.0000,0.0000,0.0000
698207.321,0.000000,1207.6375,1.121117426867e-13,1143.3684,0.0000,0.0000,0.0000
699172.694,0.000000,1207.6379,1.108335970744e-13,1144.3639,0.0000,0.0000,0.0000
700139.401,0.000000,1207.6383,1.095694308938e-13,1145.3668,0.0000,0.0000,0.0000
701107.444,0.000000,1207.6388,1.083190950672e-13,1146.3774,0.0000,0.0000,0.0000
702076.826,0.000000,1207.6392,1.070823456490e-13,1147.3958,0.0000,0.0000,0.0000
703047.549,0.000000,1207.6396,1.058591352055e-13,1148.4218,0.0000,0.0000,0.0000
704019.614,0.000000,1207.6400,1.046494637366e-13,1149.4557,0.0000,0.0000,0.0000
704993.022,0.000000,1207.6404,1.034530805206e-13,1150.4969,0.0000,0.0000,0.0000
705967.777,0.000000,1207.6409,1.022696331917e-13,1151.5465,0.0000,0.0000,0.0000
706943.879,0.000000,1207.6412,1.010993589193e-13,1152.6040,0.0000,0.0000,0.0000
707921.331,0.000000,1207.6416,9.994186467993e-14,1153.6693,0.0000,0.0000,0.0000
708900.134,0.000000,1207.6420,9.879724534138e-14,1154.7426,0.0000,0.0000,0.0000
709880.291,0.000000,1207.6423,9.766507399903e-14,1155.8241,0.0000,0.0000,0.0000
710861.803,0.000000,1207.6427,9.654544552056e-14,1156.9137,0.0000,0.0000,0.0000
711844.672,0.000000,1207.6431,9.543819727564e-14,1158.0115,0.0000,0.0000,0.0000
712828.899,0.000000,1207.6434,9.434328183044e-14,1159.1174,0.0000,0.0000,0.0000
713814.488,0.000000,1207.6438,9.326027905661e-14,1160.2318,0.0000,0.0000,0.0000
714801.440,0.000000,1207.6442,9.218936513700e-14,1161.3545,0.0000,0.0000,0.0000
715789.756,0.000000,1207.6444,9.113039099382e-14,1162.4857,0.0000,0.0000,0.0000
716779.438,0.000000,1207.6448,9.008317366794e-14,1163.6250,0.0000,0.0000,0.0000
717770.489,0.000000,1207.6451,8.904743533256e-14,1164.7733,0.0000,0.0000,0.0000
718762.910,0.000000,1207.6455,8.802327085538e-14,1165.9299,0.0000,0.0000,0.0000
719756.704,0.000000,1207.6458,8.701061247375e-14,1167.0950,0.0000,0.0000,0.0000
720751.871,0.000000,1207.6461,8.600910104571e-14,1168.2688,0.0000,0.0000,0.0000
721748.415,0.000000,1207.6464,8.501886532026e-14,1169.4514,0.0000,0.0000,0.0000
722746.336,0.000000,1207.6467,8.403964779939e-14,1170.6429,0.0000,0.0000,0.0000
723745.637,0.000000,1207.6470,8.307131295782e-14,1171.8431,0.0000,0.0000,0.0000
724746.320,0.000000,1207.6473,8.211382013798e-14,1173.0522,0.0000,0.0000,0.0000
725748.386,0.000000,1207.6476,8.116710835350e-14,1174.2701,0.0000,0.0000,0.0000
726751.838,0.000000,1207.6478,8.023096076393e-14,1175.4971,0.0000,0.0000,0.0000
727756.677,0.000000,1207.6482,7.930533671169e-14,1176.7332,0.0000,0.0000,0.0000
728762.905,0.000000,1207.6484,7.838999902757e-14,1177.9781,0.0000,0.0000,0.0000
729770.525,0.000000,1207.6487,7.748503580299e-14,1179.2327,0.0000,0.0000,0.0000
730779.538,0.000000,1207.6490,7.659014210609e-14,1180.4962,0.0000,0.0000,0.0000
731789.946,0.000000,1207.6493,7.570543313334e-14,1181.7689,0.0000,0.0000,0.0000
732801.751,0.000000,1207.6495,7.483066493926e-14,1183.0508,0.0000,0.0000,0.0000
733814.956,0.000000,1207.6498,7.396563423594e-14,1184.3423,0.0000,0.0000,0.0000
734829.561,0.000000,1207.6500,7.311049010118e-14,1185.6431,0.0000,0.0000,0.0000
735845.568,0.000000,1207.6503,7.226498181323e-14,1186.9534,0.0000,0.0000,0.0000
736862.981,0.000000,1207.6505,7.142895351803e-14,1188.2732,0.0000,0.0000,0.0000
737881.800,0.000000,1207.6508,7.060252041205e-14,1189.6023,0.0000,0.0000,0.0000
738902.028,0.000000,1207.6510,6.978537078718e-14,1190.9415,0.0000,0.0000,0.0000
739923.667,0.000000,1207.6512,6.897757918230e-14,1192.2897,0.0000,0.0000,0.0000
740946.718,0.000000,1207.6515,6.817880678425e-14,1193.6479,0.0000,0.0000,0.0000
741971.184,0.000000,1207.6517,6.738915523698e-14,1195.0161,0.0000,0.0000,0.0000
742997.066,0.000000,1207.6520,6.660849579147e-14,1196.3940,0.0000,0.0000,0.0000
744024.366,0.000000,1207.6522,6.583665226488e-14,1197.7819,0.0000,0.0000,0.0000
745053.087,0.000000,1207.6523,6.507371274863e-14,1199.1794,0.0000,0.0000,0.0000
746083.231,0.000000,1207.6526,6.431930454822e-14,1200.5870,0.0000,0.0000,0.0000
747114.798,0.000000,1207.6528,6.357367160915e-14,1202.0045,0.0000,0.0000,0.0000
748147.792,0.000000,1207.6531,6.283651577581e-14,1203.4320,0.0000,0.0000,0.0000
749182.215,0.000000,1207.6532,6.210772862799e-14,1204.8696,0.0000,0.0000,0.0000
750218.067,0.000000,1207.6534,6.138724917932e-14,1206.3176,0.0000,0.0000,0.0000
751255.352,0.000000,1207.6537,6.067502321969e-14,1207.7758,0.0000,0.0000,0.0000
752294.070,0.000000,1207.6538,5.997098298646e-14,1209.2441,0.0000,0.0000,0.0000
753334.226,0.000000,1207.6541,5.927505394073e-14,1210.7227,0.0000,0.0000,0.0000
754375.819,0.000000,1207.6542,5.858711410976e-14,1212.2113,0.0000,0.0000,0.0000
755418.852,0.000000,1207.6544,5.790704152081e-14,1213.7107,0.0000,0.0000,0.0000
756463.328,0.000000,1207.6545,5.723474808244e-14,1215.2205,0.0000,0.0000,0.0000
757509.247,0.000000,1207.6548,5.657017280829e-14,1216.7406,0.0000,0.0000,0.0000
758556.613,0.000000,1207.6549,5.591332925088e-14,1218.2712,0.0000,0.0000,0.0000
759605.427,0.000000,1207.6552,5.526405816802e-14,1219.8124,0.0000,0.0000,0.0000
760655.691,0.000000,1207.6553,5.462222064630e-14,1221.3643,0.0000,0.0000,0.0000
761707.407,0.000000,1207.6555,5.398782346199e-14,1222.9268,0.0000,0.0000,0.0000
762760.577,0.000000,1207.6556,5.336071414916e-14,1224.4996,0.0000,0.0000,0.0000
763815.204,0.000000,1207.6558,5.274094014166e-14,1226.0836,0.0000,0.0000,0.0000
764871.289,0.000000,1207.6560,5.212829815157e-14,1227.6781,0.0000,0.0000,0.0000
765928.833,0.000000,1207.6561,5.152267975868e-14,1229.2839,0.0000,0.0000,0.0000
766987.840,0.000000,1207.6562,5.092414594936e-14,1230.9000,0.0000,0.0000,0.0000
768048.312,0.000000,1207.6565,5.033253070515e-14,1232.5270,0.0000,0.0000,0.0000
769110.249,0.000000,1207.6566,4.974784757858e-14,1234.1652,0.0000,0.0000,0.0000
770173.655,0.000000,1207.6567,4.916990344614e-14,1235.8142,0.0000,0.0000,0.0000
771238.531,0.000000,1207.6569,4.859869153157e-14,1237.4741,0.0000,0.0000,0.0000
772304.880,0.000000,1207.6570,4.803415084849e-14,1239.1450,0.0000,0.0000,0.0000
773372.703,0.000000,1207.6572,4.747614248349e-14,1240.8273,0.0000,0.0000,0.0000
774442.002,0.000000,1207.6573,4.692469354165e-14,1242.5203,0.0000,0.0000,0.0000
775512.780,0.000000,1207.6575,4.637963461635e-14,1244.2245,0.0000,0.0000,0.0000
776585.038,0.000000,1207.6576,4.584093860256e-14,1245.9399,0.0000,0.0000,0.0000
777658.779,0.000000,1207.6577,4.530854790202e-14,1247.6669,0.0000,0.0000,0.0000
778734.004,0.000000,1207.6578,4.478237442332e-14,1249.4047,0.0000,0.0000,0.0000
779810.716,0.000000,1207.6580,4.426233685129e-14,1251.1539,0.0000,0.0000,0.0000
780888.917,0.000000,1207.6581,4.374845212658e-14,1252.9144,0.0000,0.0000,0.0000
781968.608,0.000000,1207.6582,4.324055761888e-14,1254.6859,0.0000,0.0000,0.0000
783049.793,0.000000,1207.6583,4.273863299939e-14,1256.4691,0.0000,0.0000,0.0000
784132.472,0.000000,1207.6584,4.224260711735e-14,1258.2634,0.0000,0.0000,0.0000
785216.648,0.000000,1207.6586,4.175237155253e-14,1260.0696,0.0000,0.0000,0.0000
786302.323,0.000000,1207.6587,4.126793985747e-14,1261.8865,0.0000,0.0000,0.0000
787389.500,0.000000,1207.6588,4.078922055261e-14,1263.7155,0.0000,0.0000,0.0000
788478.179,0.000000,1207.6589,4.031609505332e-14,1265.5554,0.0000,0.0000,0.0000
789568.364,0.000000,1207.6591,3.984855997149e-14,1267.4075,0.0000,0.0000,0.0000
790660.056,0.000000,1207.6592,3.938651027503e-14,1269.2709,0.0000,0.0000,0.0000
791753.258,0.000000,1207.6593,3.892998662151e-14,1271.1454,0.0000,0.0000,0.0000
792847.971,0.000000,1207.6594,3.847876200612e-14,1273.0320,0.0000,0.0000,0.0000
793944.197,0.000000,1207.6595,3.803291096774e-14,1274.9299,0.0000,0.0000,0.0000
795041.940,0.000000,1207.6597,3.759237252000e-14,1276.8392,0.0000,0.0000,0.0000
796141.200,0.000000,1207.6597,3.715702469017e-14,1278.7601,0.0000,0.0000,0.0000
797241.980,0.000000,1207.6598,3.672680987999e-14,1280.6932,0.0000,0.0000,0.0000
798344.282,0.000000,1207.6599,3.630172470135e-14,1282.6375,0.0000,0.0000,0.0000
799448.108,0.000000,1207.6600,3.588169461533e-14,1284.5936,0.0000,0.0000,0.0000
800553.460,0.000000,1207.6602,3.546657054414e-14,1286.5615,0.0000,0.0000,0.0000
801660.341,0.000000,1207.6602,3.505644396735e-14,1288.5410,0.0000,0.0000,0.0000
802768.752,0.000000,1207.6603,3.465117258340e-14,1290.5320,0.0000,0.0000,0.0000
803878.695,0.000000,1207.6604,3.425075978045e-14,1292.5344,0.0000,0.0000,0.0000
804990.174,0.000000,1207.6605,3.385507003320e-14,1294.5491,0.0000,0.0000,0.0000
806103.189,0.000000,1207.6605,3.346412028233e-14,1296.5751,0.0000,0.0000,0.0000
807217.743,0.000000,1207.6606,3.307782582454e-14,1298.6132,0.0000,0.0000,0.0000
808333.837,0.000000,1207.6608,3.269612906158e-14,1300.6626,0.0000,0.0000,0.0000
809451.476,0.000000,1207.6608,3.231900966467e-14,1302.7239,0.0000,0.0000,0.0000
810570.659,0.000000,1207.6609,3.194632533228e-14,1304.7974,0.0000,0.0000,0.0000
811691.390,0.000000,1207.6610,3.157814721516e-14,1306.8822,0.0000,0.0000,0.0000
812813.670,0.000000,1207.6610,3.121439399816e-14,1308.9785,0.0000,0.0000,0.0000
813937.502,0.000000,1207.6611,3.085497081359e-14,1311.0868,0.0000,0.0000,0.0000
815062.888,0.000000,1207.6613,3.049986749704e-14,1313.2064,0.0000,0.0000,0.0000
816189.830,0.000000,1207.6613,3.014897901644e-14,1315.3384,0.0000,0.0000,0.0000
817318.330,0.000000,1207.6614,2.980230198366e-14,1317.4816,0.0000,0.0000,0.0000
818448.391,0.000000,1207.6615,2.945982284616e-14,1319.6366,0.0000,0.0000,0.0000
819580.014,0.000000,1207.6615,2.912142301934e-14,1321.8032,0.0000,0.0000,0.0000
820713.201,0.000000,1207.6616,2.878708895066e-14,1323.9817,0.0000,0.0000,0.0000
821847.956,0.000000,1207.6616,2.845681047574e-14,1326.1715,0.0000,0.0000,0.0000
822984.279,0.000000,1207.6617,2.813044698710e-14,1328.3732,0.0000,0.0000,0.0000
824122.173,0.000000,1207.6617,2.780804591858e-14,1330.5864,0.0000,0.0000,0.0000
825261.641,0.000000,1207.6619,2.748951748470e-14,1332.8115,0.0000,0.0000,0.0000
826402.684,0.000000,1207.6619,2.717483119227e-14,1335.0480,0.0000,0.0000,0.0000
827545.305,0.000000,1207.6620,2.686393621931e-14,1337.2959,0.0000,0.0000,0.0000
828689.506,0.000000,1207.6621,2.655681393109e-14,1339.5554,0.0000,0.0000,0.0000
829835.289,0.000000,1207.6621,2.625337454213e-14,1341.8264,0.0000,0.0000,0.0000
830982.656,0.000000,1207.6622,2.595358586518e-14,1344.1091,0.0000,0.0000,0.0000
832131.609,0.000000,1207.6622,2.565741571297e-14,1346.4032,0.0000,0.0000,0.0000
833282.151,0.000000,1207.6622,2.536485392112e-14,1348.7085,0.0000,0.0000,0.0000
834434.284,0.000000,1207.6624,2.507580392787e-14,1351.0255,0.0000,0.0000,0.0000
835588.009,0.000000,1207.6624,2.479028097982e-14,1353.3535,0.0000,0.0000,0.0000
836743.330,0.000000,1207.6625,2.450818682113e-14,1355.6931,0.0000,0.0000,0.0000
837900.249,0.000000,1207.6625,2.422952822807e-14,1358.0441,0.0000,0.0000,0.0000
839058.766,0.000000,1207.6626,2.395424760241e-14,1360.4062,0.0000,0.0000,0.0000
840218.886,0.000000,1207.6626,2.368230767470e-14,1362.7794,0.0000,0.0000,0.0000
841380.610,0.000000,1207.6627,2.341363898822e-14,1365.1641,0.0000,0.0000,0.0000
842543.940,0.000000,1207.6627,2.314826187178e-14,1367.5597,0.0000,0.0000,0.0000
843708.878,0.000000,1207.6627,2.288610009241e-14,1369.9664,0.0000,0.0000,0.0000
844875.428,0.000000,1207.6628,2.262710113406e-14,1372.3844,0.0000,0.0000,0.0000
846043.590,0.000000,1207.6628,2.237126499674e-14,1374.8132,0.0000,0.0000,0.0000
847213.367,0.000000,1207.6630,2.211855102286e-14,1377.2531,0.0000,0.0000,0.0000
848384.762,0.000000,1207.6630,2.186888975572e-14,1379.7037,0.0000,0.0000,0.0000
849557.776,0.000000,1207.6630,2.162226594874e-14,1382.1653,0.0000,0.0000,0.0000
850732.412,0.000000,1207.6631,2.137868299003e-14,1384.6375,0.0000,0.0000,0.0000
851908.672,0.000000,1207.6631,2.113805109411e-14,1387.1204,0.0000,0.0000,0.0000
853086.559,0.000000,1207.6632,2.090032960339e-14,1389.6144,0.0000,0.0000,0.0000
854266.074,0.000000,1207.6632,2.066552190602e-14,1392.1185,0.0000,0.0000,0.0000
855447.220,0.000000,1207.6632,2.043359073254e-14,1394.6332,0.0000,0.0000,0.0000
856629.999,0.000000,1207.6633,2.020446662624e-14,1397.1587,0.0000,0.0000,0.0000
857814.414,0.000000,1207.6633,1.997815466932e-14,1399.6945,0.0000,0.0000,0.0000
859000.466,0.000000,1207.6633,1.975460742795e-14,1402.2404,0.0000,0.0000,0.0000
860188.158,0.000000,1207.6635,1.953378255047e-14,1404.7969,0.0000,0.0000,0.0000
861377.492,0.000000,1207.6635,1.931564276743e-14,1407.3636,0.0000,0.0000,0.0000
862568.471,0.000000,1207.6635,1.910019654917e-14,1409.9403,0.0000,0.0000,0.0000
863761.096,0.000000,1207.6636,1.888736088644e-14,1412.5272,0.0000,0.0000,0.0000
864955.370,0.000000,1207.6636,1.867715102586e-14,1415.1237,0.0000,0.0000,0.0000
866151.296,0.000000,1207.6636,1.846948395818e-14,1417.7306,0.0000,0.0000,0.0000
867348.875,0.000000,1207.6636,1.826438170626e-14,1420.3470,0.0000,0.0000,0.0000
868548.110,0.000000,1207.6637,1.806179006001e-14,1422.9733,0.0000,0.0000,0.0000
869749.003,0.000000,1207.6637,1.786167852622e-14,1425.6091,0.0000,0.0000,0.0000
870951.556,0.000000,1207.6637,1.766404710490e-14,1428.2543,0.0000,0.0000,0.0000
872155.772,0.000000,1207.6638,1.746879245803e-14,1430.9093,0.0000,0.0000,0.0000
873361.653,0.000000,1207.6638,1.727594846693e-14,1433.5736,0.0000,0.0000,0.0000
874569.202,0.000000,1207.6638,1.708547108588e-14,1436.2471,0.0000,0.0000,0.0000
875778.420,0.000000,1207.6638,1.689732812764e-14,1438.9298,0.0000,0.0000,0.0000
876989.310,0.000000,1207.6639,1.671150265154e-14,1441.6216,0.0000,0.0000,0.0000
878201.874,0.000000,1207.6639,1.652795908220e-14,1444.3221,0.0000,0.0000,0.0000
879416.115,0.000000,1207.6639,1.634664490357e-14,1447.0323,0.0000,0.0000,0.0000
880632.034,0.000000,1207.6639,1.616757028006e-14,1449.7506,0.0000,0.0000,0.0000
881849.635,0.000000,1207.6641,1.599070302441e-14,1452.4779,0.0000,0.0000,0.0000
883068.919,0.000000,1207.6641,1.581600078497e-14,1455.2135,0.0000,0.0000,0.0000
884289.889,0.000000,1207.6641,1.564344153889e-14,1457.9579,0.0000,0.0000,0.0000
885512.548,0.000000,1207.6641,1.547299479298e-14,1460.7107,0.0000,0.0000,0.0000
886736.896,0.000000,1207.6641,1.530467071164e-14,1463.4712,0.0000,0.0000,0.0000
887962.938,0.000000,1207.6642,1.513839814409e-14,1466.2401,0.0000,0.0000,0.0000
889190.675,0.000000,1207.6642,1.497416523188e-14,1469.0173,0.0000,0.0000,0.0000
890420.109,0.000000,1207.6642,1.481197197501e-14,1471.8020,0.0000,0.0000,0.0000
891651.243,0.000000,1207.6642,1.465176077524e-14,1474.5945,0.0000,0.0000,0.0000
892884.080,0.000000,1207.6643,1.449350452750e-14,1477.3954,0.0000,0.0000,0.0000
894118.621,0.000000,1207.6643,1.433722525467e-14,1480.2028,0.0000,0.0000,0.0000
895354.869,0.000000,1207.6643,1.418285011190e-14,1483.0181,0.0000,0.0000,0.0000
896592.826,0.000000,1207.6643,1.403036724074e-14,1485.8411,0.0000,0.0000,0.0000
897832.495,0.000000,1207.6643,1.387977155898e-14,1488.6708,0.0000,0.0000,0.0000
899073.878,0.000000,1207.6643,1.373103934970e-14,1491.5071,0.0000,0.0000,0.0000
900316.977,0.000000,1207.6644,1.358412995533e-14,1494.3508,0.0000,0.0000,0.0000
901561.795,0.000000,1207.6644,1.343901118861e-14,1497.2015,0.0000,0.0000,0.0000
902808.334,0.000000,1207.6644,1.329569914316e-14,1500.0582,0.0000,0.0000,0.0000
904056.597,0.000000,1207.6644,1.315415400845e-14,1502.9216,0.0000,0.0000,0.0000
905306.585,0.000000,1207.6644,1.301434275017e-14,1505.7916,0.0000,0.0000,0.0000
906558.302,0.000000,1207.6646,1.287624080439e-14,1508.6678,0.0000,0.0000,0.0000
907811.750,0.000000,1207.6646,1.273983715966e-14,1511.5502,0.0000,0.0000,0.0000
909066.931,0.000000,1207.6646,1.260512334566e-14,1514.4382,0.0000,0.0000,0.0000
910323.847,0.000000,1207.6646,1.247207564547e-14,1517.3318,0.0000,0.0000,0.0000
911582.501,0.000000,1207.6646,1.234066187184e-14,1520.2311,0.0000,0.0000,0.0000
912842.895,0.000000,1207.6646,1.221084814344e-14,1523.1365,0.0000,0.0000,0.0000
914105.032,0.000000,1207.6646,1.208266071830e-14,1526.0464,0.0000,0.0000,0.0000
915368.914,0.000000,1207.6647,1.195604369225e-14,1528.9618,0.0000,0.0000,0.0000
916634.543,0.000000,1207.6647,1.183096487803e-14,1531.8826,0.0000,0.0000,0.0000
917901.923,0.000000,1207.6647,1.170742342860e-14,1534.8081,0.0000,0.0000,0.0000
919171.055,0.000000,1207.6647,1.158542357914e-14,1537.7380,0.0000,0.0000,0.0000
920441.941,0.000000,1207.6647,1.146490942548e-14,1540.6727,0.0000,0.0000,0.0000
921714.585,0.000000,1207.6647,1.134588774386e-14,1543.6117,0.0000,0.0000,0.0000
922988.988,0.000000,1207.6647,1.122832550001e-14,1546.5551,0.0000,0.0000,0.0000
924265.154,0.000000,1207.6648,1.111220236514e-14,1549.5024,0.0000,0.0000,0.0000
925543.083,0.000000,1207.6648,1.099750309265e-14,1552.4542,0.0000,0.0000,0.0000
926822.780,0.000000,1207.6648,1.088422683552e-14,1555.4094,0.0000,0.0000,0.0000
928104.246,0.000000,1207.6648,1.077232785395e-14,1558.3684,0.0000,0.0000,0.0000
929387.484,0.000000,1207.6648,1.066181885346e-14,1561.3303,0.0000,0.0000,0.0000
930672.496,0.000000,1207.6648,1.055265494128e-14,1564.2958,0.0000,0.0000,0.0000
931959.285,0.000000,1207.6648,1.044483611743e-14,1567.2644,0.0000,0.0000,0.0000
933247.853,0.000000,1207.6648,1.033833612387e-14,1570.2362,0.0000,0.0000,0.0000
934538.203,0.000000,1207.6648,1.023314479622e-14,1573.2104,0.0000,0.0000,0.0000
935830.337,0.000000,1207.6649,1.012924604084e-14,1576.1874,0.0000,0.0000,0.0000
937124.257,0.000000,1207.6649,1.002661868192e-14,1579.1669,0.0000,0.0000,0.0000
938419.967,0.000000,1207.6649,9.925239849559e-15,1582.1486,0.0000,0.0000,0.0000
939717.468,0.000000,1207.6649,9.825119708161e-15,1585.1322,0.0000,0.0000,0.0000
941016.763,0.000000,1207.6649,9.726216753107e-15,1588.1182,0.0000,0.0000,0.0000
942317.854,0.000000,1207.6649,9.628532678465e-15,1591.1052,0.0000,0.0000,0.0000
943620.744,0.000000,1207.6649,9.532048849510e-15,1594.0940,0.0000,0.0000,0.0000
944925.436,0.000000,1207.6649,9.436724608658e-15,1597.0845,0.0000,0.0000,0.0000
946231.932,0.000000,1207.6649,9.342579437670e-15,1600.0763,0.0000,0.0000,0.0000
947540.234,0.000000,1207.6649,9.249588772589e-15,1603.0686,0.0000,0.0000,0.0000
948850.345,0.000000,1207.6650,9.157726355393e-15,1606.0621,0.0000,0.0000,0.0000
950162.267,0.000000,1207.6650,9.066984562787e-15,1609.0565,0.0000,0.0000,0.0000
951476.004,0.000000,1207.6650,8.977359159605e-15,1612.0510,0.0000,0.0000,0.0000
952791.556,0.000000,1207.6650,8.888823887826e-15,1615.0461,0.0000,0.0000,0.0000
954108.928,0.000000,1207.6650,8.801366888989e-15,1618.0408,0.0000,0.0000,0.0000
955428.121,0.000000,1207.6650,8.714979692764e-15,1621.0361,0.0000,0.0000,0.0000
956749.138,0.000000,1207.6650,8.629635194098e-15,1624.0314,0.0000,0.0000,0.0000
958071.982,0.000000,1207.6650,8.545341016286e-15,1627.0258,0.0000,0.0000,0.0000
959396.655,0.000000,1207.6650,8.462064125044e-15,1630.0197,0.0000,0.0000,0.0000
960723.159,0.000000,1207.6650,8.379805367404e-15,1633.0128,0.0000,0.0000,0.0000
962051.497,0.000000,1207.6650,8.298552884906e-15,1636.0052,0.0000,0.0000,0.0000
963381.672,0.000000,1207.6650,8.218280419527e-15,1638.9962,0.0000,0.0000,0.0000
964713.686,0.000000,1207.6652,8.138970183577e-15,1641.9866,0.0000,0.0000,0.0000
966047.542,0.000000,1207.6652,8.060631494417e-15,1644.9751,0.0000,0.0000,0.0000
967383.242,0.000000,1207.6652,7.983250799521e-15,1647.9615,0.0000,0.0000,0.0000
968720.789,0.000000,1207.6652,7.906799299768e-15,1650.9464,0.0000,0.0000,0.0000
970060.185,0.000000,1207.6652,7.831270218894e-15,1653.9297,0.0000,0.0000,0.0000
971401.433,0.000000,1207.6652,7.756655086570e-15,1656.9105,0.0000,0.0000,0.0000
972744.536,0.000000,1207.6652,7.682952208731e-15,1659.8888,0.0000,0.0000,0.0000
974089.495,0.000000,1207.6652,7.610129398124e-15,1662.8647,0.0000,0.0000,0.0000
975436.314,0.000000,1207.6652,7.538186654749e-15,1665.8379,0.0000,0.0000,0.0000
976784.996,0.000000,1207.6652,7.467115508276e-15,1668.8080,0.0000,0.0000,0.0000
978135.542,0.000000,1207.6652,7.396899865081e-15,1671.7755,0.0000,0.0000,0.0000
979487.955,0.000000,1207.6652,7.327524478569e-15,1674.7394,0.0000,0.0000,0.0000
980842.239,0.000000,1207.6652,7.258991042806e-15,1677.6998,0.0000,0.0000,0.0000
982198.395,0.000000,1207.6652,7.191275840871e-15,1680.6567,0.0000,0.0000,0.0000
983556.425,0.000000,1207.6652,7.124382260895e-15,1683.6097,0.0000,0.0000,0.0000
984916.334,0.000000,1207.6652,7.058277268592e-15,1686.5592,0.0000,0.0000,0.0000
986278.123,0.000000,1207.6652,6.992971875392e-15,1689.5043,0.0000,0.0000,0.0000
987641.795,0.000000,1207.6653,6.928447023052e-15,1692.4451,0.0000,0.0000,0.0000
989007.352,0.000000,1207.6653,6.864689582563e-15,1695.3817,0.0000,0.0000,0.0000
990374.797,0.000000,1207.6653,6.801701247990e-15,1698.3131,0.0000,0.0000,0.0000
991744.133,0.000000,1207.6653,6.739461690542e-15,1701.2400,0.0000,0.0000,0.0000
993115.362,0.000000,1207.6653,6.677963710440e-15,1704.1620,0.0000,0.0000,0.0000
994488.488,0.000000,1207.6653,6.617200107902e-15,1707.0785,0.0000,0.0000,0.0000
995863.511,0.000000,1207.6653,6.557157330403e-15,1709.9901,0.0000,0.0000,0.0000
997240.436,0.000000,1207.6653,6.497829872228e-15,1712.8960,0.0000,0.0000,0.0000
998619.265,0.000000,1207.6653,6.439207145465e-15,1715.7963,0.0000,0.0000,0.0000
1000000.000,0.000000,1207.6653,6.381282373851e-15,1718.6904,0.0000,0.0000,0.0000
